source,target,distance,travel_time
AAP,BOP,1.0,0.75
AAP,HRN,1.43,1.07
AAP,NSG,2.37,1.78
AAP,PAL,2.38,1.78
AAT,ACN,10.03,7.52
AAT,LCC,6.36,4.77
ABA,CMH,2.5,1.88
ABC,FRS,11.71,8.78
ABC,SCT,13.8,10.35
ABD,DYC,9.01,6.76
ABD,MTS,52.98,39.74
ABD,PLN,9.25,6.94
ABD,STN,21.07,15.8
ABE,CPH,0.87,0.65
ABE,ECP,0.98,0.74
ABE,LNB,3.15,2.36
ABH,PNC,2.43,1.82
ABH,PWL,3.09,2.32
ABW,BNH,4.03,3.02
ABW,BVD,2.2,1.65
ABW,PLU,2.5,1.88
ABW,SGR,5.49,4.12
ABW,WWC,3.36,2.52
ABY,BLV,1.38,1.03
ABY,GTO,1.82,1.36
ABY,GUI,5.35,4.01
ABY,MAN,2.37,1.78
ACB,HTF,4.23,3.17
ACB,RUN,12.16,9.12
ACC,SAT,1.11,0.83
ACC,WIJ,2.95,2.21
ACG,BMO,5.98,4.49
ACG,OLT,1.56,1.17
ACG,TYS,1.46,1.1
ACH,ACN,18.94,14.21
ACH,STC,8.74,6.56
ACK,ALM,9.54,7.15
ACK,WDD,7.65,5.74
ACL,GYM,12.21,9.16
ACL,LGD,3.9,2.92
ACN,AAT,10.03,7.52
ACN,ACH,18.94,14.21
ACR,BBN,7.22,5.42
ACR,BYM,8.71,6.53
ACR,CTW,1.41,1.06
ACR,HCT,2.64,1.98
ACR,RSG,6.87,5.15
ACT,BAG,4.74,3.56
ACT,MAO,3.39,2.54
ACT,SNG,3.37,2.53
ACY,PER,3.61,2.71
ACY,PPD,5.14,3.86
ACY,QYD,1.8,1.35
ADC,PRB,3.02,2.26
ADC,PYT,3.43,2.57
ADD,BHM,2.92,2.19
ADD,SCF,3.05,2.29
ADK,ABY,1.3,0.98
ADL,BLK,3.25,2.44
ADL,CRL,4.67,3.5
ADM,AYH,1.71,1.28
ADM,BKS,4.89,3.67
ADN,ADS,0.53,0.4
ADN,ASB,0.74,0.55
ADR,CBS,2.85,2.14
ADR,COA,1.38,1.03
ADR,DRU,1.81,1.36
ADS,ADN,0.53,0.4
ADV,BSK,28.9,21.67
ADV,GRT,10.08,7.56
ADV,SAL,26.96,20.22
ADV,WCH,11.11,8.33
ADW,BRC,4.24,3.18
ADW,WCL,2.72,2.04
AFK,CBW,20.9,15.68
AFK,CHG,9.34,7.0
AFK,EBD,50.98,38.24
AFK,FKW,20.48,15.36
AFK,HCN,17.52,13.14
AFK,HMT,8.51,6.38
AFK,PLC,9.1,6.82
AFK,SFA,75.97,56.98
AFK,WHA,12.52,9.39
AFK,WYE,5.9,4.43
AFS,FEL,4.23,3.17
AFS,SNS,2.47,1.85
AFV,LTM,1.93,1.45
AFV,SAS,2.71,2.03
AGL,CWB,9.5,7.12
AGL,RHL,6.76,5.07
AGS,BDG,1.8,1.35
AGS,GLC,0.51,0.38
AGS,RUT,3.83,2.87
AGT,HOV,0.75,0.56
AGT,PLD,1.7,1.27
AGV,CWM,17.81,13.36
AGV,HFD,34.16,25.62
AGV,NWP,25.25,18.94
AGV,PPL,13.21,9.91
AHD,EPS,3.3,2.47
AHD,LHD,2.74,2.06
AHN,MCV,9.88,7.41
AHN,SYB,2.22,1.67
AHS,CWN,4.22,3.16
AHS,ERI,5.58,4.19
AHT,AHV,3.92,2.94
AHT,ASH,3.3,2.47
AHT,FNH,4.46,3.34
AHV,AHT,3.92,2.94
AHV,BKO,6.93,5.2
AHV,FML,4.75,3.56
AIG,CSG,1.2,0.9
AIG,STM,2.1,1.58
AIN,OPK,1.42,1.06
AIN,ORN,1.48,1.11
AIR,HNC,2.99,2.24
AIR,MTH,0.98,0.74
ALB,COS,2.63,1.97
ALB,CSL,4.68,3.51
ALD,CEL,4.64,3.48
ALD,HCH,13.92,10.44
ALD,WML,2.66,2.0
ALF,CHD,15.69,11.77
ALF,ILN,14.36,10.77
ALF,LGM,9.52,7.14
ALF,NOT,22.65,16.99
ALK,BIN,3.6,2.7
ALK,BTF,6.91,5.18
ALK,ELO,2.89,2.17
ALK,GRA,17.88,13.41
ALM,ACK,9.54,7.15
ALM,BWK,48.61,36.46
ALM,CHT,16.64,12.48
ALM,DUN,86.95,65.21
ALM,EDB,115.53,86.65
ALM,MPT,25.74,19.3
ALM,NCL,47.2,35.4
ALN,BUU,4.53,3.4
ALN,NFA,4.89,3.67
ALO,STG,9.03,6.77
ALP,CWE,5.62,4.22
ALP,SCU,5.39,4.04
ALR,GRB,4.71,3.53
ALR,WIV,2.8,2.1
ALT,HAL,0.97,0.73
ALT,NVR,0.92,0.69
ALV,BTG,2.37,1.78
ALV,RDC,4.68,3.51
ALW,DND,6.77,5.08
ALW,EAG,1.08,0.81
ALX,BHC,2.02,1.52
ALX,RTN,1.72,1.29
AMB,BLP,4.0,3.0
AMB,WTS,2.97,2.23
AMF,LLI,2.83,2.12
AMF,PTF,1.9,1.42
AML,EAL,2.37,1.78
AML,PAD,6.28,4.71
AMR,CFO,3.32,2.49
AMR,GMN,7.72,5.79
AMT,MDG,2.78,2.08
AMT,THA,7.3,5.48
AMT,THE,5.64,4.23
AMY,ARU,5.4,4.05
AMY,BAA,10.03,7.52
AMY,PUL,6.98,5.24
ANC,GRA,11.55,8.66
ANC,RAU,5.3,3.98
AND,EXG,0.75,0.56
AND,GLC,0.89,0.67
ANF,BCU,8.76,6.57
ANF,BEU,4.16,3.12
ANF,TTN,4.42,3.32
ANG,BAA,10.68,8.01
ANG,FOD,6.43,4.82
ANG,GBS,3.96,2.97
ANG,LIT,4.04,3.03
ANG,WRH,7.96,5.97
ANL,HYN,1.17,0.88
ANL,KVD,0.87,0.65
ANL,WES,1.89,1.42
ANN,DMF,23.92,17.94
ANN,GEA,12.79,9.59
ANS,FRE,4.42,3.32
ANS,HIL,2.55,1.91
ANZ,CYP,0.73,0.55
ANZ,NWD,1.9,1.42
ANZ,PNW,0.61,0.46
AON,BTY,7.62,5.72
AON,FNH,13.87,10.4
APB,GST,2.7,2.03
APB,PBL,3.66,2.74
APD,HMT,4.73,3.55
APD,RYE,10.81,8.11
APF,CUM,1.62,1.22
APF,DID,3.19,2.39
APG,RID,2.65,1.99
APG,WOB,1.53,1.15
APP,KSW,15.88,11.91
APP,LGW,17.05,12.79
APS,HML,2.21,1.66
APS,KGL,3.37,2.53
APS,WFJ,8.94,6.7
APY,KLF,5.88,4.41
APY,SHY,4.71,3.53
ARB,BYF,20.25,15.19
ARB,CAN,9.76,7.32
ARB,DEE,26.12,19.59
ARB,MTS,18.48,13.86
ARB,STN,50.43,37.82
ARD,CUA,4.94,3.71
ARD,TAI,19.82,14.86
ARG,BSL,4.79,3.59
ARG,MRR,6.44,4.83
ARL,BIW,6.53,4.9
ARL,HIT,8.09,6.07
ARM,BHG,3.09,2.32
ARM,BKR,4.09,3.07
ARN,GOS,4.94,3.71
ARN,SVR,3.9,2.92
ARR,BEV,4.71,3.53
ARR,HUT,7.92,5.94
ART,AUI,10.9,8.18
ART,GCH,15.21,11.41
ARU,AMY,5.4,4.05
ARU,FOD,3.08,2.31
ASB,ADN,0.74,0.55
ASB,SLT,1.35,1.01
ASB,WKB,6.86,5.14
ASC,CNM,11.34,8.5
ASC,WOP,17.79,13.34
ASC,WOS,22.81,17.11
ASF,GLQ,2.96,2.22
ASF,PPK,0.57,0.43
ASG,CRE,8.98,6.74
ASG,KDG,3.66,2.74
ASH,AHT,3.3,2.47
ASH,GLD,9.32,6.99
ASH,NCM,3.18,2.39
ASH,WAN,3.2,2.4
ASK,BIF,7.92,5.94
ASK,KBF,4.92,3.69
ASK,MLM,4.96,3.72
ASN,BFN,2.59,1.94
ASN,CHY,2.35,1.76
ASN,WYB,2.24,1.68
ASP,MRY,11.74,8.8
ASP,WGT,13.26,9.94
ASS,DIN,15.16,11.37
ASS,IGD,4.46,3.34
AST,BHM,3.5,2.62
AST,DUD,1.87,1.4
AST,GVH,1.7,1.27
AST,WTT,1.14,0.86
ASY,HAL,2.56,1.92
ASY,MOB,2.94,2.2
ATB,BEE,2.25,1.69
ATB,EMD,5.19,3.89
ATB,LGE,4.49,3.37
ATH,NUN,8.39,6.29
ATH,TAM,11.15,8.36
ATL,ECS,6.0,4.5
ATL,SPN,4.9,3.68
ATL,TTF,21.58,16.18
ATL,WMD,8.54,6.4
ATN,DSY,2.75,2.06
ATN,HGF,1.23,0.92
ATN,WKD,5.51,4.13
ATT,STC,3.53,2.65
ATT,STF,7.3,5.48
AUD,BIS,15.59,11.69
AUD,CBG,21.68,16.26
AUD,GRC,6.23,4.67
AUD,NWE,2.79,2.09
AUD,SSD,13.4,10.05
AUD,WLF,11.39,8.54
AUG,OMS,1.83,1.37
AUG,TWN,1.44,1.08
AUI,ART,10.9,8.18
AUI,CNR,11.72,8.79
AUK,KMK,20.31,15.23
AUK,NCK,10.27,7.7
AUR,BTS,4.19,3.14
AUR,DAG,4.4,3.3
AVF,BOA,2.1,1.58
AVF,FFD,1.39,1.04
AVM,CAG,10.06,7.54
AVM,INV,40.12,30.09
AVM,KIN,18.33,13.75
AVN,SAR,1.41,1.06
AVN,SHH,2.22,1.67
AVP,AYS,3.66,2.74
AVY,PHG,1.5,1.12
AVY,TYW,5.25,3.94
AWK,BYK,3.81,2.86
AWK,SES,7.24,5.43
AWM,BDK,6.79,5.09
AWM,LET,9.94,7.46
AWM,RYS,6.19,4.64
AWT,CAR,13.79,10.34
AWT,LZB,7.92,5.94
AXM,CKN,19.02,14.26
AXM,HON,12.92,9.69
AXP,BNL,1.74,1.3
AXP,DST,0.59,0.44
AYH,ADM,1.71,1.28
AYH,CBE,10.66,8.0
AYH,SWO,1.36,1.02
AYL,MDB,4.27,3.2
AYL,NHE,1.52,1.14
AYP,BXY,1.61,1.21
AYP,SID,1.61,1.21
AYR,MAY,12.09,9.07
AYR,NOA,1.76,1.32
AYR,PTW,4.89,3.67
AYS,AVP,3.66,2.74
AYS,LTK,6.87,5.15
AYS,SKM,3.6,2.7
AYW,BOW,4.39,3.29
BAA,ANG,10.68,8.01
BAA,BOG,5.56,4.17
BAA,CCH,9.98,7.48
BAA,FOD,4.29,3.22
BAA,HAV,24.16,18.12
BAA,HRH,34.47,25.85
BAA,LIT,6.98,5.24
BAB,HHE,6.01,4.51
BAB,TBD,7.04,5.28
BAC,CPU,6.56,4.92
BAC,CTR,1.61,1.21
BAC,HOO,11.28,8.46
BAD,BLM,1.9,1.42
BAD,EPD,1.9,1.42
BAG,ACT,4.74,3.56
BAG,CAM,4.98,3.74
BAH,BOT,1.21,0.91
BAH,SDL,0.91,0.68
BAI,CBS,0.87,0.65
BAI,EST,4.13,3.1
BAI,SLS,7.5,5.62
BAJ,BNF,2.55,1.91
BAJ,PTA,3.36,2.52
BAK,CLJ,2.12,1.59
BAK,VIC,2.01,1.51
BAL,CLJ,2.64,1.98
BAL,MTC,3.87,2.9
BAL,SRC,2.95,2.21
BAL,SRH,1.77,1.33
BAL,WSW,0.83,0.62
BAM,HOP,2.73,2.05
BAM,HSG,2.92,2.19
BAN,BCS,21.27,15.95
BAN,KGS,5.4,4.05
BAN,LMS,28.69,21.52
BAN,OXF,34.36,25.77
BAR,LAN,3.5,2.62
BAR,MCM,2.29,1.72
BAS,BFE,4.08,3.06
BAS,CSK,1.46,1.1
BAT,CWU,2.75,2.06
BAT,RBR,8.21,6.16
BAT,SLQ,7.85,5.89
BAT,WAD,21.92,16.44
BAT,WLD,7.37,5.53
BAU,BAV,3.53,2.65
BAV,BAU,3.53,2.65
BAV,NHL,2.12,1.59
BAW,FNN,4.07,3.05
BAW,NCM,7.0,5.25
BAW,SND,2.48,1.86
BAW,WKM,9.94,7.46
BAY,CUF,5.54,4.16
BAY,HFN,4.58,3.44
BBG,GLQ,4.89,3.67
BBG,LNZ,4.83,3.62
BBK,CSL,1.13,0.85
BBK,WVH,6.01,4.51
BBL,OTF,2.61,1.96
BBL,SEV,1.68,1.26
BBN,ACR,7.22,5.42
BBN,CTW,5.82,4.36
BBN,DWN,5.47,4.1
BBN,MLH,1.93,1.45
BBN,PRE,15.1,11.32
BBN,RGW,3.73,2.8
BBN,RIS,4.32,3.24
BBW,HOY,1.65,1.24
BBW,LCK,1.58,1.18
BCB,HSC,2.65,1.99
BCB,MEC,9.92,7.44
BCB,NLN,1.83,1.37
BCB,PBL,4.96,3.72
BCC,BRP,7.23,5.42
BCC,OUS,9.47,7.1
BCE,MAO,1.97,1.48
BCE,WKM,6.31,4.73
BCF,GER,6.6,4.95
BCF,HWY,7.3,5.48
BCF,MYB,34.64,25.98
BCF,SRG,2.52,1.89
BCG,RHI,0.73,0.55
BCG,TGS,0.48,0.36
BCH,HNB,12.84,9.63
BCH,MAR,4.98,3.74
BCH,WGA,2.6,1.95
BCJ,OMS,4.25,3.19
BCJ,RUF,4.66,3.5
BCK,HWD,2.95,2.21
BCK,PNF,2.22,1.67
BCN,DFR,1.79,1.34
BCN,INP,5.76,4.32
BCS,BAN,21.27,15.95
BCS,HDM,20.55,15.41
BCS,HWY,41.3,30.98
BCS,KGS,15.87,11.9
BCS,PRR,29.51,22.13
BCU,ANF,8.76,6.57
BCU,BEU,6.43,4.82
BCU,BMH,22.71,17.03
BCU,LYT,6.73,5.05
BCU,NWM,9.02,6.76
BCU,SOU,15.09,11.32
BCU,SWY,4.4,3.3
BCV,SVS,1.22,0.92
BCV,WHL,1.34,1.01
BCY,HPA,1.68,1.26
BCY,NXG,1.19,0.89
BDA,BGA,1.43,1.07
BDA,BUC,3.23,2.42
BDA,CNY,6.78,5.08
BDA,LGD,3.43,2.57
BDA,NRW,8.98,6.74
BDB,DTG,3.2,2.4
BDB,GLO,4.48,3.36
BDB,HTY,1.65,1.24
BDG,AGS,1.8,1.35
BDG,DAK,0.93,0.7
BDG,GLC,2.31,1.73
BDG,RUT,2.22,1.67
BDH,CSA,5.21,3.91
BDH,FTN,8.44,6.33
BDH,HAV,1.0,0.75
BDH,HLS,5.26,3.94
BDI,HFX,10.46,7.85
BDI,LMR,4.57,3.43
BDI,NPD,4.76,3.57
BDK,AWM,6.79,5.09
BDK,LET,3.2,2.4
BDK,RYS,12.87,9.65
BDL,HIL,1.43,1.07
BDL,SOP,1.66,1.24
BDM,BSJ,1.1,0.82
BDM,FLT,14.78,11.08
BDM,LTN,29.84,22.38
BDM,LUT,28.59,21.44
BDM,STP,71.62,53.72
BDM,WEL,22.98,17.24
BDN,RYR,5.27,3.95
BDN,SAB,3.83,2.87
BDN,SAN,2.92,2.19
BDQ,FZH,2.72,2.04
BDQ,SHY,4.2,3.15
BDS,PAD,22.63,16.97
BDS,TCR,19.42,14.57
BDT,BEM,5.05,3.79
BDT,DRF,17.94,13.46
BDT,NFN,14.7,11.02
BDW,HGD,7.17,5.38
BDW,PEW,12.64,9.48
BDY,BNT,1.66,1.24
BDY,RML,1.68,1.26
BEA,DBL,3.29,2.47
BEA,STG,4.31,3.23
BEB,PSL,1.01,0.76
BEB,RFY,1.76,1.32
BEC,BGM,1.04,0.78
BEC,BKJ,1.65,1.24
BEC,RVB,1.39,1.04
BEE,ATB,2.25,1.69
BEE,DBY,17.14,12.86
BEE,EMD,7.35,5.51
BEE,LGE,6.7,5.03
BEE,NOT,5.02,3.76
BEF,BSO,7.74,5.8
BEF,LES,5.45,4.09
BEF,PSE,4.25,3.19
BEG,PDW,2.69,2.02
BEG,YAL,2.5,1.88
BEH,BEP,2.83,2.12
BEH,CAA,3.96,2.97
BEL,INV,14.76,11.07
BEL,MOO,4.45,3.34
BEM,BDT,5.05,3.79
BEM,HUB,10.14,7.6
BEN,CPY,6.69,5.02
BEN,WNN,5.03,3.77
BEP,BEH,2.83,2.12
BEP,NUN,2.53,1.9
BER,CLV,5.16,3.87
BER,WMC,2.47,1.85
BES,MEC,4.73,3.55
BES,NLN,3.39,2.54
BET,CBH,0.85,0.64
BET,HAC,2.7,2.03
BET,LST,1.7,1.27
BEU,ANF,4.16,3.12
BEU,BCU,6.43,4.82
BEV,ARR,4.71,3.53
BEV,CGM,6.84,5.13
BEV,DRF,17.73,13.3
BEV,HUT,12.63,9.47
BEX,CLL,1.36,1.02
BEX,EBN,15.9,11.92
BEX,HMD,14.75,11.06
BEX,SLQ,6.09,4.57
BEY,BUW,3.49,2.62
BEY,ILK,1.62,1.22
BFD,KWB,1.41,1.06
BFD,SYL,1.3,0.98
BFE,BAS,4.08,3.06
BFE,SBV,5.43,4.07
BFF,RMB,5.66,4.24
BFN,ASN,2.59,1.94
BFN,WBY,2.05,1.54
BFN,WYB,2.12,1.59
BFR,CTK,0.24,0.18
BFR,ECR,15.24,11.43
BFR,EPH,1.99,1.49
BFR,LBG,1.47,1.1
BFR,STP,2.6,1.95
BFR,ZFD,0.98,0.74
BGA,BDA,1.43,1.07
BGA,NRW,7.58,5.68
BGD,BHD,2.0,1.5
BGD,GFF,0.92,0.69
BGD,PGM,2.43,1.82
BGE,LIV,5.59,4.19
BGE,ROB,2.53,1.9
BGE,WAV,1.99,1.49
BGH,HFX,5.52,4.14
BGH,HUD,5.55,4.16
BGH,LDS,18.67,14.0
BGH,LMR,6.02,4.51
BGH,MCV,38.53,28.9
BGH,MIR,6.49,4.87
BGH,SOW,8.46,6.35
BGI,BIO,2.78,2.08
BGI,KWD,1.48,1.11
BGL,LUX,3.32,2.49
BGL,ROC,3.4,2.55
BGM,BEC,1.04,0.78
BGM,BMS,4.64,3.48
BGM,CTF,1.24,0.93
BGN,CDF,27.64,20.73
BGN,LWM,12.61,9.46
BGN,NNP,26.12,19.59
BGN,PCD,5.54,4.16
BGN,PTA,17.09,12.82
BGN,PYL,8.75,6.56
BGN,WMI,1.57,1.18
BGS,CDY,1.38,1.03
BGS,PTG,1.4,1.05
BGV,BKG,3.31,2.48
BHC,ALX,2.02,1.52
BHD,BGD,2.0,1.5
BHD,TIR,1.69,1.27
BHG,ARM,3.09,2.32
BHG,DRU,19.88,14.91
BHG,LSN,6.03,4.52
BHI,BHM,12.08,9.06
BHI,COV,15.44,11.58
BHI,HIA,2.99,2.24
BHI,MGN,2.72,2.04
BHI,THL,10.72,8.04
BHK,EDR,1.93,1.45
BHK,ENF,1.28,0.96
BHM,ADD,2.92,2.19
BHM,AST,3.5,2.62
BHM,BHI,12.08,9.06
BHM,BUT,40.33,30.25
BHM,CEH,13.57,10.18
BHM,CNM,66.04,49.53
BHM,DBY,56.87,42.65
BHM,DUD,2.15,1.61
BHM,FWY,1.26,0.94
BHM,GCR,72.0,54.0
BHM,LMS,32.69,24.52
BHM,MGN,9.75,7.31
BHM,SAD,8.39,6.29
BHM,SCF,5.96,4.47
BHM,SGB,6.15,4.61
BHM,SMR,5.3,3.98
BHM,TAB,9.84,7.38
BHM,TAM,22.72,17.04
BHM,UNI,3.97,2.98
BHM,WNE,20.9,15.68
BHM,WOP,40.07,30.05
BHM,WTO,11.43,8.57
BHM,WVH,19.31,14.48
BHO,STO,2.21,1.66
BHO,WMW,1.31,0.98
BHR,CIM,2.9,2.17
BHR,LLO,8.76,6.57
BHS,HOY,1.42,1.06
BHS,SSM,3.11,2.33
BIA,SHD,4.28,3.21
BIC,SNF,6.13,4.6
BIC,WIC,7.11,5.33
BID,BKN,1.48,1.11
BID,LSW,1.4,1.05
BID,UPT,2.59,1.94
BIF,ASK,7.92,5.94
BIF,ROO,2.1,1.58
BIG,CHH,7.24,5.43
BIG,PUL,7.93,5.95
BIL,SEC,7.66,5.74
BIL,STK,4.78,3.59
BIN,ALK,3.6,2.7
BIN,BTF,10.51,7.88
BIN,NOT,13.08,9.81
BIN,RDF,5.7,4.28
BIN,SLR,36.57,27.43
BIO,BGI,2.78,2.08
BIO,MTV,1.48,1.11
BIP,NVH,2.23,1.67
BIP,NVN,2.55,1.91
BIP,SEF,1.47,1.1
BIS,AUD,15.59,11.69
BIS,HWN,10.66,8.0
BIS,NWE,13.05,9.79
BIS,SAW,5.83,4.37
BIS,SED,31.43,23.57
BIS,SSD,7.02,5.26
BIS,SST,4.53,3.4
BIS,TOM,34.62,25.96
BIT,HDM,19.66,14.74
BIT,HWY,40.37,30.28
BIT,ISP,9.75,7.31
BIT,OXP,13.2,9.9
BIW,ARL,6.53,4.9
BIW,SDY,4.66,3.5
BIW,SNO,16.37,12.28
BIW,SVG,20.69,15.52
BIY,CFL,1.24,0.93
BIY,KEI,4.73,3.55
BIY,SAE,3.16,2.37
BIY,SHY,4.53,3.4
BKA,EFF,2.52,1.89
BKA,LHD,3.71,2.78
BKC,BKQ,0.74,0.55
BKC,GNL,0.67,0.5
BKC,RFY,1.88,1.41
BKD,HAG,2.69,2.02
BKD,KID,4.92,3.69
BKG,BGV,3.31,2.48
BKG,DDK,4.7,3.53
BKG,LHS,8.85,6.64
BKG,SRA,5.84,4.38
BKG,UPM,12.03,9.02
BKG,WEH,5.34,4.0
BKG,WGR,2.65,1.99
BKH,CTN,2.82,2.11
BKH,ELW,3.25,2.44
BKH,KDB,1.43,1.07
BKH,LEW,1.55,1.16
BKJ,BEC,1.65,1.24
BKJ,KTH,1.3,0.98
BKJ,SRT,2.18,1.64
BKJ,VIC,12.37,9.28
BKL,BMS,1.8,1.35
BKL,PET,2.47,1.85
BKL,SMY,4.42,3.32
BKM,HML,5.42,4.07
BKM,LBZ,18.78,14.08
BKM,TRI,5.9,4.43
BKN,BID,1.48,1.11
BKN,BKP,1.44,1.08
BKN,WLV,2.15,1.61
BKO,AHV,6.93,5.2
BKO,FNB,8.38,6.28
BKO,WOK,5.72,4.29
BKP,BKN,1.44,1.08
BKP,CNP,1.2,0.9
BKQ,BKC,0.74,0.55
BKQ,CNP,0.61,0.46
BKQ,LVJ,1.82,1.36
BKR,ARM,4.09,3.07
BKR,CAC,8.7,6.52
BKS,ADM,4.89,3.67
BKS,CBE,4.46,3.34
BKT,BUL,1.46,1.1
BKT,SEN,3.8,2.85
BKW,HIA,5.35,4.01
BKW,THL,3.12,2.34
BLA,DLW,30.6,22.95
BLA,PIT,9.9,7.42
BLB,SOF,3.95,2.96
BLB,WIC,3.4,2.55
BLD,GSY,3.87,2.9
BLD,SHY,2.28,1.71
BLE,LDS,6.08,4.56
BLE,NPD,2.81,2.11
BLG,CAY,2.93,2.2
BLG,DST,0.79,0.59
BLG,HST,0.96,0.72
BLG,SPR,2.74,2.06
BLH,GLC,15.29,11.47
BLH,HLY,3.23,2.42
BLH,KKN,37.86,28.4
BLH,MTH,3.37,2.53
BLH,SHS,14.18,10.64
BLH,UDD,3.92,2.94
BLH,WSH,7.92,5.94
BLK,ADL,3.25,2.44
BLK,CRL,7.77,5.83
BLK,HWI,2.47,1.85
BLL,HDB,6.29,4.72
BLL,HWH,7.51,5.63
BLM,BAD,1.9,1.42
BLM,SUO,1.81,1.36
BLN,HLR,1.39,1.04
BLN,WLO,1.7,1.27
BLO,MCE,3.1,2.33
BLO,WYM,6.56,4.92
BLP,AMB,4.0,3.0
BLP,DFI,4.1,3.08
BLT,HNW,2.89,2.17
BLT,NTN,3.75,2.81
BLV,ABY,1.38,1.03
BLV,RRB,0.72,0.54
BLW,HKN,4.29,3.22
BLW,NOT,6.71,5.03
BLX,BWN,0.98,0.74
BLX,WSL,4.17,3.13
BLY,BWB,2.93,2.2
BLY,FEN,1.37,1.03
BLY,LBZ,9.69,7.27
BLY,MKC,5.05,3.79
BMB,BBN,12.15,9.11
BMB,LOH,1.76,1.32
BMB,MLH,10.51,7.88
BMB,PLS,7.69,5.77
BMC,DWN,10.06,7.54
BMC,ENT,4.71,3.53
BMC,HID,1.82,1.36
BMD,ENL,1.75,1.31
BMD,PON,1.41,1.06
BME,CRV,3.9,2.92
BME,HPT,3.93,2.95
BMF,BUH,6.34,4.76
BMF,GBD,3.97,2.98
BMG,EML,2.76,2.07
BMG,MDE,3.05,2.29
BMH,BCU,22.71,17.03
BMH,BSM,3.89,2.92
BMH,NWM,14.84,11.13
BMH,PKS,6.01,4.51
BMH,POK,2.76,2.07
BMH,POO,8.45,6.34
BMH,SOU,37.44,28.08
BML,CHU,2.48,1.86
BML,PYT,2.13,1.6
BMN,SUP,0.54,0.4
BMO,ACG,5.98,4.49
BMO,BSW,0.71,0.53
BMO,SMA,2.82,2.11
BMO,SOL,10.08,7.56
BMO,SRI,5.45,4.09
BMO,TYS,4.56,3.42
BMP,HWH,15.84,11.88
BMP,WRL,9.82,7.36
BMR,BOM,0.91,0.68
BMR,SPI,1.15,0.86
BMS,BKL,1.8,1.35
BMS,DMK,10.65,7.99
BMS,LGF,19.58,14.68
BMS,RTR,34.18,25.64
BMS,SAY,10.5,7.88
BMS,SMY,6.2,4.65
BMS,SRT,1.25,0.94
BMS,VIC,15.49,11.62
BMT,BRI,1.34,1.01
BMT,PSN,1.22,0.92
BMV,BTG,5.72,4.29
BMV,DTW,9.63,7.22
BMV,LOB,9.38,7.04
BMV,UNI,16.18,12.14
BMY,BSK,7.1,5.32
BMY,MOR,5.0,3.75
BNA,EDY,1.47,1.1
BNA,MAU,1.36,1.02
BNC,BRF,3.49,2.62
BNC,BUB,0.89,0.67
BND,ELY,25.26,18.94
BND,LAK,6.2,4.65
BND,TTF,9.04,6.78
BNE,COO,2.33,1.75
BNE,MLW,3.93,2.95
BNF,BAJ,2.55,1.91
BNF,NTH,2.85,2.14
BNG,HHD,34.28,25.71
BNG,LLF,10.88,8.16
BNG,LLJ,22.8,17.1
BNG,LPG,4.89,3.67
BNH,BXH,1.91,1.43
BNH,DFD,4.49,3.37
BNH,SGR,2.08,1.56
BNI,BNS,0.94,0.7
BNI,CHK,1.51,1.13
BNL,AXP,1.74,1.3
BNL,SPR,0.52,0.39
BNM,MAI,5.31,3.98
BNM,SLO,4.01,3.01
BNM,TAP,2.42,1.82
BNP,UMB,10.26,7.7
BNS,BNI,0.94,0.7
BNS,HOU,8.41,6.31
BNS,MTL,1.8,1.35
BNS,PUT,1.8,1.35
BNS,RMD,4.2,3.15
BNT,BDY,1.66,1.24
BNT,RDN,2.65,1.99
BNV,CPA,1.61,1.21
BNV,FTW,2.63,1.97
BNW,BOT,0.6,0.45
BNW,SFL,1.6,1.2
BNY,DOD,3.74,2.8
BNY,DRT,5.2,3.9
BNY,MHS,15.88,11.91
BNY,WKK,13.85,10.39
BNY,WOM,5.75,4.31
BOA,AVF,2.1,1.58
BOA,BTH,8.13,6.1
BOA,TRO,3.84,2.88
BOC,RAV,7.32,5.49
BOC,SIC,8.11,6.08
BOD,LOS,4.27,3.2
BOD,LSK,13.85,10.39
BOD,PAR,10.5,7.88
BOD,SAU,14.84,11.13
BOE,FRM,8.5,6.38
BOE,HDE,3.04,2.28
BOG,BAA,5.56,4.17
BOH,FSB,2.31,1.73
BOH,NUT,2.52,1.89
BOH,SOB,4.31,3.23
BOM,BMR,0.91,0.68
BOM,ERA,1.64,1.23
BOM,SPI,2.05,1.54
BON,CRL,15.87,11.9
BON,DGT,16.04,12.03
BON,FNW,3.67,2.75
BON,HID,2.72,2.04
BON,HWI,7.53,5.65
BON,LOT,4.49,3.37
BON,MCO,16.46,12.34
BON,MSS,2.59,1.94
BON,PRE,27.55,20.66
BON,SLD,13.9,10.42
BON,WHG,6.79,5.09
BOP,AAP,1.0,0.75
BOP,PAL,1.44,1.08
BOR,BNG,18.9,14.18
BOR,LPG,14.03,10.52
BOR,TYC,4.29,3.22
BOT,BAH,1.21,0.91
BOT,BNW,0.6,0.45
BOW,AYW,4.39,3.29
BOW,BRH,5.89,4.42
BPB,BPS,1.2,0.9
BPB,SQU,1.31,0.98
BPK,HAT,4.82,3.62
BPK,PBR,2.77,2.08
BPK,WMG,1.75,1.31
BPN,LAY,1.97,1.48
BPN,PFY,4.85,3.64
BPN,PRE,23.56,17.67
BPS,BPB,1.2,0.9
BPT,LGB,5.78,4.34
BPT,PTG,12.24,9.18
BPT,PYG,7.77,5.83
BPT,PYJ,6.68,5.01
BPW,BRI,7.68,5.76
BPW,CNM,52.47,39.35
BPW,FIT,1.69,1.27
BPW,GCR,44.37,33.28
BPW,NWP,32.65,24.49
BPW,SWI,52.69,39.52
BPW,YAE,8.18,6.14
BRA,DNO,6.48,4.86
BRA,GOL,9.18,6.88
BRA,HMS,16.28,12.21
BRC,ADW,4.24,3.18
BRC,FLD,3.24,2.43
BRE,HRO,5.09,3.82
BRE,SNF,2.81,2.11
BRF,BNC,3.49,2.62
BRF,NEL,1.92,1.44
BRG,KMS,4.11,3.08
BRG,OTF,7.93,5.95
BRG,WMA,7.82,5.86
BRH,BOW,5.89,4.42
BRH,DVY,11.81,8.86
BRI,BMT,1.34,1.01
BRI,BPW,7.68,5.76
BRI,BTH,17.47,13.1
BRI,BWT,45.66,34.24
BRI,FIT,6.34,4.76
BRI,KYN,6.98,5.24
BRI,LWH,1.56,1.17
BRI,NLS,12.2,9.15
BRI,RDG,111.56,83.67
BRI,TAU,59.63,44.72
BRI,WSM,29.49,22.12
BRI,YAT,18.28,13.71
BRK,GLY,7.05,5.29
BRK,LWS,11.37,8.53
BRK,PLG,5.99,4.49
BRL,GIR,17.14,12.86
BRL,STR,25.97,19.48
BRM,LLA,2.49,1.87
BRM,MFA,2.4,1.8
BRN,HLF,0.85,0.64
BRN,WES,1.38,1.03
BRO,RAN,22.09,16.57
BRO,UTY,9.74,7.3
BRP,BCC,7.23,5.42
BRP,HAS,6.01,4.51
BRR,DNL,13.26,9.94
BRR,GLC,10.72,8.04
BRR,NIT,2.5,1.88
BRS,NEM,1.81,1.36
BRS,SUR,1.77,1.33
BRU,CLC,5.45,4.09
BRU,FRO,16.03,12.02
BRV,KNN,1.58,1.18
BRV,SLY,1.79,1.34
BRW,LVC,2.51,1.88
BRW,STM,1.68,1.26
BRX,HNH,1.42,1.06
BRX,VIC,4.13,3.1
BRY,BYD,1.8,1.35
BRY,BYI,0.94,0.7
BRY,RIA,4.6,3.45
BSB,FSK,2.9,2.17
BSB,NCT,9.64,7.23
BSB,THU,1.91,1.43
BSC,TAB,1.48,1.11
BSC,WSL,2.45,1.84
BSD,HBN,3.69,2.77
BSD,MDE,3.92,2.94
BSE,KNE,15.39,11.54
BSE,NMK,20.99,15.74
BSE,SMK,20.79,15.59
BSE,SOJ,27.71,20.78
BSE,TRS,6.56,4.92
BSH,CPK,1.94,1.46
BSH,EUS,21.7,16.27
BSH,HRW,6.98,5.24
BSH,WFH,0.89,0.67
BSH,WFJ,2.12,1.59
BSI,BYF,2.19,1.64
BSI,MON,1.48,1.11
BSJ,BDM,1.1,0.82
BSJ,KMH,4.83,3.62
BSJ,SWR,7.64,5.73
BSK,ADV,28.9,21.67
BSK,BMY,7.1,5.32
BSK,CLJ,67.3,50.47
BSK,FLE,18.01,13.51
BSK,FNB,23.28,17.46
BSK,HOK,8.84,6.63
BSK,MIC,15.41,11.56
BSK,OVR,12.13,9.1
BSK,RDG,22.65,16.99
BSK,WIN,27.63,20.72
BSK,WOK,37.3,27.98
BSL,ARG,4.79,3.59
BSL,LCL,6.44,4.83
BSM,BMH,3.89,2.92
BSM,PKS,2.15,1.61
BSN,HBB,5.3,3.98
BSN,HEC,17.61,13.21
BSN,TPC,22.28,16.71
BSN,WFL,22.7,17.02
BSO,BEF,7.74,5.8
BSO,GRY,13.84,10.38
BSO,LAI,2.29,1.72
BSO,PSE,3.53,2.65
BSP,BSY,0.78,0.58
BSP,KNR,0.99,0.74
BSR,DMP,1.75,1.31
BSR,MAR,5.08,3.81
BSR,RAM,2.9,2.17
BSS,IRV,5.74,4.31
BSS,TRN,2.05,1.54
BSU,EDB,5.54,4.16
BSU,NEW,0.99,0.74
BSV,CRL,3.36,2.52
BSV,LEY,3.26,2.44
BSW,BMO,0.71,0.53
BSW,DTW,29.7,22.28
BSW,JEQ,1.12,0.84
BSW,SBJ,16.36,12.27
BSY,BSP,0.78,0.58
BSY,WHD,0.85,0.64
BTB,GMB,21.35,16.01
BTB,HAB,9.98,7.48
BTB,MKR,21.65,16.24
BTB,SCU,15.99,11.99
BTD,GOE,1.6,1.2
BTD,SWN,3.67,2.75
BTE,SDN,0.88,0.66
BTE,WLS,2.17,1.63
BTF,ALK,6.91,5.18
BTF,BIN,10.51,7.88
BTF,GRA,11.15,8.36
BTG,ALV,2.37,1.78
BTG,BMV,5.72,4.29
BTG,LOB,4.0,3.0
BTH,BOA,8.13,6.1
BTH,BRI,17.47,13.1
BTH,CPM,19.23,14.42
BTH,FFD,5.56,4.17
BTH,KYN,10.51,7.88
BTH,OLF,1.62,1.22
BTL,DEW,2.02,1.52
BTL,MLY,5.0,3.75
BTN,BUG,13.9,10.42
BTN,FMR,5.28,3.96
BTN,HHE,19.77,14.83
BTN,HOV,2.18,1.64
BTN,HSK,10.65,7.99
BTN,LRB,0.92,0.69
BTN,MCB,2.53,1.9
BTN,PRP,2.13,1.6
BTO,DPD,4.15,3.11
BTO,REI,4.45,3.34
BTP,BTR,1.03,0.77
BTP,CES,1.99,1.49
BTR,BTP,1.03,0.77
BTS,AUR,4.19,3.14
BTS,KGH,3.91,2.93
BTT,CSM,9.52,7.14
BTT,GTA,3.83,2.87
BTT,KLD,2.72,2.04
BTY,AON,7.62,5.72
BTY,FNH,6.28,4.71
BUB,BNC,0.89,0.67
BUB,RSG,1.67,1.25
BUC,BDA,3.23,2.42
BUC,CNY,3.6,2.7
BUD,KEN,3.1,2.33
BUD,SVL,4.11,3.08
BUE,CWC,5.06,3.8
BUE,SUY,7.62,5.72
BUG,BTN,13.9,10.42
BUG,HHE,5.96,4.47
BUG,HSK,3.47,2.6
BUG,WVF,1.23,0.92
BUH,BMF,6.34,4.76
BUH,FRY,4.84,3.63
BUH,GBD,10.31,7.73
BUH,GOO,19.56,14.67
BUH,HOW,18.96,14.22
BUH,HUL,15.46,11.6
BUH,SBY,32.44,24.33
BUI,CFF,1.53,1.15
BUI,KKH,2.23,1.67
BUJ,CTO,3.34,2.5
BUJ,LOW,3.85,2.89
BUK,HPT,4.51,3.38
BUK,KNI,6.51,4.88
BUL,BKT,1.46,1.1
BUL,FOK,1.56,1.17
BUO,HME,2.22,1.67
BUO,SNW,2.93,2.2
BUS,CKS,1.31,0.98
BUS,HMY,3.34,2.5
BUS,THT,1.47,1.1
BUT,BHM,40.33,30.25
BUT,DBY,17.2,12.9
BUT,TAM,19.01,14.26
BUT,WIL,7.52,5.64
BUU,ALN,4.53,3.4
BUU,SMN,3.34,2.5
BUW,BEY,3.49,2.62
BUW,MNN,2.14,1.61
BUX,CEF,5.74,4.31
BUX,DVH,4.6,3.45
BUY,HDY,1.23,0.92
BUY,LDS,2.78,2.08
BVD,ABW,2.2,1.65
BVD,ERH,1.94,1.46
BWB,BLY,2.93,2.2
BWB,FEN,1.56,1.17
BWB,WOB,3.26,2.44
BWD,GLZ,4.84,3.63
BWD,IRL,6.76,5.07
BWD,MCO,20.13,15.1
BWD,PDG,2.03,1.52
BWD,WAC,4.82,3.62
BWG,DBE,3.96,2.97
BWG,KPT,2.62,1.96
BWK,ALM,48.61,36.46
BWK,DUN,39.99,29.99
BWK,EDB,76.08,57.06
BWK,MPT,71.18,53.39
BWK,NCL,93.11,69.83
BWK,RSN,14.36,10.77
BWN,BLX,0.98,0.74
BWN,LAW,3.5,2.62
BWO,GSN,2.6,1.95
BWO,HWW,1.69,1.27
BWS,LBO,4.46,3.34
BWS,SIL,3.44,2.58
BWT,BRI,45.66,34.24
BWT,HIG,10.1,7.58
BWT,TAU,14.0,10.5
BWT,WSM,24.09,18.07
BXB,CHN,4.98,3.74
BXB,HWN,8.24,6.18
BXB,RYH,2.75,2.06
BXB,RYN,4.55,3.41
BXB,TOM,17.96,13.47
BXB,WLC,6.96,5.22
BXD,COH,7.42,5.56
BXD,UCK,3.41,2.56
BXH,BNH,1.91,1.43
BXH,ELW,5.69,4.27
BXH,PLU,4.49,3.37
BXH,WLI,2.2,1.65
BXW,DKG,1.48,1.11
BXW,LHD,4.99,3.74
BXY,AYP,1.61,1.21
BXY,CRY,2.28,1.71
BXY,SID,3.19,2.39
BYA,GYM,6.6,4.95
BYA,REE,5.55,4.16
BYB,LGN,5.27,3.95
BYB,UTT,16.13,12.1
BYC,LWR,5.8,4.35
BYC,PYP,5.11,3.83
BYD,BRY,1.8,1.35
BYD,CAD,1.37,1.03
BYE,LLE,4.31,3.23
BYE,LLH,2.53,1.9
BYF,BSI,2.19,1.64
BYF,CAN,10.88,8.16
BYF,DEE,6.14,4.6
BYF,MON,3.67,2.75
BYI,BRY,0.94,0.7
BYK,AWK,3.81,2.86
BYK,DON,2.58,1.94
BYL,GOF,1.67,1.25
BYL,MON,4.7,3.53
BYM,ACR,8.71,6.53
BYM,HBD,16.63,12.47
BYM,RSG,2.2,1.65
BYM,TOD,12.61,9.46
BYN,GSW,2.0,1.5
BYN,WGN,4.99,3.74
BYS,NRT,2.44,1.83
BYS,SEL,3.32,2.49
CAA,BEH,3.96,2.97
CAA,COV,5.42,4.07
CAC,BKR,8.7,6.52
CAC,DRU,4.7,3.53
CAD,BYD,1.37,1.03
CAD,DNS,3.02,2.26
CAG,AVM,10.06,7.54
CAG,INV,32.54,24.4
CAK,GOS,4.97,3.73
CAK,KBK,3.14,2.36
CAK,ULV,8.29,6.22
CAM,BAG,4.98,3.74
CAM,FML,2.74,2.06
CAN,ARB,9.76,7.32
CAN,DEE,16.98,12.74
CAN,GOF,0.85,0.64
CAN,MON,7.22,5.42
CAO,HNF,2.94,2.2
CAO,LAW,3.23,2.42
CAR,APP,44.9,33.68
CAR,AWT,13.79,10.34
CAR,DLS,6.07,4.55
CAR,GEA,14.93,11.2
CAR,GLC,136.45,102.34
CAR,HWH,31.26,23.45
CAR,HYM,118.73,89.05
CAR,LAN,94.02,70.52
CAR,LOC,37.22,27.92
CAR,MTH,120.6,90.45
CAR,OXN,66.53,49.9
CAR,PNR,27.84,20.88
CAR,WRL,6.58,4.94
CAS,MIH,4.62,3.47
CAS,RCD,2.62,1.96
CAT,WHS,2.38,1.78
CAU,SDP,2.11,1.58
CAU,SKN,1.96,1.47
CAY,BLG,2.93,2.2
CAY,SLS,1.17,0.88
CBB,LEL,2.43,1.82
CBB,SER,3.28,2.46
CBB,SIV,1.57,1.18
CBC,GRL,8.34,6.26
CBC,WFF,1.36,1.02
CBD,DIN,3.76,2.82
CBD,MOO,5.02,3.76
CBE,BKS,4.46,3.34
CBE,SEG,9.41,7.06
CBG,CMB,3.45,2.59
CBG,DUL,15.64,11.73
CBG,ELY,23.58,17.68
CBG,FXN,10.05,7.54
CBG,KGX,75.96,56.97
CBG,LET,34.62,25.96
CBG,NMK,18.93,14.2
CBG,RYS,19.33,14.5
CBG,SED,5.09,3.82
CBG,SSD,35.06,26.3
CBG,WBC,8.58,6.44
CBG,WLF,10.3,7.72
CBH,BET,0.85,0.64
CBH,LOF,1.02,0.76
CBK,FNT,10.46,7.85
CBK,HON,17.37,13.03
CBK,PIN,3.72,2.79
CBK,WHM,5.2,3.9
CBL,GLC,6.92,5.19
CBL,NTN,2.5,1.88
CBL,RUT,2.73,2.05
CBL,UDD,5.41,4.06
CBN,HYL,9.1,6.82
CBN,RED,5.69,4.27
CBN,SER,11.36,8.52
CBP,DRG,0.78,0.58
CBP,SGN,1.2,0.9
CBR,LWS,3.96,2.97
CBR,PMP,4.52,3.39
CBR,WVF,10.29,7.72
CBS,ADR,2.85,2.14
CBS,BAI,0.87,0.65
CBS,COA,1.48,1.11
CBS,SLS,8.36,6.27
CBW,AFK,20.9,15.68
CBW,CRT,4.99,3.74
CBW,MSR,17.55,13.16
CBW,RAM,23.85,17.89
CBW,STU,3.76,2.82
CBY,HND,9.56,7.17
CBY,KGM,10.11,7.58
CBY,OXF,20.07,15.05
CBY,SIP,7.11,5.33
CCC,PNC,7.0,5.25
CCC,PTM,7.05,5.29
CCH,BAA,9.98,7.48
CCH,BOG,8.98,6.74
CCH,BOH,4.76,3.57
CCH,EMS,11.24,8.43
CCH,FSB,2.47,1.85
CCH,HAV,14.26,10.7
CCH,SOB,9.06,6.8
CCT,MFL,1.02,0.76
CCT,MUI,1.16,0.87
CDD,GLT,7.72,5.79
CDD,LCG,3.25,2.44
CDF,BGN,27.64,20.73
CDF,CDQ,0.91,0.68
CDF,GTN,1.21,0.91
CDF,LLR,19.35,14.51
CDF,NNP,1.53,1.15
CDF,NWP,17.78,13.34
CDF,PYC,15.72,11.79
CDF,PYE,15.09,11.32
CDI,EXD,9.44,7.08
CDI,NTC,4.07,3.05
CDI,OKE,25.04,18.78
CDI,YEO,5.62,4.22
CDN,RHM,1.3,0.98
CDN,WME,1.44,1.08
CDO,GLC,5.25,3.94
CDO,HLE,0.91,0.68
CDQ,CDF,0.91,0.68
CDQ,CYS,0.97,0.73
CDQ,HHL,3.93,2.95
CDQ,HLL,3.84,2.88
CDR,CGD,5.27,3.95
CDR,DLR,4.9,3.68
CDS,ECR,7.3,5.48
CDS,MHM,5.81,4.36
CDS,PUR,2.93,2.2
CDS,RDH,8.64,6.48
CDT,CPW,8.69,6.52
CDT,STJ,1.2,0.9
CDU,GCR,18.41,13.81
CDU,YAE,20.33,15.25
CDY,BGS,1.38,1.03
CDY,GKC,1.36,1.02
CEA,CRF,2.89,2.17
CEA,HTW,4.5,3.38
CED,LBZ,6.57,4.93
CED,TRI,6.92,5.19
CEF,BUX,5.74,4.31
CEF,DVH,2.34,1.76
CEF,WBR,4.81,3.61
CEH,BHM,13.57,10.18
CEH,NUN,16.57,12.43
CEH,WTO,2.37,1.78
CEL,ALD,4.64,3.48
CEL,GTR,6.21,4.66
CES,BTP,1.99,1.49
CES,WNY,1.93,1.45
CET,COL,1.73,1.3
CET,HYH,1.61,1.21
CEY,SKI,4.71,3.53
CEY,SON,4.79,3.59
CFB,LAD,1.34,1.01
CFB,LSY,2.29,1.72
CFD,GLH,1.86,1.4
CFD,NOR,5.27,3.95
CFD,WDS,6.85,5.14
CFF,BUI,1.53,1.15
CFF,KGP,1.2,0.9
CFH,GRY,2.61,1.96
CFH,LAI,13.14,9.86
CFH,OCK,4.05,3.04
CFL,BIY,1.24,0.93
CFL,KEI,3.83,2.87
CFN,RDA,0.97,0.73
CFN,SML,3.14,2.36
CFO,AMR,3.32,2.49
CFO,CLW,3.3,2.47
CFR,ESL,2.85,2.14
CFR,ROM,7.69,5.77
CFT,BGM,2.62,1.96
CFT,CTF,1.39,1.04
CFT,NHD,1.73,1.3
CFT,PMR,2.81,2.11
CGD,CDR,5.27,3.95
CGD,HLC,1.7,1.27
CGM,BEV,6.84,5.13
CGM,HUL,5.75,4.31
CGN,EBK,1.5,1.12
CGN,GTN,2.34,1.76
CGW,CYB,1.02,0.76
CGW,HPE,1.09,0.82
CHC,GLQ,1.22,0.92
CHC,PTK,2.5,1.88
CHD,ALF,15.69,11.77
CHD,DBY,35.94,26.96
CHD,DRO,7.73,5.8
CHD,NOT,37.16,27.87
CHD,SHF,15.82,11.86
CHE,EPS,4.46,3.34
CHE,EWE,2.21,1.66
CHE,SUO,1.66,1.24
CHF,CRG,14.83,11.12
CHF,GRF,10.69,8.02
CHF,MIK,7.6,5.7
CHF,SIE,3.26,2.44
CHF,ULL,3.16,2.37
CHF,YRK,17.08,12.81
CHG,AFK,9.34,7.0
CHG,LEN,6.46,4.84
CHH,AMY,21.2,15.9
CHH,BIG,7.24,5.43
CHH,HRH,3.54,2.66
CHI,HIP,2.82,2.11
CHK,BNI,1.51,1.13
CHK,KWB,1.72,1.29
CHL,GLD,4.57,3.43
CHL,GOM,5.79,4.34
CHL,SFR,2.93,2.2
CHM,COL,34.46,25.85
CHM,HAP,9.79,7.34
CHM,INT,9.66,7.24
CHM,LST,45.11,33.83
CHM,SNF,15.14,11.36
CHM,SRA,39.16,29.37
CHM,WTM,14.06,10.55
CHN,BXB,4.98,3.74
CHN,ENL,3.57,2.68
CHN,LST,20.95,15.71
CHN,MRW,10.37,7.78
CHN,SVS,13.84,10.38
CHN,TEO,1.38,1.03
CHN,TOM,12.98,9.74
CHN,WLC,1.99,1.49
CHO,DID,7.41,5.56
CHO,GOR,5.69,4.27
CHP,KND,3.34,2.5
CHP,WME,1.51,1.13
CHR,BMH,5.71,4.28
CHR,HNA,5.21,3.91
CHR,NWM,9.13,6.85
CHR,POK,2.96,2.22
CHT,ALM,16.64,12.48
CHU,BML,2.48,1.86
CHU,HTH,3.68,2.76
CHU,SPT,3.7,2.78
CHW,LES,2.11,1.58
CHW,WCF,1.45,1.09
CHX,WAE,1.13,0.85
CHY,ASN,2.35,1.76
CHY,VIR,4.0,3.0
CIL,CRT,3.25,2.44
CIL,WYE,7.38,5.54
CIM,BHR,2.9,2.17
CIM,GTH,5.36,4.02
CIM,LLO,11.5,8.62
CIM,LNW,13.03,9.77
CIR,CMD,1.71,1.28
CIR,HHY,0.98,0.74
CIT,ESD,1.58,1.18
CIT,PET,2.23,1.67
CKH,DUM,2.25,1.69
CKH,MPK,0.92,0.69
CKL,SBS,5.49,4.12
CKL,WTH,1.3,0.98
CKN,AXM,19.02,14.26
CKN,YVJ,12.99,9.74
CKS,BUS,1.31,0.98
CKS,GFN,1.98,1.48
CKT,HKH,2.06,1.55
CKT,MPK,1.14,0.86
CKY,NBE,5.13,3.85
CKY,RCA,2.88,2.16
CLA,HSY,4.99,3.74
CLA,LRD,5.06,3.8
CLC,BRU,5.45,4.09
CLC,TAU,41.37,31.03
CLC,WSB,29.24,21.93
CLC,YVP,18.4,13.8
CLD,HIB,25.82,19.36
CLD,KCK,1.91,1.43
CLD,LBG,21.34,16.0
CLD,ORP,2.37,1.78
CLE,GMB,3.82,2.86
CLE,NCE,2.42,1.82
CLG,HYW,1.62,1.22
CLG,OXS,2.93,2.2
CLH,BMC,28.91,21.68
CLH,HLD,18.77,14.08
CLH,WHE,5.6,4.2
CLI,KSL,4.78,3.59
CLI,SLD,4.71,3.53
CLJ,BAK,2.12,1.59
CLJ,BAL,2.64,1.98
CLJ,BSK,67.3,50.47
CLJ,EAD,2.77,2.08
CLJ,ECR,11.3,8.48
CLJ,IMW,1.36,1.02
CLJ,MTC,6.31,4.73
CLJ,PUT,3.22,2.42
CLJ,QRB,1.99,1.49
CLJ,RMD,9.06,6.8
CLJ,SUR,12.23,9.17
CLJ,VIC,3.89,2.92
CLJ,VXH,4.09,3.07
CLJ,WAT,5.86,4.4
CLJ,WIM,5.36,4.02
CLJ,WNT,1.29,0.97
CLJ,WOK,31.35,23.51
CLJ,WSW,2.06,1.55
CLJ,WWR,2.34,1.76
CLK,ELE,1.3,0.98
CLK,NBC,0.98,0.74
CLL,BEX,1.36,1.02
CLL,COB,2.28,1.71
CLL,EBN,14.65,10.99
CLM,LCN,16.73,12.55
CLM,NCT,8.27,6.2
CLM,NNG,7.67,5.75
CLM,SWD,4.26,3.2
CLN,ELR,4.79,3.59
CLN,MHS,6.14,4.6
CLP,DMK,3.01,2.26
CLP,WWR,0.61,0.46
CLR,CUW,10.5,7.88
CLR,FGW,18.59,13.94
CLR,HVF,7.58,5.68
CLR,WTL,18.87,14.15
CLS,DHM,8.37,6.28
CLS,NCL,12.89,9.67
CLT,TLS,6.0,4.5
CLU,CRS,12.16,9.12
CLU,LNK,8.04,6.03
CLU,WSH,6.64,4.98
CLV,BER,5.16,3.87
CLV,DDG,11.24,8.43
CLW,CFO,3.3,2.47
CLW,RIC,3.48,2.61
CLY,DOR,28.53,21.4
CLY,EDL,8.93,6.7
CLY,NMC,4.9,3.68
CMB,CBG,3.45,2.59
CMB,ELY,20.13,15.1
CMB,WBC,5.15,3.86
CMD,CIR,1.71,1.28
CMD,HHY,2.66,2.0
CMD,KTW,0.71,0.53
CMF,MTB,1.17,0.88
CMF,WTS,4.45,3.34
CMH,ABA,2.5,1.88
CMH,FER,2.11,1.58
CML,MTV,1.48,1.11
CML,RUT,3.39,2.54
CMN,FYS,10.41,7.81
CMN,LLE,22.31,16.73
CMN,PBY,19.31,14.48
CMN,WTL,21.56,16.17
CMO,CUB,12.38,9.28
CMO,FKG,2.06,1.55
CMO,LBT,2.02,1.52
CMR,NWA,14.01,10.51
CMR,RNR,1.42,1.06
CMR,SHM,5.59,4.19
CMR,WRN,3.23,2.42
CMY,GLC,3.32,2.49
CMY,PWW,1.56,1.17
CNE,NEL,3.07,2.3
CNF,LAN,9.34,7.0
CNF,SVR,4.95,3.71
CNF,WNN,12.03,9.02
CNG,KDG,8.66,6.5
CNG,MAC,12.24,9.18
CNG,SOT,16.69,12.52
CNL,COV,2.32,1.74
CNL,THL,3.38,2.53
CNM,ASC,11.34,8.5
CNM,BHM,66.04,49.53
CNM,BPW,52.47,39.35
CNM,GCR,10.19,7.64
CNM,WOP,29.05,21.79
CNM,WOS,33.91,25.43
CNN,DLJ,1.17,0.88
CNN,DLK,1.12,0.84
CNN,HHY,0.73,0.55
CNO,MDN,9.63,7.22
CNO,YET,3.3,2.47
CNP,BKP,1.2,0.9
CNP,BKQ,0.61,0.46
CNR,AUI,11.72,8.79
CNR,TYL,7.61,5.71
CNR,UTY,7.19,5.39
CNS,DON,7.18,5.38
CNS,MEX,3.59,2.69
CNW,LLJ,1.49,1.12
CNW,PMW,6.28,4.71
CNY,BDA,6.78,5.08
CNY,BUC,3.6,2.7
CNY,REE,3.5,2.62
COA,ADR,1.38,1.03
COA,CBS,1.48,1.11
COB,CLL,2.28,1.71
COB,NSB,2.75,2.06
COB,PEV,7.43,5.57
COE,LSK,1.03,0.77
COE,SKN,2.88,2.16
COH,BXD,7.42,5.56
COH,ERI,4.83,3.62
COI,MFL,0.79,0.59
COI,QPK,0.71,0.53
COL,CET,1.73,1.3
COL,CHM,34.46,25.85
COL,HYH,2.87,2.15
COL,IPS,23.96,17.97
COL,KEL,14.72,11.04
COL,LST,79.57,59.68
COL,MKT,7.87,5.9
COL,MNG,11.72,8.79
COL,WIV,6.52,4.89
COL,WTM,20.4,15.3
COM,CSM,2.44,1.83
COM,KLD,6.02,4.51
CON,OBN,7.02,5.26
CON,TAY,9.28,6.96
COO,BNE,2.33,1.75
COO,FZP,2.75,2.06
COP,MRD,2.61,1.96
COP,YEO,4.55,3.41
COR,KET,10.89,8.17
COR,MMO,33.1,24.82
COS,ALB,2.63,1.97
COS,SFN,5.01,3.76
COT,LDS,4.01,3.01
COT,MLY,2.0,1.5
COV,BHI,15.44,11.58
COV,CAA,5.42,4.07
COV,CNL,2.32,1.74
COV,EUS,135.45,101.59
COV,KNW,7.65,5.74
COV,LMS,13.03,9.77
COV,MKC,64.81,48.61
COV,RUG,18.01,13.51
COV,WFJ,112.1,84.07
COW,DFL,5.99,4.49
COW,LCG,3.19,2.39
COY,WHT,0.65,0.49
CPA,BNV,1.61,1.21
CPA,LHE,4.46,3.34
CPH,ABE,0.87,0.65
CPH,LVT,3.77,2.83
CPK,BSH,1.94,1.46
CPK,HTE,2.33,1.75
CPM,BTH,19.23,14.42
CPM,MKM,9.41,7.06
CPM,SWI,25.55,19.16
CPN,BNP,7.01,5.26
CPT,HAC,1.45,1.09
CPT,SJS,2.7,2.03
CPU,BAC,6.56,4.92
CPU,HOO,4.72,3.54
CPW,CDT,8.69,6.52
CPW,GCR,38.96,29.22
CPW,LYD,12.76,9.57
CPW,NWP,23.25,17.44
CPY,BEN,6.69,5.02
CPY,GIG,8.45,6.34
CRA,LYE,2.04,1.53
CRA,OHL,2.33,1.75
CRA,ROW,4.13,3.1
CRA,SBJ,3.83,2.87
CRB,HEX,4.98,3.74
CRB,RDM,3.61,2.71
CRD,ERD,0.92,0.69
CRD,WYL,1.2,0.9
CRE,ALD,27.17,20.38
CRE,ASG,8.98,6.74
CRE,CTR,32.13,24.1
CRE,EUS,233.62,175.22
CRE,MKC,162.35,121.76
CRE,NAN,6.47,4.85
CRE,NUN,90.39,67.79
CRE,PRE,76.42,57.32
CRE,RUG,112.2,84.15
CRE,RUN,34.4,25.8
CRE,SDB,7.23,5.42
CRE,SHR,47.11,35.33
CRE,STA,38.01,28.51
CRE,WBQ,34.8,26.1
CRE,WML,29.76,22.32
CRE,WSF,11.95,8.96
CRF,CEA,2.89,2.17
CRF,HLY,1.27,0.95
CRG,CHF,14.83,11.12
CRG,GRF,4.58,3.44
CRG,LDS,6.48,4.86
CRG,YRK,28.95,21.71
CRH,HRY,1.47,1.1
CRH,UHL,1.19,0.89
CRI,HEN,3.0,2.25
CRI,WHP,1.77,1.33
CRK,GOB,4.83,3.62
CRK,RUA,3.39,2.54
CRL,ADL,4.67,3.5
CRL,BON,15.87,11.9
CRL,BSV,3.36,2.52
CRL,HWI,10.08,7.56
CRL,PRE,12.78,9.59
CRM,MAS,12.8,9.6
CRM,MPT,9.89,7.42
CRN,SND,2.49,1.87
CRN,WKM,5.21,3.91
CRO,FKK,15.69,11.77
CRO,GLQ,16.94,12.71
CRO,LBT,14.79,11.09
CRO,LNZ,8.28,6.21
CRR,RAN,10.78,8.08
CRR,TUL,13.81,10.36
CRS,CLU,12.16,9.12
CRS,FLD,14.96,11.22
CRS,LNK,6.84,5.13
CRT,CBW,4.99,3.74
CRT,CIL,3.25,2.44
CRV,BME,3.9,2.92
CRV,CTT,10.85,8.14
CRV,LUD,11.44,8.58
CRV,SHR,30.55,22.91
CRW,HRH,10.59,7.94
CRW,IFI,2.0,1.5
CRW,LVN,9.21,6.91
CRW,TBD,1.86,1.4
CRY,BXY,2.28,1.71
CRY,DFD,2.81,2.11
CRY,SGR,2.31,1.73
CSA,FRM,8.83,6.62
CSA,FTN,5.11,3.83
CSA,HAV,6.19,4.64
CSA,HLS,1.68,1.26
CSA,PTC,4.05,3.04
CSB,SUO,1.51,1.13
CSB,WLT,1.36,1.02
CSD,EFF,3.65,2.74
CSD,OXS,2.76,2.07
CSG,AIG,1.2,0.9
CSG,LPY,1.51,1.13
CSH,HCB,1.36,1.02
CSH,SUO,1.99,1.49
CSK,BAS,1.46,1.1
CSK,GSL,2.19,1.64
CSL,ALB,4.68,3.51
CSL,BBK,1.13,0.85
CSL,WVH,7.08,5.31
CSM,COM,2.44,1.83
CSM,DNY,2.32,1.74
CSN,CSS,1.01,0.76
CSN,TOL,2.01,1.51
CSO,PRE,10.94,8.2
CSO,RUF,4.1,3.08
CSR,FLI,1.06,0.8
CSR,URM,0.98,0.74
CSS,CSN,1.01,0.76
CST,BFR,0.89,0.67
CST,LBG,0.72,0.54
CSW,HNB,3.51,2.63
CSW,WHI,2.41,1.81
CSY,TIP,2.12,1.59
CSY,WVH,5.28,3.96
CTE,HNC,2.32,1.74
CTE,MEY,2.47,1.85
CTF,BGM,1.24,0.93
CTF,CFT,1.39,1.04
CTH,GMY,1.21,0.91
CTH,RMF,3.83,2.87
CTK,BFR,0.24,0.18
CTK,ZFD,0.74,0.55
CTL,HMM,2.41,1.81
CTL,KNA,9.93,7.45
CTM,GLM,2.16,1.62
CTM,RTR,0.95,0.71
CTN,BKH,2.82,2.11
CTN,KDB,2.69,2.02
CTN,WCB,0.95,0.71
CTN,WWA,2.71,2.03
CTN,WWD,1.71,1.28
CTO,BUJ,3.34,2.5
CTO,LOW,7.19,5.39
CTO,NOT,4.95,3.71
CTR,BAC,1.61,1.21
CTR,CRE,32.13,24.1
CTR,FLN,17.83,13.37
CTR,FRD,15.18,11.38
CTR,HSB,11.35,8.51
CTR,LLJ,62.59,46.94
CTR,MLD,10.59,7.94
CTR,PRT,38.35,28.76
CTR,SHT,10.69,8.02
CTR,WBQ,27.94,20.96
CTR,WRX,18.24,13.68
CTT,CRV,10.85,8.14
CTT,LUD,19.47,14.6
CTT,SHR,19.7,14.78
CTW,ACR,1.41,1.06
CTW,BBN,5.82,4.36
CTW,RIS,2.42,1.82
CUA,ARD,4.94,3.71
CUA,INH,0.66,0.5
CUB,CMO,12.38,9.28
CUB,GRL,1.15,0.86
CUD,DLM,4.65,3.49
CUD,GBK,4.59,3.44
CUF,BAY,5.54,4.16
CUF,CWH,2.7,2.03
CUF,GDH,5.14,3.86
CUF,HFN,10.1,7.58
CUH,HYM,8.03,6.02
CUH,KKN,7.22,5.42
CUH,WTA,2.64,1.98
CUM,APF,1.62,1.22
CUM,RAD,3.62,2.72
CUP,HYM,43.28,32.46
CUP,LDY,8.5,6.38
CUP,LEU,9.6,7.2
CUP,SPF,3.64,2.73
CUS,CWX,0.8,0.6
CUS,WWC,3.76,2.82
CUW,CLR,10.5,7.88
CUW,WTL,8.45,6.34
CUX,HAI,2.66,2.0
CUX,SOO,3.67,2.75
CWB,AGL,9.5,7.12
CWB,LLJ,5.73,4.3
CWB,RHL,15.9,11.92
CWC,BUE,5.06,3.8
CWC,MKT,5.28,3.96
CWD,LAG,3.53,2.65
CWD,SHB,6.71,5.03
CWD,WRK,8.16,6.12
CWD,WWL,2.12,1.59
CWE,ALP,5.62,4.22
CWE,TNS,9.2,6.9
CWH,CUF,2.7,2.03
CWH,GDH,2.49,1.87
CWL,GMV,4.2,3.15
CWL,LED,6.06,4.54
CWM,AGV,17.81,13.36
CWM,NWP,7.53,5.65
CWM,PPL,4.6,3.45
CWN,AHS,4.22,3.16
CWN,HEV,3.05,2.29
CWS,MCN,29.86,22.4
CWS,NWT,8.21,6.16
CWU,BAT,2.75,2.06
CWU,WLD,4.78,3.59
CWX,CUS,0.8,0.6
CWX,ZLW,5.44,4.08
CYB,CGW,1.02,0.76
CYB,GWE,3.05,2.29
CYK,DMR,1.88,1.41
CYK,YOK,1.37,1.03
CYN,LLV,7.28,5.46
CYN,SUG,5.41,4.06
CYP,ANZ,0.73,0.55
CYP,GIP,1.05,0.79
CYP,PNW,0.82,0.61
CYP,SYD,1.63,1.22
CYS,CDQ,0.97,0.73
CYS,LLN,4.11,3.08
CYT,MLH,1.13,0.85
CYT,PLS,1.71,1.28
DAG,AUR,4.4,3.3
DAG,INK,1.95,1.46
DAK,BDG,0.93,0.7
DAK,RUT,1.32,0.99
DAL,LHA,3.6,2.7
DAL,TYL,16.92,12.69
DAM,EGY,6.33,4.75
DAM,HYM,11.11,8.33
DAM,NQU,3.02,2.26
DAN,SHF,3.43,2.57
DAN,WDH,4.02,3.01
DAR,DHM,28.89,21.67
DAR,DND,5.22,3.92
DAR,NCL,50.01,37.51
DAR,NRD,1.8,1.35
DAR,NTR,21.94,16.45
DAR,YRK,69.18,51.89
DAT,SNS,7.72,5.79
DAT,SNY,2.04,1.53
DAT,WNR,1.9,1.42
DBC,DBE,0.94,0.7
DBC,DLR,0.69,0.52
DBC,DMR,9.55,7.16
DBC,HLU,12.5,9.38
DBD,PNS,5.89,4.42
DBD,SPY,3.26,2.44
DBE,BWG,3.96,2.97
DBE,DBC,0.94,0.7
DBE,DMR,8.63,6.47
DBG,DEN,6.23,4.67
DBG,ROM,5.93,4.45
DBL,BEA,3.29,2.47
DBL,GLE,17.54,13.16
DBL,PTH,39.77,29.83
DBL,STG,7.58,5.68
DBR,TRM,12.48,9.36
DBR,WFI,3.56,2.67
DBY,BEE,17.14,12.86
DBY,BHM,56.87,42.65
DBY,BUT,17.2,12.9
DBY,CHD,35.94,26.96
DBY,DFI,8.11,6.08
DBY,LEI,38.98,29.24
DBY,LGE,12.24,9.18
DBY,NOT,21.48,16.11
DBY,PEA,2.12,1.59
DBY,SHF,51.39,38.54
DBY,SOT,49.17,36.88
DBY,SPO,3.52,2.64
DBY,TAM,34.51,25.88
DBY,TUT,15.79,11.84
DBY,WIL,9.68,7.26
DCG,PLK,1.79,1.34
DCG,STF,5.52,4.14
DCH,MTN,8.81,6.61
DCH,UPW,7.09,5.32
DCH,WEY,10.45,7.84
DCH,WOO,15.51,11.63
DCH,WRM,22.76,17.07
DCT,FRW,0.73,0.55
DCT,RDR,2.03,1.52
DCW,MDN,11.78,8.83
DCW,UPW,7.17,5.38
DDG,LPW,3.9,2.92
DDG,SOL,5.29,3.97
DDG,STY,18.33,13.75
DDG,WMR,3.03,2.27
DDG,WRP,13.53,10.15
DDK,BKG,4.7,3.53
DDK,RNM,3.32,2.49
DDP,SAD,3.12,2.34
DDP,TIP,1.27,0.95
DEA,SDW,6.52,4.89
DEA,WAM,2.46,1.84
DEE,ABD,93.08,69.81
DEE,ARB,26.12,19.59
DEE,BYF,6.14,4.6
DEE,CAN,16.98,12.74
DEE,HYM,58.83,44.12
DEE,ING,5.3,3.98
DEE,LEU,10.23,7.67
DEE,PTH,29.7,22.28
DEN,DBG,6.23,4.67
DEN,SAL,12.4,9.3
DEP,GNW,0.84,0.63
DEP,LBG,5.01,3.76
DEP,NWX,0.54,0.4
DEW,BTL,2.02,1.52
DEW,HUD,11.11,8.33
DEW,LDS,12.76,9.57
DEW,MIR,4.47,3.35
DEW,RVN,2.35,1.76
DFD,BNH,4.49,3.37
DFD,CRY,2.81,2.11
DFD,GNH,4.15,3.11
DFD,NFL,7.29,5.47
DFD,SCG,3.12,2.34
DFD,SGR,3.02,2.26
DFE,DFL,2.37,1.78
DFE,ROS,2.97,2.23
DFI,BLP,4.1,3.08
DFI,DBY,8.11,6.08
DFL,COW,5.99,4.49
DFL,DFE,2.37,1.78
DFR,BCN,1.79,1.34
DFR,WNL,1.78,1.34
DGC,DNM,1.42,1.06
DGC,GER,2.76,2.07
DGL,GTN,3.06,2.3
DGL,PEN,0.63,0.47
DGT,BON,16.04,12.03
DGT,ECC,5.66,4.24
DGT,MCO,0.57,0.43
DGT,PRE,43.57,32.68
DGT,SLD,2.15,1.61
DGT,TRA,4.54,3.4
DGT,URM,7.38,5.54
DGY,LLD,2.94,2.2
DGY,LLJ,2.01,1.51
DHM,CLS,8.37,6.28
DHM,DAR,28.89,21.67
DHM,NCL,21.13,15.85
DHM,YRK,96.69,72.52
DHN,HUD,3.14,2.36
DHN,MIR,3.99,2.99
DID,APF,3.19,2.39
DID,CHO,7.41,5.56
DID,OXF,15.97,11.98
DID,RAD,8.37,6.28
DID,RDG,25.26,18.94
DID,SWI,37.84,28.38
DIG,EXC,4.4,3.3
DIG,NCO,1.27,0.95
DIG,POL,2.74,2.06
DIN,ASS,15.16,11.37
DIN,CBD,3.76,2.82
DIN,GVE,16.01,12.01
DIN,MOO,8.78,6.58
DIS,IPS,35.96,26.97
DIS,NRW,30.8,23.1
DIS,SMK,22.12,16.59
DKD,PIT,18.82,14.12
DKD,PTH,20.16,15.12
DKG,BXW,1.48,1.11
DKG,HLM,6.67,5.0
DKG,LHD,6.46,4.84
DKT,DPD,1.11,0.83
DKT,GOM,7.35,5.51
DKT,SFR,15.99,11.99
DLG,NLR,4.91,3.68
DLG,TLC,4.68,3.51
DLH,TOK,2.0,1.5
DLH,WSE,6.63,4.97
DLJ,CNN,1.17,0.88
DLJ,HGG,0.6,0.45
DLK,CNN,1.12,0.84
DLK,HKC,1.38,1.03
DLM,CUD,4.65,3.49
DLM,MLD,4.39,3.29
DLR,CDR,4.9,3.68
DLR,DBC,0.69,0.52
DLR,RTN,2.61,1.96
DLS,CAR,6.07,4.55
DLS,WGT,11.4,8.55
DLT,BIF,4.98,3.74
DLT,ROO,4.46,3.34
DLT,ULV,6.72,5.04
DLW,BLA,30.6,22.95
DLW,NWR,15.79,11.84
DLW,PIT,40.45,30.34
DLY,GLG,4.3,3.22
DLY,JHN,19.31,14.48
DLY,KWN,5.59,4.19
DMC,DMY,1.41,1.06
DMC,WES,1.75,1.31
DMF,ANN,23.92,17.94
DMF,SQH,38.84,29.13
DMG,POR,2.18,1.64
DMG,TNP,0.81,0.61
DMH,WMN,5.06,3.8
DMH,WSB,2.19,1.64
DMK,BMS,10.65,7.99
DMK,CFT,3.94,2.96
DMK,CLP,3.01,2.26
DMK,EPH,2.96,2.22
DMK,HNH,1.87,1.4
DMK,PMR,1.4,1.05
DMK,SMY,15.89,11.92
DMK,VIC,4.87,3.65
DMP,BSR,1.75,1.31
DMP,RAM,1.47,1.1
DMR,CYK,1.88,1.41
DMR,DBC,9.55,7.16
DMR,DBE,8.63,6.47
DMR,GLQ,12.29,9.22
DMR,HYN,7.85,5.89
DMR,KPT,2.19,1.64
DMR,SIN,1.4,1.05
DMS,EGR,3.42,2.56
DMS,LFD,2.31,1.73
DMY,DMC,1.41,1.06
DMY,SIN,1.29,0.97
DND,ALW,6.77,5.08
DND,DAR,5.22,3.92
DNG,KCK,6.15,4.61
DNG,SEV,2.31,1.73
DNL,BRR,13.26,9.94
DNL,STT,3.43,2.57
DNM,BCF,10.74,8.06
DNM,DGC,1.42,1.06
DNM,GER,4.16,3.12
DNM,HDM,37.38,28.04
DNM,HWY,18.04,13.53
DNM,MYB,23.92,17.94
DNM,WRU,4.25,3.19
DNO,BRA,6.48,4.86
DNO,GOL,2.71,2.03
DNS,CAD,3.02,2.26
DNS,EBK,1.08,0.81
DNT,GSD,4.97,3.73
DNT,RHD,8.52,6.39
DNY,CSM,2.32,1.74
DNY,LHM,5.53,4.15
DOC,DPT,0.55,0.41
DOC,KEY,0.86,0.64
DOD,BNY,3.74,2.8
DOD,SLK,2.38,1.78
DOL,LLT,5.7,4.28
DOL,PNY,4.63,3.47
DON,BYK,2.58,1.94
DON,CNS,7.18,5.38
DON,GBL,28.86,21.64
DON,GOO,26.91,20.18
DON,GRA,76.02,57.01
DON,KGX,231.86,173.9
DON,KKS,6.36,4.77
DON,MHS,21.52,16.14
DON,NNG,53.87,40.4
DON,PBO,120.95,90.71
DON,PFM,22.47,16.85
DON,RET,26.25,19.69
DON,SBY,29.57,22.18
DON,SCU,33.12,24.84
DON,SHF,26.62,19.96
DON,TNN,15.29,11.47
DON,WKF,29.98,22.49
DON,WKK,28.89,21.67
DON,YRK,48.65,36.49
DOR,GRN,7.76,5.82
DOR,SHF,6.67,5.0
DOR,SPT,43.85,32.89
DOT,MCE,1.84,1.38
DOT,NCL,2.53,1.9
DOW,LTP,16.11,12.08
DOW,WTG,7.77,5.83
DPD,BTO,4.15,3.11
DPD,DKT,1.11,0.83
DPD,GLD,17.81,13.36
DPD,GOM,8.46,6.35
DPD,REI,8.42,6.32
DPD,SFR,17.09,12.82
DPT,DOC,0.55,0.41
DPT,PLY,2.0,1.5
DPT,SBF,2.79,2.09
DPT,STS,4.2,3.15
DRF,BDT,17.94,13.46
DRF,BEV,17.73,13.3
DRF,HUT,5.1,3.82
DRF,NFN,3.32,2.49
DRG,CBP,0.78,0.58
DRG,WEA,0.73,0.55
DRI,RAV,3.26,2.44
DRI,SSC,3.4,2.55
DRM,LND,7.12,5.34
DRM,NBW,6.72,5.04
DRN,KYL,4.6,3.45
DRN,PLK,2.22,1.67
DRO,CHD,7.73,5.8
DRO,SHF,8.56,6.42
DRT,BNY,5.2,3.9
DRT,WKK,10.48,7.86
DRU,ADR,1.81,1.36
DRU,BHG,19.88,14.91
DRU,CAC,4.7,3.53
DSL,HAZ,5.7,4.28
DSL,MDL,2.72,2.04
DSL,NMN,2.26,1.69
DSM,HAS,8.28,6.21
DSM,SAX,6.85,5.14
DST,AXP,0.59,0.44
DST,BLG,0.79,0.59
DSY,HGF,1.52,1.14
DSY,INC,6.39,4.79
DSY,WGW,7.78,5.84
DSY,WHG,1.91,1.43
DTG,BDB,3.2,2.4
DTG,GLO,1.51,1.13
DTG,HDF,1.31,0.98
DTW,BHM,29.28,21.96
DTW,BMV,9.63,7.22
DTW,BSW,29.7,22.28
DTW,HBY,8.5,6.38
DTW,KID,14.06,10.55
DTW,WOF,9.22,6.92
DTW,WOS,8.88,6.66
DUD,AST,1.87,1.4
DUD,BHM,2.15,1.61
DUL,CBG,15.64,11.73
DUL,NMK,4.85,3.64
DUM,CKH,2.25,1.69
DUM,GLC,3.16,2.37
DUN,ALM,86.95,65.21
DUN,BWK,39.99,29.99
DUN,EDB,42.31,31.73
DUN,MPT,106.62,79.96
DUN,MUB,35.59,26.69
DUN,NCL,127.74,95.8
DUN,RSN,25.65,19.24
DUR,GBS,1.52,1.14
DUR,WWO,1.3,0.98
DVC,HPQ,1.99,1.49
DVC,HWC,0.73,0.55
DVH,BUX,4.6,3.45
DVH,CEF,2.34,1.76
DVN,SPT,1.78,1.34
DVN,WSR,0.92,0.69
DVP,FKC,10.61,7.96
DVP,KSN,3.51,2.63
DVP,MTM,5.83,4.37
DVY,BRH,11.81,8.86
DVY,MCN,5.81,4.36
DVY,PHG,7.8,5.85
DWD,PYP,2.09,1.57
DWD,RMB,2.58,1.94
DWL,DWW,2.5,1.88
DWL,EXD,17.42,13.07
DWL,TGM,4.22,3.16
DWN,BBN,5.47,4.1
DWN,BMC,10.06,7.54
DWN,ENT,5.74,4.31
DWW,DWL,2.5,1.88
DWW,EXD,16.09,12.07
DWW,SCS,3.21,2.41
DYC,ABD,9.01,6.76
DYC,INR,14.12,10.59
DYC,KTR,10.4,7.8
DYF,LBR,3.58,2.68
DYF,TLB,1.88,1.41
DYP,FPK,1.3,0.98
DYP,HHY,0.75,0.56
DZY,HNL,4.47,3.35
DZY,WDE,2.73,2.05
EAD,CLJ,2.77,2.08
EAD,WIM,2.59,1.94
EAG,ALW,1.08,0.81
EAG,HPL,19.75,14.81
EAG,NTR,22.63,16.97
EAG,STK,4.95,3.71
EAG,TBY,4.59,3.44
EAL,AML,2.37,1.78
EAL,HAY,8.34,6.26
EAL,PAD,8.65,6.49
EAL,STL,5.41,4.06
EAL,WDT,11.81,8.86
EAL,WEA,1.26,0.94
EAR,RDG,4.22,3.16
EAR,WTI,1.91,1.43
EBA,LEY,3.3,2.47
EBA,WGN,14.35,10.76
EBB,EBV,2.28,1.71
EBD,AFK,50.98,38.24
EBD,GRV,3.17,2.38
EBD,SFA,25.5,19.12
EBK,CGN,1.5,1.12
EBK,DNS,1.08,0.81
EBN,BEX,15.9,11.92
EBN,HMD,3.01,2.26
EBN,PEV,6.0,4.5
EBN,PLG,6.28,4.71
EBR,GDN,7.79,5.84
EBR,PHR,7.96,5.97
EBT,HEV,2.85,2.14
EBT,HUR,6.61,4.96
EBV,EBB,2.28,1.71
EBV,LTH,7.59,5.69
ECC,DGT,5.66,4.24
ECC,MCV,6.09,4.57
ECC,PAT,1.49,1.12
ECC,WGN,20.78,15.59
ECL,PSC,1.5,1.12
ECL,THH,1.51,1.13
ECP,ABE,0.98,0.74
ECP,LNB,2.18,1.64
ECR,BFR,15.24,11.43
ECR,CDS,7.3,5.48
ECR,CLJ,11.3,8.48
ECR,GTW,24.77,18.58
ECR,LBG,14.48,10.86
ECR,NWD,2.72,2.04
ECR,OXT,14.37,10.78
ECR,PUR,4.44,3.33
ECR,RDH,15.84,11.88
ECR,SCY,1.34,1.01
ECR,SNR,2.97,2.23
ECR,SRS,1.88,1.41
ECS,HRD,4.54,3.4
EDB,ALM,115.53,86.65
EDB,BSU,5.54,4.16
EDB,BWK,76.08,57.06
EDB,DUN,42.31,31.73
EDB,EUS,531.38,398.54
EDB,HYM,2.02,1.52
EDB,LOC,92.83,69.62
EDB,MPT,129.17,96.88
EDB,MUB,7.46,5.6
EDB,NCL,147.64,110.73
EDG,LIV,2.14,1.61
EDG,LPY,6.29,4.72
EDG,MSH,3.33,2.5
EDG,WAV,1.57,1.18
EDL,CLY,8.93,6.7
EDL,HOP,6.19,4.64
EDN,ELE,1.79,1.34
EDN,WWI,1.35,1.01
EDP,HYM,5.92,4.44
EDP,LIN,18.75,14.06
EDP,UHA,12.16,9.12
EDR,BHK,1.93,1.45
EDR,CHN,9.04,6.78
EDR,SBU,2.67,2.0
EDR,SLV,1.34,1.01
EDW,NDL,0.91,0.68
EDW,PMR,1.25,0.94
EDY,BNA,1.47,1.1
EDY,GTY,1.87,1.4
EDY,HDG,4.52,3.39
EDY,MAN,7.51,5.63
EDY,MIA,5.97,4.48
EFF,BKA,2.52,1.89
EFF,CSD,3.65,2.74
EFF,HSY,1.73,1.3
EFL,MDW,2.75,2.06
EFL,WTR,4.38,3.28
EGF,GRF,0.9,0.68
EGF,MIK,3.04,2.28
EGG,KGN,5.79,4.34
EGG,LAP,5.58,4.19
EGG,MRD,9.29,6.97
EGG,UMB,14.3,10.73
EGH,SNS,3.02,2.26
EGH,VIR,3.27,2.45
EGN,HOW,4.92,3.69
EGR,DMS,3.42,2.56
EGT,GLS,2.08,1.56
EGT,GMT,2.4,1.8
EGY,DAM,6.33,4.75
EGY,HYM,6.35,4.76
EGY,INK,11.45,8.59
EGY,SGL,1.38,1.03
EKB,NEG,3.13,2.35
EKB,SFI,5.0,3.75
EKL,HMY,2.53,1.9
ELD,RDH,1.47,1.1
ELD,SAF,2.9,2.17
ELE,CLK,1.3,0.98
ELE,EDN,1.79,1.34
ELG,FOR,18.97,14.23
ELG,KEH,23.62,17.72
ELO,BTF,4.05,3.04
ELP,INE,5.37,4.03
ELP,OVE,1.9,1.42
ELR,CLN,4.79,3.59
ELR,WOM,2.23,1.67
ELS,MIL,4.92,3.69
ELS,RDT,4.42,3.32
ELS,SAC,11.34,8.5
ELW,BKH,3.25,2.44
ELW,BXH,5.69,4.27
ELW,CTN,3.77,2.83
ELW,FCN,1.86,1.4
ELW,KDB,1.84,1.38
ELY,BND,25.26,18.94
ELY,CBG,23.58,17.68
ELY,CMB,20.13,15.1
ELY,LAK,19.17,14.38
ELY,LTP,8.6,6.45
ELY,MCH,22.22,16.66
ELY,MNE,13.31,9.98
ELY,PBO,40.53,30.4
ELY,SOJ,7.58,5.68
ELY,TTF,32.6,24.45
ELY,WBC,15.08,11.31
EMD,ATB,5.19,3.89
EMD,BEE,7.35,5.51
EMD,DBY,14.51,10.88
EMD,LBO,10.56,7.92
EMD,LEI,27.55,20.66
EMD,LGE,2.8,2.1
EMD,NOT,12.14,9.1
EML,BMG,2.76,2.07
EML,WMA,1.59,1.19
EMP,RMF,2.67,2.0
EMP,UPM,2.41,1.81
EMS,CCH,11.24,8.43
EMS,HAV,3.03,2.27
EMS,SOB,2.18,1.64
EMS,WBL,2.01,1.51
ENC,GDH,1.22,0.92
ENC,GPK,1.22,0.92
ENC,WIH,2.21,1.66
ENF,BHK,1.28,0.96
ENL,BMD,1.75,1.31
ENL,CHN,3.57,2.68
ENL,MRW,6.82,5.12
ENL,NUM,7.89,5.92
ENL,TOM,9.44,7.08
ENL,WLC,1.58,1.18
ENT,BMC,4.71,3.53
ENT,DWN,5.74,4.31
EPD,BAD,1.9,1.42
EPH,BFR,1.99,1.49
EPH,DMK,2.96,2.22
EPH,LGJ,3.05,2.29
EPS,AHD,3.3,2.47
EPS,CHE,4.46,3.34
EPS,EWE,2.25,1.69
EPS,EWW,1.92,1.44
ERA,BOM,1.64,1.23
ERA,HOO,1.19,0.89
ERD,CRD,0.92,0.69
ERD,GVH,1.75,1.31
ERH,BVD,1.94,1.46
ERH,SGR,1.9,1.42
ERI,AHS,5.58,4.19
ERI,COH,4.83,3.62
ERL,NLW,1.61,1.21
ERL,SHJ,4.56,3.42
ERL,WBQ,7.65,5.74
ERL,WGN,10.27,7.7
ESD,CIT,1.58,1.18
ESD,GRP,2.11,1.58
ESH,HER,2.55,1.91
ESH,SUR,3.7,2.78
ESL,CFR,2.85,2.14
ESL,CSA,24.35,18.26
ESL,HDE,5.66,4.24
ESL,PMH,25.62,19.22
ESL,PMS,26.3,19.72
ESL,PTC,20.75,15.56
ESL,SHW,6.05,4.54
ESL,SOA,2.24,1.68
ESL,WIN,11.1,8.32
ESM,NWE,6.66,5.0
ESM,SST,2.89,2.17
EST,BAI,4.13,3.1
EST,GAR,1.48,1.11
ESW,SMK,8.02,6.02
ESW,TRS,7.15,5.36
ETC,RBR,3.4,2.55
ETC,SOG,5.59,4.19
ETC,WAD,11.43,8.57
ETL,SFO,3.36,2.52
ETL,TIL,4.78,3.59
ETL,UPM,13.89,10.42
EUS,COV,135.45,101.59
EUS,CRE,233.62,175.22
EUS,HRW,15.49,11.62
EUS,LBZ,57.09,42.82
EUS,MKC,71.44,53.58
EUS,NUN,143.52,107.64
EUS,SOH,3.37,2.53
EUS,STA,196.24,147.18
EUS,TAM,162.7,122.02
EUS,WBQ,265.79,199.34
EUS,WFJ,23.53,17.65
EVE,HYB,7.68,5.76
EVE,MIM,20.61,15.46
EVE,PSH,9.2,6.9
EWD,TLK,1.31,0.98
EWD,WYT,1.55,1.16
EWE,CHE,2.21,1.66
EWE,EPS,2.25,1.69
EWR,LAC,2.31,1.73
EWR,WRH,1.54,1.16
EWW,EPS,1.92,1.44
EWW,SNL,1.59,1.19
EXC,DIG,4.4,3.3
EXC,EXD,0.81,0.61
EXC,HON,25.57,19.18
EXC,PIN,4.5,3.38
EXC,SJP,0.83,0.62
EXD,CDI,9.44,7.08
EXD,DWL,17.42,13.07
EXD,DWW,16.09,12.07
EXD,EXC,0.81,0.61
EXD,EXT,1.43,1.07
EXD,NTA,22.54,16.9
EXD,NTC,6.4,4.8
EXD,PLY,57.65,43.24
EXD,RDG,197.12,147.84
EXD,TAU,45.09,33.82
EXD,TVP,24.61,18.46
EXG,AND,0.75,0.56
EXG,GLC,1.63,1.22
EXG,PTK,1.83,1.37
EXM,LYM,3.22,2.42
EXN,LYC,0.71,0.53
EXN,TOP,2.41,1.81
EXR,HHY,0.78,0.58
EXR,OLD,1.74,1.3
EXT,EXD,1.43,1.07
EXT,SCS,11.82,8.86
EYN,SAY,4.19,3.14
EYN,SEH,3.56,2.67
FAL,FMT,0.7,0.52
FAV,NGT,16.14,12.1
FAV,SEG,5.16,3.87
FAV,SIT,11.38,8.54
FAV,TEY,6.29,4.72
FAV,WHI,11.12,8.34
FAZ,KIR,2.9,2.17
FAZ,RIL,2.16,1.62
FBY,FRE,1.4,1.05
FBY,HTO,3.29,2.47
FCN,ELW,1.86,1.4
FCN,WLI,1.73,1.3
FCN,WWD,3.92,2.94
FEA,POT,3.17,2.38
FEA,SHC,2.68,2.01
FEL,AFS,4.23,3.17
FEL,HOU,3.7,2.78
FEL,SNS,6.69,5.02
FEL,TWI,5.6,4.2
FEL,WTN,3.62,2.72
FEN,BLY,1.37,1.03
FEN,BWB,1.56,1.17
FER,CMH,2.11,1.58
FER,MTA,1.46,1.1
FFA,LLI,5.77,4.33
FFA,LLL,1.49,1.12
FFA,PTF,10.42,7.82
FFD,AVF,1.39,1.04
FFD,BOA,3.4,2.55
FFD,BTH,5.56,4.17
FGH,FGW,1.04,0.78
FGT,IFI,4.02,3.01
FGT,LVN,3.62,2.72
FGW,CLR,18.59,13.94
FGW,FGH,1.04,0.78
FIL,HUB,4.18,3.14
FIL,SEM,8.72,6.54
FIT,BPW,1.69,1.27
FIT,BRI,6.34,4.76
FIT,NWP,31.61,23.71
FIT,PWY,2.33,1.75
FIT,SRD,4.17,3.13
FIT,STJ,17.34,13.0
FKC,DVP,10.61,7.96
FKC,FKW,1.1,0.82
FKG,CMO,2.06,1.55
FKG,HYM,35.83,26.87
FKG,PMT,4.79,3.59
FKG,STG,16.04,12.03
FKK,CRO,15.69,11.77
FKK,HYM,36.08,27.06
FKK,LIN,12.34,9.25
FKK,LNZ,23.85,17.89
FKK,PMT,4.87,3.65
FKW,AFK,20.48,15.36
FKW,FKC,1.1,0.82
FKW,SDG,6.17,4.63
FLD,ADW,7.42,5.56
FLD,BRC,3.24,2.43
FLD,CRS,14.96,11.22
FLD,SHS,4.95,3.71
FLE,BSK,18.01,13.51
FLE,FNB,5.26,3.94
FLE,WNF,5.34,4.0
FLF,GUI,2.61,1.96
FLF,NWN,1.07,0.8
FLI,CSR,1.06,0.8
FLI,IRL,3.44,2.58
FLI,URM,2.05,1.54
FLM,MRY,2.97,2.23
FLM,WKG,5.51,4.13
FLN,CTR,17.83,13.37
FLN,PRT,20.63,15.47
FLN,RHL,24.89,18.67
FLN,SHT,7.52,5.64
FLT,BDM,14.78,11.08
FLT,HLN,4.63,3.47
FLW,HMP,2.55,1.91
FLW,TED,1.57,1.18
FLX,TRM,2.36,1.77
FML,AHV,4.75,3.56
FML,CAM,2.74,2.06
FMR,BTN,5.28,3.96
FMR,LWS,6.99,5.24
FMR,MCB,2.8,2.1
FMT,FAL,0.7,0.52
FMT,PNM,1.27,0.95
FNB,BKO,8.38,6.28
FNB,BSK,23.28,17.46
FNB,FLE,5.26,3.94
FNB,WOK,14.03,10.52
FNC,GLD,4.74,3.56
FNC,GOD,1.54,1.16
FNH,AHT,4.46,3.34
FNH,AON,13.87,10.4
FNH,BTY,6.28,4.71
FNN,BAW,4.07,3.05
FNN,NCM,3.03,2.27
FNR,LGF,4.54,3.4
FNR,SAY,4.69,3.52
FNT,CBK,10.46,7.85
FNT,HON,7.02,5.26
FNT,WHM,5.27,3.95
FNV,NMN,1.78,1.34
FNV,WBR,2.08,1.56
FNW,BON,3.67,2.75
FNW,KSL,1.0,0.75
FNW,MSS,1.1,0.82
FNW,SLD,10.23,7.67
FNY,HDH,1.39,1.04
FNY,WHD,0.64,0.48
FOC,LHA,4.43,3.32
FOC,TAY,8.84,6.63
FOD,ANG,6.43,4.82
FOD,ARU,3.08,2.31
FOD,BAA,4.29,3.22
FOD,LIT,3.15,2.36
FOD,TBD,43.32,32.49
FOD,WRH,14.28,10.71
FOG,MNP,1.48,1.11
FOG,MYL,1.33,1.0
FOH,HPA,1.39,1.04
FOH,SYD,1.3,0.98
FOK,BUL,1.56,1.17
FOK,SUT,1.66,1.24
FOR,ELG,18.97,14.23
FOR,NRN,15.23,11.42
FOX,GNR,2.49,1.87
FOX,KBF,3.43,2.57
FPK,AAP,3.86,2.9
FPK,DYP,1.3,0.98
FPK,HGY,1.4,1.05
FPK,KGX,3.95,2.96
FPK,PBR,15.91,11.93
FPK,STP,4.04,3.03
FPK,SVG,38.12,28.59
FPK,WGC,27.14,20.36
FRB,LLW,4.15,3.11
FRB,MFA,1.69,1.27
FRD,CTR,15.18,11.38
FRD,HSB,3.92,2.94
FRD,RUE,5.18,3.88
FRD,RUN,4.88,3.66
FRE,ANS,4.42,3.32
FRE,FBY,1.4,1.05
FRF,GTO,1.53,1.15
FRF,GUI,2.07,1.55
FRI,KBX,1.98,1.48
FRI,WON,1.95,1.46
FRL,LAR,4.62,3.47
FRL,WKB,6.21,4.66
FRM,BOE,8.5,6.38
FRM,CSA,8.83,6.62
FRM,FTN,10.42,7.82
FRM,HAV,14.78,11.08
FRM,PTC,4.78,3.59
FRM,SNW,5.76,4.32
FRM,SOU,16.69,12.52
FRN,IGD,14.69,11.02
FRN,TAI,5.31,3.98
FRO,BRU,16.03,12.02
FRO,WSB,8.89,6.67
FRS,ABC,11.71,8.78
FRS,KBC,11.26,8.44
FRS,KIL,20.7,15.52
FRT,TBW,3.66,2.74
FRT,WAD,3.64,2.73
FRW,DCT,0.73,0.55
FRW,WNG,0.7,0.52
FRY,BUH,4.84,3.63
FRY,HES,4.32,3.24
FSB,BOH,2.31,1.73
FSB,CCH,2.47,1.85
FSG,PLD,1.0,0.75
FSG,SWK,1.26,0.94
FSK,BSB,2.9,2.17
FSK,LOW,8.24,6.18
FSK,NCT,6.97,5.23
FSK,ROL,1.08,0.81
FST,LHS,2.72,2.04
FTM,GKW,2.15,1.61
FTM,GRK,1.38,1.03
FTN,BDH,8.44,6.33
FTN,CSA,5.11,3.83
FTN,FRM,10.42,7.82
FTN,HAV,9.16,6.87
FTN,HLS,3.7,2.78
FTN,PMS,1.21,0.91
FTW,BNV,2.63,1.97
FTW,SBR,13.63,10.22
FWY,BHM,1.26,0.94
FWY,UNI,2.73,2.05
FXN,CBG,10.05,7.54
FXN,STH,1.81,1.36
FYS,CMN,10.41,7.81
FYS,KWL,5.23,3.92
FZH,BDQ,2.72,2.04
FZH,SHY,1.5,1.12
FZP,COO,2.75,2.06
FZP,MAI,1.65,1.24
FZW,MRP,6.2,4.65
FZW,SES,7.21,5.41
FZW,SNA,7.89,5.92
GAL,SOI,9.01,6.76
GAL,TWB,3.26,2.44
GAR,EST,1.48,1.11
GAR,HST,6.93,5.2
GAR,SLS,1.92,1.44
GBD,BMF,3.97,2.98
GBD,BUH,10.31,7.73
GBD,EGN,3.73,2.8
GBD,GOO,10.5,7.88
GBD,HOW,8.65,6.49
GBD,SAM,5.86,4.4
GBG,NEG,3.09,2.32
GBG,SOI,20.03,15.02
GBK,CUD,4.59,3.44
GBK,MLD,13.44,10.08
GBK,NWI,2.64,1.98
GBL,DON,28.86,21.64
GBL,RET,14.28,10.71
GBL,SXY,14.94,11.2
GBS,ANG,3.96,2.97
GBS,DUR,1.52,1.14
GCH,ART,15.21,11.41
GCH,HLU,9.59,7.19
GCR,BHM,72.0,54.0
GCR,BPW,44.37,33.28
GCR,CDU,18.41,13.81
GCR,CNM,10.19,7.64
GCR,CPW,38.96,29.22
GCR,LYD,26.2,19.65
GCR,NWP,60.68,45.51
GCR,SHU,13.59,10.19
GCT,GMB,3.14,2.36
GCT,HLI,2.12,1.59
GCW,LLJ,1.99,1.49
GCW,TLC,4.55,3.41
GDH,CUF,5.14,3.86
GDH,CWH,2.49,1.87
GDH,ENC,1.22,0.92
GDL,GLO,7.05,5.29
GDL,HTY,1.19,0.89
GDL,NWN,0.98,0.74
GDN,EBR,7.79,5.84
GDN,NUF,5.91,4.43
GDP,HRO,2.33,1.75
GDP,RMF,1.76,1.32
GEA,ANN,12.79,9.59
GEA,CAR,14.93,11.2
GER,BCF,6.6,4.95
GER,DGC,2.76,2.07
GER,DNM,4.16,3.12
GER,HWY,13.89,10.42
GER,MYB,28.08,21.06
GER,SRG,4.27,3.2
GER,WCX,19.01,14.26
GER,WRU,8.4,6.3
GFD,SGN,1.15,0.86
GFF,BGD,0.92,0.69
GFF,PGM,1.55,1.16
GFN,CKS,1.98,1.48
GFN,THB,1.37,1.03
GGJ,FRS,31.22,23.42
GGJ,SCT,6.73,5.05
GGJ,THS,9.56,7.17
GGJ,WCK,22.09,16.57
GGV,HLD,8.8,6.6
GGV,SKI,5.63,4.22
GIG,CPY,8.45,6.34
GIG,LPR,5.9,4.43
GIL,TIS,13.86,10.4
GIL,TMC,10.78,8.08
GIP,CYP,1.05,0.79
GIP,WNW,1.61,1.21
GIR,BRL,17.14,12.86
GIR,MAY,15.88,11.91
GKC,CDY,1.36,1.02
GKC,GKW,0.97,0.73
GKC,PTG,4.13,3.1
GKW,FTM,2.15,1.61
GKW,GKC,0.97,0.73
GLC,AGS,0.51,0.38
GLC,AND,0.89,0.67
GLC,BDG,2.31,1.73
GLC,BLH,15.29,11.47
GLC,BRR,10.72,8.04
GLC,CAR,136.45,102.34
GLC,CBL,6.92,5.19
GLC,CDO,5.25,3.94
GLC,CMY,3.32,2.49
GLC,DUM,3.16,2.37
GLC,EXG,1.63,1.22
GLC,HLE,6.09,4.57
GLC,HLW,7.13,5.35
GLC,HYM,65.5,49.12
GLC,KWN,36.27,27.2
GLC,LOC,99.8,74.85
GLC,MTH,18.11,13.58
GLC,PLE,2.19,1.64
GLC,PLW,2.7,2.03
GLC,PWW,4.85,3.64
GLC,PYG,10.51,7.88
GLC,UDD,11.41,8.56
GLD,ASH,9.32,6.99
GLD,DPD,17.81,13.36
GLD,FNC,4.74,3.56
GLD,GOD,6.21,4.66
GLD,GOM,9.83,7.37
GLD,HAV,50.97,38.23
GLD,LRD,1.15,0.86
GLD,NCM,11.35,8.51
GLD,RDG,36.72,27.54
GLD,SFR,2.69,2.02
GLD,SOU,68.81,51.61
GLD,WAN,6.13,4.6
GLD,WAT,43.91,32.93
GLD,WOK,9.21,6.91
GLD,WPL,5.79,4.34
GLE,DBL,17.54,13.16
GLE,PTH,22.23,16.67
GLE,STG,21.39,16.04
GLF,LCL,13.03,9.77
GLF,LCS,9.89,7.42
GLG,DLY,4.3,3.22
GLG,JHN,15.09,11.32
GLG,KWN,9.49,7.12
GLG,LHW,6.5,4.88
GLG,MIN,13.04,9.78
GLH,CFD,1.86,1.4
GLH,PFM,2.82,2.11
GLM,CTM,2.16,1.62
GLM,RAI,4.8,3.6
GLO,BDB,4.48,3.36
GLO,DTG,1.51,1.13
GLO,GDL,7.05,5.29
GLO,HDF,2.11,1.58
GLQ,ASF,2.96,2.22
GLQ,BBG,4.89,3.67
GLQ,CHC,1.22,0.92
GLQ,CRO,16.94,12.71
GLQ,DMR,12.29,9.22
GLQ,EDB,66.99,50.24
GLQ,HST,0.73,0.55
GLQ,LBT,31.67,23.75
GLQ,SPR,2.57,1.93
GLQ,STG,34.7,26.02
GLS,EGT,2.08,1.56
GLS,LHM,3.12,2.34
GLT,CDD,7.72,5.79
GLT,KDY,5.79,4.34
GLT,MNC,4.37,3.28
GLY,BRK,7.05,5.29
GLY,LWS,4.32,3.24
GLY,PLG,13.04,9.78
GLZ,BWD,4.84,3.63
GLZ,IRL,1.93,1.45
GMB,CLE,3.82,2.86
GMB,GCT,3.14,2.36
GMB,GMD,1.36,1.02
GMB,HAB,12.81,9.61
GMD,GMB,1.36,1.02
GMD,NCE,1.09,0.82
GMG,MEW,1.12,0.84
GMG,TDU,6.32,4.74
GMN,AMR,7.72,5.79
GMN,WND,6.99,5.24
GMT,EGT,2.4,1.8
GMT,SLH,4.9,3.68
GMV,CWL,4.2,3.15
GMV,MVL,1.8,1.35
GMY,CTH,1.21,0.91
GMY,SVK,1.09,0.82
GNB,RET,15.1,11.32
GNF,MSL,3.28,2.46
GNF,MSN,9.02,6.76
GNF,SYB,6.85,5.14
GNH,DFD,4.15,3.11
GNH,GRV,6.18,4.64
GNH,SCG,1.05,0.79
GNH,SWM,2.14,1.61
GNL,BKC,0.67,0.5
GNL,RFY,1.21,0.91
GNR,FOX,2.49,1.87
GNR,MLM,4.1,3.08
GNT,NWA,5.98,4.49
GNT,RNR,6.64,4.98
GNW,DEP,0.84,0.63
GNW,MZH,1.34,1.01
GOB,CRK,4.83,3.62
GOB,SHR,27.98,20.98
GOD,FNC,1.54,1.16
GOD,GLD,6.21,4.66
GOD,HSL,12.94,9.7
GOD,MLF,2.88,2.16
GOE,BTD,1.6,1.2
GOE,THC,1.33,1.0
GOF,BYL,1.67,1.25
GOF,CAN,0.85,0.64
GOL,BRA,9.18,6.88
GOL,DNO,2.71,2.03
GOL,ROG,10.28,7.71
GOM,CHL,5.79,4.34
GOM,DKT,7.35,5.51
GOM,DPD,8.46,6.35
GOO,BUH,19.56,14.67
GOO,DON,26.91,20.18
GOO,GBD,10.5,7.88
GOO,RWC,5.97,4.48
GOO,SAM,4.65,3.49
GOO,TNN,11.81,8.86
GOR,CHO,5.69,4.27
GOR,PAN,4.98,3.74
GOS,ARN,4.94,3.71
GOS,CAK,4.97,3.73
GOS,KBK,2.89,2.17
GOX,NHL,3.19,2.39
GOX,TNA,2.68,2.01
GPK,ENC,1.22,0.92
GPK,WIH,0.99,0.74
GPO,HDH,1.0,0.75
GPO,KTW,1.02,0.76
GPO,UHL,1.76,1.32
GRA,ALK,17.88,13.41
GRA,ANC,11.55,8.66
GRA,BIN,21.44,16.08
GRA,BTF,11.15,8.36
GRA,DON,76.02,57.01
GRA,KGX,157.05,117.79
GRA,NNG,22.18,16.63
GRA,NOT,34.13,25.6
GRA,PBO,45.37,34.03
GRA,RET,49.82,37.36
GRA,SLR,18.44,13.83
GRA,SVG,115.6,86.7
GRB,ALR,4.71,3.53
GRB,TLS,6.64,4.98
GRB,WEE,3.46,2.6
GRC,AUD,6.23,4.67
GRC,WLF,5.23,3.92
GRF,CHF,10.69,8.02
GRF,CRG,4.58,3.44
GRF,EGF,0.9,0.68
GRF,LDS,10.86,8.14
GRF,SBY,20.98,15.74
GRF,SOM,8.78,6.58
GRF,ULL,12.75,9.56
GRF,YRK,26.13,19.6
GRH,GRL,7.66,5.74
GRH,SPS,3.85,2.89
GRK,FTM,1.38,1.03
GRL,CBC,8.34,6.26
GRL,CUB,1.15,0.86
GRL,GRH,7.66,5.74
GRN,DOR,7.76,5.82
GRN,HSG,2.79,2.09
GRP,ESD,2.11,1.58
GRP,HGR,3.02,2.26
GRP,SUP,1.9,1.42
GRS,HYN,3.26,2.44
GRS,SCH,0.81,0.61
GRS,YOK,1.51,1.13
GRT,ADV,10.08,7.56
GRT,SAL,17.04,12.78
GRV,EBD,3.17,2.38
GRV,GNH,6.18,4.64
GRV,HGM,7.1,5.32
GRV,NFL,2.98,2.24
GRV,SOO,10.52,7.89
GRY,CFH,2.61,1.96
GRY,PFL,5.92,4.44
GRY,TIL,2.71,2.03
GRY,UPM,10.43,7.82
GSC,PPK,1.69,1.27
GSC,SUM,0.64,0.48
GSD,DNT,4.97,3.73
GSD,KSW,15.14,11.36
GSD,SET,28.45,21.34
GSL,CSK,2.19,1.64
GSN,BWO,2.6,1.95
GSN,WFN,1.35,1.01
GST,APB,2.7,2.03
GST,WGW,4.36,3.27
GSW,BYN,2.0,1.5
GSW,SNH,5.51,4.13
GSY,BLD,3.87,2.9
GSY,LDS,14.23,10.67
GSY,MNN,2.26,1.69
GTA,BTT,3.83,2.87
GTA,NNT,5.49,4.12
GTH,CIM,5.36,4.02
GTH,LLM,2.71,2.03
GTN,CDF,1.21,0.91
GTN,CGN,2.34,1.76
GTN,DGL,3.06,2.3
GTO,ABY,1.82,1.36
GTO,FRF,1.53,1.15
GTO,GUI,3.6,2.7
GTO,MAN,4.19,3.14
GTR,CEL,6.21,4.66
GTR,HCH,3.1,2.33
GTW,ECR,24.77,18.58
GTW,HHE,17.27,12.95
GTW,HOR,1.37,1.03
GTW,RDH,9.32,6.99
GTW,TBD,4.4,3.3
GTY,EDY,1.87,1.4
GTY,HDG,2.66,2.0
GTY,MAN,9.28,6.96
GTY,MIA,4.22,3.16
GUI,ABY,5.35,4.01
GUI,FLF,2.61,1.96
GUI,FRF,2.07,1.55
GUI,GTO,3.6,2.7
GUI,HYT,2.17,1.63
GUN,KWG,1.71,1.28
GUN,SAT,0.95,0.71
GVE,DIN,16.01,12.01
GVE,LCC,7.28,5.46
GVH,AST,1.7,1.27
GVH,ERD,1.75,1.31
GWE,CYB,3.05,2.29
GWE,WRX,2.69,2.02
GWN,LLE,9.09,6.82
GWN,SWA,7.02,5.26
GYM,ACL,12.21,9.16
GYM,BYA,6.6,4.95
GYM,REE,12.12,9.09
GYP,MTO,1.69,1.27
GYP,NNT,0.85,0.64
HAB,BTB,9.98,7.48
HAB,GMB,12.81,9.61
HAB,SLL,5.93,4.45
HAB,ULC,2.71,2.03
HAC,BET,2.7,2.03
HAC,CPT,1.45,1.09
HAC,LOF,0.86,0.64
HAC,LST,3.74,2.8
HAC,REC,1.25,0.94
HAC,SVS,3.89,2.92
HAC,TOM,4.4,3.3
HAD,REE,5.81,4.36
HAD,SYT,2.9,2.17
HAF,HXX,1.65,1.24
HAG,BKD,2.69,2.02
HAG,KID,7.56,5.67
HAG,SBJ,2.94,2.2
HAI,CUX,2.66,2.0
HAI,SDA,2.49,1.87
HAL,ALT,0.97,0.73
HAL,ASY,2.56,1.92
HAM,HOL,4.4,3.3
HAM,POO,2.62,1.96
HAM,WRM,7.65,5.74
HAN,STL,2.84,2.13
HAN,WEA,1.32,0.99
HAP,CHM,9.79,7.34
HAP,WTM,4.35,3.26
HAS,BRP,6.01,4.51
HAS,DSM,8.28,6.21
HAT,KGX,26.69,20.02
HAT,PBR,7.58,5.68
HAT,WGC,4.21,3.16
HAT,WMG,3.08,2.31
HAV,BDH,1.0,0.75
HAV,CCH,14.26,10.7
HAV,CSA,6.19,4.64
HAV,EMS,3.03,2.27
HAV,FRM,14.78,11.08
HAV,FTN,9.16,6.87
HAV,GLD,50.97,38.23
HAV,PTR,17.18,12.88
HAV,RLN,4.53,3.4
HAV,SOU,30.89,23.17
HAV,WBL,1.02,0.76
HAY,EAL,8.34,6.26
HAY,HXX,3.97,2.98
HAY,LNY,8.4,6.3
HAY,SLO,11.87,8.9
HAY,STL,2.93,2.2
HAY,WDT,3.65,2.74
HAZ,DSL,5.7,4.28
HAZ,MDL,3.23,2.42
HAZ,WSR,1.59,1.19
HBB,BSN,5.3,3.98
HBB,HEC,12.32,9.24
HBB,SWE,5.2,3.9
HBD,BYM,16.63,12.47
HBD,HFX,10.35,7.76
HBD,MYT,2.05,1.54
HBD,SOW,7.49,5.62
HBD,TOD,6.52,4.89
HBN,BSD,3.69,2.77
HBN,HRM,3.84,2.88
HBP,HGT,1.64,1.23
HBP,PNL,2.44,1.83
HBY,DTW,8.5,6.38
HBY,KID,5.71,4.28
HCB,CSH,1.36,1.02
HCB,MIJ,1.69,1.27
HCH,ALD,13.92,10.44
HCH,GTR,3.1,2.33
HCH,SDB,6.12,4.59
HCN,AFK,17.52,13.14
HCN,PLC,8.43,6.32
HCN,SPU,5.41,4.06
HCT,ACR,2.64,1.98
HCT,HPN,2.2,1.65
HDB,BLL,6.29,4.72
HDB,HEX,9.74,7.3
HDB,HWH,13.79,10.34
HDE,BOE,3.04,2.28
HDE,ESL,5.66,4.24
HDF,DTG,1.31,0.98
HDF,GLO,2.11,1.58
HDG,EDY,4.52,3.39
HDG,GTY,2.66,2.0
HDG,MAN,11.91,8.93
HDG,MIA,2.42,1.82
HDH,FNY,1.39,1.04
HDH,GPO,1.0,0.75
HDL,HRW,2.0,1.5
HDL,HTE,1.2,0.9
HDM,BCS,20.55,15.41
HDM,BIT,19.66,14.74
HDM,HWY,20.76,15.57
HDM,MYB,60.42,45.32
HDM,PRR,8.97,6.73
HDN,SBP,1.48,1.11
HDN,WIJ,1.15,0.86
HDW,NBA,2.22,1.67
HDW,PBR,3.39,2.54
HDY,BUY,1.23,0.92
HDY,HRS,4.07,3.05
HEC,BSN,17.61,13.21
HEC,SLR,8.05,6.04
HEC,SWE,7.2,5.4
HED,HGN,3.4,2.55
HED,HNX,2.06,1.55
HEI,NAY,1.93,1.45
HEI,NRD,7.0,5.25
HEL,SNI,5.7,4.28
HEL,WBD,2.88,2.16
HEN,CRI,3.0,2.25
HEN,MIL,3.72,2.79
HER,ESH,2.55,1.91
HER,WAL,1.78,1.34
HES,FRY,4.32,3.24
HES,HUL,6.98,5.24
HEV,CWN,3.05,2.29
HEV,EBT,2.85,2.14
HEW,NCL,4.34,3.26
HEW,SUN,12.21,9.16
HEX,CRB,4.98,3.74
HEX,HDB,9.74,7.3
HEX,HWH,23.52,17.64
HEX,PRU,14.74,11.06
HFD,AGV,34.16,25.62
HFD,CRV,43.26,32.44
HFD,LED,19.46,14.6
HFD,LEO,18.3,13.73
HFD,LUD,34.45,25.84
HFD,SHR,72.38,54.28
HFE,WAR,3.2,2.4
HFN,BAY,4.58,3.44
HFN,CUF,10.1,7.58
HFN,SVG,13.91,10.43
HFN,WAS,6.68,5.01
HFS,KKS,4.4,3.3
HFS,TNN,4.56,3.42
HFS,TNS,4.87,3.65
HFX,BDI,10.46,7.85
HFX,BGH,5.52,4.14
HFX,HBD,10.35,7.76
HFX,LMR,7.45,5.59
HFX,SOW,3.72,2.79
HGD,BDW,7.17,5.38
HGD,KIT,4.8,3.6
HGD,NBY,13.28,9.96
HGD,PEW,19.68,14.76
HGD,RDG,37.79,28.34
HGF,ATN,1.23,0.92
HGF,DSY,1.52,1.14
HGG,DLJ,0.6,0.45
HGG,HOX,0.8,0.6
HGM,GRV,7.1,5.32
HGM,SOO,4.08,3.06
HGN,HED,3.4,2.55
HGN,LPY,7.76,5.82
HGN,WAW,9.36,7.02
HGN,WID,2.84,2.13
HGR,GRP,3.02,2.26
HGR,LBG,8.17,6.13
HGR,LEE,1.17,0.88
HGR,LEW,1.66,1.24
HGR,SAJ,2.32,1.74
HGS,ORE,1.49,1.12
HGS,SLQ,1.14,0.86
HGT,HBP,1.64,1.23
HGT,HRS,17.3,12.98
HGT,SBE,2.47,1.85
HGY,FPK,1.4,1.05
HGY,HRN,1.12,0.84
HHD,BNG,34.28,25.71
HHD,RHO,11.58,8.68
HHD,VAL,5.37,4.03
HHE,BAB,6.01,4.51
HHE,BTN,19.77,14.83
HHE,BUG,5.96,4.47
HHE,GTW,17.27,12.95
HHE,PRP,18.06,13.54
HHE,TBD,13.02,9.76
HHE,WVF,4.74,3.56
HHL,CDQ,3.93,2.95
HHL,LLS,1.8,1.35
HHY,CIR,0.98,0.74
HHY,CMD,2.66,2.0
HHY,CNN,0.73,0.55
HHY,DYP,0.75,0.56
HHY,EXR,0.78,0.58
HIA,BHI,2.99,2.24
HIA,BKW,5.35,4.01
HIB,TBW,2.36,1.77
HIB,TON,4.7,3.53
HID,BMC,1.82,1.36
HID,BON,2.72,2.04
HIG,BWT,10.1,7.58
HIG,WSM,14.03,10.52
HIL,ANS,2.55,1.91
HIL,BDL,1.43,1.07
HIN,DSY,3.95,2.96
HIP,CHI,2.82,2.11
HIP,WST,2.47,1.85
HIR,RHD,7.35,5.51
HIR,SET,9.28,6.96
HIT,ARL,8.09,6.07
HIT,BIW,14.62,10.96
HIT,LET,3.78,2.84
HIT,PBO,69.16,51.87
HIT,RYS,19.64,14.73
HIT,SNO,30.97,23.23
HIT,SVG,6.92,5.19
HKC,DLK,1.38,1.03
HKC,HMN,1.2,0.9
HKH,CKT,2.06,1.55
HKH,PCN,1.58,1.18
HKM,CLM,11.64,8.73
HKM,LCN,5.17,3.88
HKM,SWD,7.53,5.65
HKN,BLW,4.29,3.22
HKN,KKB,7.87,5.9
HKN,NOT,10.65,7.99
HKN,NSD,4.12,3.09
HKW,HMN,0.95,0.71
HKW,SRA,1.55,1.16
HLB,SEV,7.64,5.73
HLB,TON,3.95,2.96
HLC,CGD,1.7,1.27
HLD,GGV,8.8,6.6
HLD,LPR,1.93,1.45
HLD,SET,7.13,5.35
HLD,SKI,14.43,10.82
HLE,CDO,0.91,0.68
HLE,GLC,6.09,4.57
HLE,HLW,1.06,0.8
HLE,PYG,4.43,3.32
HLF,BRN,0.85,0.64
HLF,MLN,2.33,1.75
HLG,SRI,0.92,0.69
HLG,YRD,1.8,1.35
HLI,GCT,2.12,1.59
HLI,SLL,1.63,1.22
HLL,CDQ,3.84,2.88
HLL,TGS,1.2,0.9
HLM,DKG,6.67,5.0
HLM,OLY,3.44,2.58
HLN,FLT,4.63,3.47
HLN,LEA,6.82,5.12
HLR,BLN,1.39,1.04
HLR,HTO,3.0,2.25
HLS,BDH,5.26,3.94
HLS,CSA,1.68,1.26
HLS,FTN,3.7,2.78
HLS,HAV,6.15,4.61
HLU,DBC,12.5,9.38
HLU,GCH,9.59,7.19
HLW,GLC,7.13,5.35
HLW,HLE,1.06,0.8
HLW,PYG,3.44,2.58
HLY,BLH,3.23,2.42
HLY,CRF,1.27,0.95
HLY,SHS,10.99,8.24
HMC,THD,1.53,1.15
HMD,BEX,14.75,11.06
HMD,EBN,3.01,2.26
HMD,PEV,3.86,2.9
HMD,PLG,3.63,2.72
HME,BUO,2.22,1.67
HME,NTL,0.97,0.73
HML,APS,2.21,1.66
HML,BKM,5.42,4.07
HML,WFJ,10.91,8.18
HMM,CTL,2.41,1.81
HMM,POP,9.07,6.8
HMN,HKC,1.2,0.9
HMN,HKW,0.95,0.71
HMP,FLW,2.55,1.91
HMP,KMP,2.67,2.0
HMP,SUU,3.18,2.39
HMS,BRA,16.28,12.21
HMS,KIL,13.74,10.31
HMT,AFK,8.51,6.38
HMT,APD,4.73,3.55
HMW,KNG,0.81,0.61
HMW,TED,1.79,1.34
HMY,BUS,3.34,2.5
HMY,EKL,2.53,1.9
HMY,THT,2.09,1.57
HNA,CHR,5.21,3.91
HNA,NWM,3.98,2.99
HNB,BCH,12.84,9.63
HNB,CSW,3.51,2.63
HNB,WHI,5.92,4.44
HNC,AIR,2.99,2.24
HNC,CTE,2.32,1.74
HNC,HNW,1.15,0.86
HND,CBY,9.56,7.17
HND,OXF,10.68,8.01
HNF,CAO,2.94,2.2
HNF,RGT,6.64,4.98
HNG,PGM,2.6,1.95
HNG,YSM,1.39,1.04
HNH,BRX,1.42,1.06
HNH,DMK,1.87,1.4
HNH,EPH,4.55,3.41
HNH,LGJ,1.5,1.12
HNH,TUH,1.51,1.13
HNH,WDU,1.58,1.18
HNK,NBR,12.09,9.07
HNK,NUN,6.3,4.72
HNK,SWS,16.92,12.69
HNL,DZY,4.47,3.35
HNL,TLK,8.68,6.51
HNL,WWW,2.8,2.1
HNT,INS,15.24,11.43
HNT,KEH,15.92,11.94
HNW,BLT,2.89,2.17
HNW,HNC,1.15,0.86
HNX,HED,2.06,1.55
HNX,LPY,2.31,1.73
HOC,RFD,3.85,2.89
HOC,RLG,4.33,3.25
HOH,MYB,13.48,10.11
HOH,RIC,11.67,8.75
HOK,BSK,8.84,6.63
HOK,WNF,3.84,2.88
HOL,HAM,4.4,3.3
HOL,WRM,3.34,2.5
HON,AXM,12.92,9.69
HON,FNT,7.02,5.26
HON,WHM,12.21,9.16
HOO,BAC,11.28,8.46
HOO,CPU,4.72,3.54
HOO,ERA,1.19,0.89
HOO,LTT,2.59,1.94
HOP,BAM,2.73,2.05
HOP,EDL,6.19,4.64
HOR,GTW,1.37,1.03
HOR,PUR,19.04,14.28
HOR,RDH,7.95,5.96
HOR,SAF,3.67,2.75
HOT,SHI,2.83,2.12
HOU,BFD,4.62,3.47
HOU,BNS,8.41,6.31
HOU,FEL,3.7,2.78
HOU,ISL,2.2,1.65
HOU,TWI,2.64,1.98
HOU,WTN,1.47,1.1
HOV,AGT,0.75,0.56
HOV,BTN,2.18,1.64
HOV,PLD,2.43,1.82
HOV,PRP,1.62,1.22
HOV,SSE,7.1,5.32
HOW,BUH,18.96,14.22
HOW,GBD,8.65,6.49
HOW,SBY,13.5,10.12
HOW,WRS,4.27,3.2
HOX,HGG,0.8,0.6
HOX,SDC,1.0,0.75
HOY,BBW,1.65,1.24
HOY,BHS,1.42,1.06
HOZ,GLG,10.59,7.94
HOZ,LHW,4.22,3.16
HOZ,MIN,2.46,1.84
HPA,BCY,1.68,1.26
HPA,FOH,1.39,1.04
HPD,LTN,7.13,5.35
HPD,LUT,8.63,6.47
HPD,SAC,7.36,5.52
HPE,CGW,1.09,0.82
HPE,PNF,3.1,2.33
HPL,EAG,19.75,14.81
HPL,HRE,10.3,7.72
HPL,SEC,3.19,2.39
HPL,SUN,26.8,20.1
HPN,HCT,2.2,1.65
HPN,RSG,2.33,1.75
HPQ,DVC,1.99,1.49
HPQ,MNG,14.39,10.79
HPQ,WRB,5.77,4.33
HPT,BME,3.93,2.95
HPT,BUK,4.51,3.38
HRD,TTF,11.77,8.83
HRE,HPL,10.3,7.72
HRE,SEA,8.77,6.58
HRH,BAA,34.47,25.85
HRH,CHH,3.54,2.66
HRH,CRW,10.59,7.94
HRH,LVN,1.71,1.28
HRH,PUL,18.35,13.76
HRH,WNH,3.07,2.3
HRL,LDN,2.97,2.23
HRL,TYG,4.15,3.11
HRM,HBN,3.84,2.88
HRM,LEN,2.72,2.04
HRN,AAP,1.43,1.07
HRN,HGY,1.12,0.84
HRO,BRE,5.09,3.82
HRO,GDP,2.33,1.75
HRR,PRN,4.94,3.71
HRR,WKG,3.56,2.67
HRS,HDY,4.07,3.05
HRS,HGT,17.3,12.98
HRS,LDS,8.01,6.01
HRS,WET,9.01,6.76
HRW,BSH,6.98,5.24
HRW,EUS,15.49,11.62
HRW,HDL,2.0,1.5
HRW,KNT,1.62,1.22
HRW,WFJ,9.09,6.82
HRW,WMB,5.09,3.82
HRY,CRH,1.47,1.1
HRY,STO,1.84,1.38
HSB,CTR,11.35,8.51
HSB,FRD,3.92,2.94
HSB,RUE,9.08,6.81
HSC,BCB,2.65,1.99
HSC,PBL,2.31,1.73
HSD,PRY,2.44,1.83
HSD,TAB,4.02,3.01
HSG,BAM,2.92,2.19
HSG,GRN,2.79,2.09
HSK,BTN,10.65,7.99
HSK,BUG,3.47,2.6
HSK,HOV,10.09,7.57
HSK,PRP,8.77,6.58
HSL,GOD,12.94,9.7
HSL,LIP,5.98,4.49
HSL,MLF,10.09,7.57
HSL,PTR,18.0,13.5
HSL,WTY,7.12,5.34
HST,BLG,0.96,0.72
HST,GAR,6.93,5.2
HST,GLQ,0.73,0.55
HST,SLS,5.04,3.78
HSW,NES,4.2,3.15
HSW,UPT,6.32,4.74
HSY,CLA,4.99,3.74
HSY,EFF,1.73,1.3
HTC,LVM,2.28,1.71
HTC,SPT,2.47,1.85
HTE,CPK,2.33,1.75
HTE,HDL,1.2,0.9
HTF,ACB,4.23,3.17
HTF,WSF,6.92,5.19
HTH,CHU,3.68,2.76
HTH,WML,2.34,1.76
HTN,DDG,10.12,7.59
HTN,LPW,6.24,4.68
HTN,WRP,4.27,3.2
HTO,FBY,3.29,2.47
HTO,HLR,3.0,2.25
HTW,CEA,4.5,3.38
HTW,SHS,2.68,2.01
HTY,BDB,1.65,1.24
HTY,GDL,1.19,0.89
HUB,BEM,10.14,7.6
HUB,FIL,4.18,3.14
HUD,BGH,5.55,4.16
HUD,DEW,11.11,8.33
HUD,DHN,3.14,2.36
HUD,LCK,1.85,1.39
HUD,LDS,22.59,16.94
HUD,MCV,35.12,26.34
HUD,MSL,22.57,16.93
HUD,SWT,6.92,5.19
HUD,SYB,25.83,19.37
HUL,BUH,15.46,11.6
HUL,CGM,5.75,4.31
HUL,HES,6.98,5.24
HUN,PBO,27.68,20.76
HUN,SNO,11.44,8.58
HUP,TRA,1.09,0.82
HUP,URM,1.79,1.34
HUR,EBT,6.61,4.96
HUR,LFD,7.6,5.7
HUR,OXT,1.62,1.22
HUT,ARR,7.92,5.94
HUT,BEV,12.63,9.47
HUT,DRF,5.1,3.82
HUY,BGE,3.37,2.53
HUY,LIV,8.94,6.7
HUY,PSC,3.29,2.47
HUY,RNH,5.14,3.86
HUY,ROB,0.86,0.64
HUY,SNH,8.89,6.67
HUY,WHN,3.12,2.34
HVF,CLR,7.58,5.68
HVF,JOH,5.68,4.26
HVN,SKG,5.15,3.86
HVN,WFL,2.77,2.08
HWB,NES,8.52,6.39
HWB,SHT,0.72,0.54
HWC,DVC,0.73,0.55
HWD,BCK,2.95,2.21
HWD,SHT,3.05,2.29
HWH,BLL,7.51,5.63
HWH,BMP,15.84,11.88
HWH,CAR,31.26,23.45
HWH,HDB,13.79,10.34
HWH,HEX,23.52,17.64
HWH,WRL,25.32,18.99
HWI,BLK,2.47,1.85
HWI,BON,7.53,5.65
HWI,CRL,10.08,7.56
HWI,LOT,3.08,2.31
HWM,HWN,2.76,2.07
HWM,SAW,3.29,2.47
HWN,BIS,10.66,8.0
HWN,BXB,8.24,6.18
HWN,HWM,2.76,2.07
HWN,RYN,4.1,3.08
HWN,SAW,5.82,4.36
HWN,SST,15.18,11.38
HWN,TOM,23.96,17.97
HWV,HXX,2.78,2.08
HWW,BWO,1.69,1.27
HWW,PKT,0.91,0.68
HWY,BCF,7.3,5.48
HWY,BCS,41.3,30.98
HWY,BIT,40.37,30.28
HWY,GER,13.89,10.42
HWY,HDM,20.76,15.57
HWY,MYB,41.94,31.46
HWY,PRR,11.94,8.96
HWY,SDR,7.55,5.66
HWY,WRU,22.27,16.7
HXM,NRW,11.97,8.98
HXM,NWA,11.38,8.54
HXM,SAH,4.59,3.44
HXM,WRT,6.87,5.15
HXX,HAF,1.65,1.24
HXX,HAY,3.97,2.98
HXX,HWV,2.78,2.08
HXX,PAD,19.58,14.68
HYB,EVE,7.68,5.76
HYB,MIM,15.24,11.43
HYC,GUI,3.15,2.36
HYC,HYT,1.4,1.05
HYC,WLY,2.55,1.91
HYD,KGS,11.43,8.57
HYD,TAC,4.22,3.16
HYH,CET,1.61,1.21
HYH,COL,2.87,2.15
HYH,WIV,3.79,2.84
HYK,MNR,0.71,0.53
HYK,WKI,1.92,1.44
HYL,CBN,9.1,6.82
HYL,SER,2.49,1.87
HYM,CAR,118.73,89.05
HYM,CUP,43.28,32.46
HYM,DEE,58.83,44.12
HYM,EDB,2.02,1.52
HYM,EDP,5.92,4.44
HYM,EGY,6.35,4.76
HYM,FKG,35.83,26.87
HYM,FKK,36.08,27.06
HYM,GLC,65.5,49.12
HYM,INK,14.83,11.12
HYM,KDY,18.77,14.08
HYM,LEU,51.81,38.86
HYM,LIN,23.74,17.8
HYM,LOC,91.91,68.93
HYM,LVG,19.48,14.61
HYM,SGL,5.16,3.87
HYM,SLA,2.64,1.98
HYM,STG,48.59,36.44
HYN,ANL,1.17,0.88
HYN,DMR,7.85,5.89
HYN,GRS,3.26,2.44
HYN,JOR,0.76,0.57
HYN,PTK,1.16,0.87
HYR,TOO,2.03,1.52
HYR,WIM,1.3,0.98
HYS,WWI,1.81,1.36
HYT,GUI,2.17,1.63
HYT,HYC,1.4,1.05
HYW,CLG,1.62,1.22
HYW,SUR,3.2,2.4
IFD,MNP,1.78,1.34
IFD,SVK,1.99,1.49
IFI,CRW,2.0,1.5
IFI,FGT,4.02,3.01
IFI,LVN,7.64,5.73
IGD,ASS,4.46,3.34
IGD,DIN,18.05,13.54
IGD,FRN,14.69,11.02
ILK,BEY,1.62,1.22
ILN,ALF,14.36,10.77
ILN,LGM,4.94,3.71
ILN,NOT,10.54,7.9
IMW,CLJ,1.36,1.02
IMW,WBP,1.75,1.31
INC,DSY,6.39,4.79
INC,WGN,1.44,1.08
INC,WGW,1.5,1.12
INC,WHG,6.15,4.61
INE,HSB,3.03,2.27
ING,DEE,5.3,3.98
ING,PTH,24.58,18.43
INH,CUA,0.66,0.5
INH,LRG,8.53,6.4
INK,DAG,1.95,1.46
INK,EGY,11.45,8.59
INK,HYM,14.83,11.12
INK,KDY,16.63,12.47
INK,NQU,2.47,1.85
INK,ROS,2.28,1.71
INP,BCN,5.76,4.32
INP,WMS,3.49,2.62
INR,INS,15.7,11.77
INR,KTR,4.96,3.72
INS,HNT,15.24,11.43
INS,INR,15.7,11.77
INT,CHM,9.66,7.24
INT,SNF,5.5,4.12
INV,AVM,40.12,30.09
INV,BEL,14.76,11.07
INV,CAG,32.54,24.4
INV,IVA,11.62,8.72
IPS,COL,23.96,17.97
IPS,DIS,35.96,26.97
IPS,HPQ,13.77,10.33
IPS,MNG,13.18,9.88
IPS,NMT,12.88,9.66
IPS,SMK,18.35,13.76
IPS,WDB,12.65,9.49
IPS,WFI,3.68,2.76
IRL,BWD,6.76,5.07
IRL,FLI,3.44,2.58
IRL,GLZ,1.93,1.45
IRL,URM,5.49,4.12
IRV,BSS,5.74,4.31
IRV,KWN,5.47,4.1
IRV,TRN,7.67,5.75
ISL,HOU,2.2,1.65
ISL,SYL,1.13,0.85
ISP,BIT,9.75,7.31
ISP,OXP,3.46,2.6
IVA,INV,11.62,8.72
IVA,NRN,12.09,9.07
IVR,LNY,2.43,1.82
IVR,WDT,2.39,1.79
IVY,PLY,17.03,12.77
IVY,TOT,16.0,12.0
JCH,MBR,3.53,2.65
JCH,MTO,1.07,0.8
JEQ,BSW,1.12,0.84
JEQ,THW,3.87,2.9
JHN,DLY,19.31,14.48
JHN,GLG,15.09,11.32
JHN,HOZ,4.58,3.44
JHN,KWN,23.71,17.78
JHN,MIN,2.14,1.61
JHN,PYG,5.14,3.86
JOH,HVF,5.68,4.26
JOH,MFH,5.57,4.18
JOR,HYN,0.76,0.57
JOR,SCH,1.71,1.28
KBC,FRS,11.26,8.44
KBC,KIL,10.53,7.9
KBF,ASK,4.92,3.69
KBF,FOX,3.43,2.57
KBK,CAK,3.14,2.36
KBK,GOS,2.89,2.17
KBN,QPW,0.98,0.74
KBN,SOH,1.04,0.78
KBW,LET,12.91,9.68
KBW,SVG,4.11,3.08
KBW,WLW,4.83,3.62
KBX,FRI,1.98,1.48
KBX,TLS,3.74,2.8
KCK,CLD,1.91,1.43
KCK,DNG,6.15,4.61
KDB,BKH,1.43,1.07
KDB,ELW,1.84,1.38
KDG,ASG,3.66,2.74
KDG,CNG,8.66,6.5
KDG,LPT,5.35,4.01
KDG,SOT,9.73,7.3
KDY,GLT,5.79,4.34
KDY,HYM,18.77,14.08
KDY,INK,16.63,12.47
KDY,KGH,4.77,3.58
KDY,LEU,33.78,25.34
KDY,MNC,10.15,7.61
KEH,ELG,23.62,17.72
KEH,HNT,15.92,11.94
KEI,BIY,4.73,3.55
KEI,CFL,3.83,2.87
KEI,SHY,9.25,6.94
KEI,SKI,12.99,9.74
KEI,SON,4.57,3.43
KEL,MKT,7.14,5.36
KEL,WTM,5.82,4.36
KEM,STD,15.52,11.64
KEM,SWI,20.52,15.39
KEN,BUD,3.1,2.33
KEN,OXN,3.19,2.39
KET,BDM,33.38,25.04
KET,COR,10.89,8.17
KET,LEI,37.56,28.17
KET,MHR,15.42,11.56
KET,STP,104.59,78.44
KET,WEL,10.66,8.0
KEY,DOC,0.86,0.64
KEY,SBF,1.4,1.05
KEY,SBV,1.52,1.14
KGE,SLA,1.61,1.21
KGE,WTA,1.29,0.97
KGH,BTS,3.91,2.93
KGH,KDY,4.77,3.58
KGL,APS,3.37,2.53
KGL,HML,5.39,4.04
KGL,WFJ,5.57,4.18
KGM,CBY,10.11,7.58
KGM,MIM,11.15,8.36
KGN,EGG,5.79,4.34
KGN,PMA,3.93,2.95
KGN,UMB,8.66,6.5
KGP,CFF,1.2,0.9
KGP,LGS,1.89,1.42
KGP,MFL,1.2,0.9
KGS,BAN,5.4,4.05
KGS,BCS,15.87,11.9
KGS,HYD,11.43,8.57
KGT,NAR,7.53,5.65
KGT,SDF,1.12,0.84
KGX,BIW,62.33,46.75
KGX,CBG,75.96,56.97
KGX,DON,231.86,173.9
KGX,FPK,3.95,2.96
KGX,GRA,157.05,117.79
KGX,LDS,269.52,202.14
KGX,LET,50.49,37.87
KGX,NCL,395.03,296.27
KGX,NNG,178.56,133.92
KGX,PBO,116.46,87.34
KGX,SVG,41.65,31.24
KGX,WLW,32.89,24.67
KGX,YRK,277.75,208.31
KID,BKD,4.92,3.69
KID,DTW,14.06,10.55
KID,HAG,7.56,5.67
KID,HBY,5.71,4.28
KID,SBJ,10.03,7.52
KIL,HMS,13.74,10.31
KIL,KBC,10.53,7.9
KIN,AVM,18.33,13.75
KIN,BLA,36.83,27.62
KIN,NWR,4.55,3.41
KIN,PIT,45.96,34.47
KIR,FAZ,2.9,2.17
KIR,RNF,8.25,6.19
KIT,HGD,4.8,3.6
KIT,NBY,8.56,6.42
KIT,NRC,9.6,7.2
KIV,KVP,1.9,1.42
KIV,SHF,13.59,10.19
KIV,WDH,6.51,4.88
KKB,HKN,7.87,5.9
KKB,NSD,3.77,2.83
KKB,SPK,1.64,1.23
KKD,RIL,2.3,1.72
KKD,SDL,1.35,1.01
KKD,WAO,2.03,1.52
KKH,BUI,2.23,1.67
KKH,NTN,2.29,1.72
KKM,MOS,4.79,3.59
KKM,PFY,9.82,7.36
KKM,PRE,11.91,8.93
KKM,SLW,4.13,3.1
KKN,BLH,37.86,28.4
KKN,CUH,7.22,5.42
KKN,LVG,4.7,3.53
KKS,DON,6.36,4.77
KKS,HFS,4.4,3.3
KLD,BTT,2.72,2.04
KLD,COM,6.02,4.51
KLF,APY,5.88,4.41
KLF,LDS,5.68,4.26
KLF,SHY,10.21,7.66
KLM,KMK,3.43,2.57
KLM,STT,5.06,3.8
KLN,WTG,9.07,6.8
KLY,PUR,1.66,1.24
KLY,WHY,2.14,1.61
KMH,BSJ,4.83,3.62
KMH,SWR,2.82,2.11
KMK,AUK,20.31,15.23
KMK,KLM,3.43,2.57
KMK,TRN,12.51,9.38
KML,QBR,6.0,4.5
KML,SIT,2.28,1.71
KML,SWL,3.09,2.32
KMP,HMP,2.67,2.0
KMP,SUU,0.63,0.47
KMS,BRG,4.11,3.08
KMS,OTF,3.94,2.96
KNA,CTL,9.93,7.45
KNA,SBE,2.28,1.71
KND,CHP,3.34,2.5
KND,TAD,1.74,1.3
KNE,BSE,15.39,11.54
KNE,NMK,7.21,5.41
KNE,SOJ,12.75,9.56
KNF,MOB,4.04,3.03
KNF,PLM,4.38,3.28
KNG,HMW,0.81,0.61
KNG,NBT,1.18,0.88
KNI,BUK,6.51,4.88
KNI,KNU,4.06,3.04
KNL,QPW,1.36,1.02
KNL,WIJ,1.35,1.01
KNN,BRV,1.58,1.18
KNN,NFD,2.25,1.69
KNO,PFM,2.98,2.24
KNO,WBD,6.69,5.02
KNR,BSP,0.99,0.74
KNR,WIJ,1.57,1.18
KNS,PTL,1.12,0.84
KNS,PWW,1.89,1.42
KNT,HRW,1.62,1.22
KNT,SOK,1.39,1.04
KNU,KNI,4.06,3.04
KNU,LGO,4.53,3.4
KNW,COV,7.65,5.74
KNW,LMS,6.87,5.15
KPA,SPB,1.07,0.8
KPA,WBP,1.46,1.1
KPT,BWG,2.62,1.96
KPT,DMR,2.19,1.64
KRK,NCK,11.85,8.89
KRK,SQH,5.09,3.82
KSL,CLI,4.78,3.59
KSL,FNW,1.0,0.75
KSL,MSS,2.1,1.58
KSL,SLD,9.24,6.93
KSN,DVP,3.51,2.63
KSN,SPH,5.24,3.93
KSW,APP,15.88,11.91
KSW,GSD,15.14,11.36
KSW,SET,43.56,32.67
KTH,BKJ,1.3,0.98
KTH,PNE,0.94,0.7
KTN,STP,2.36,1.77
KTN,WHP,3.67,2.75
KTR,DYC,10.4,7.8
KTR,INR,4.96,3.72
KTW,CMD,0.71,0.53
KTW,GPO,1.02,0.76
KVD,ANL,0.87,0.65
KVD,MYH,0.63,0.47
KVP,KIV,1.9,1.42
KVP,SRO,4.92,3.69
KVP,WRK,8.26,6.19
KWB,BFD,1.41,1.06
KWB,CHK,1.72,1.29
KWB,PUT,5.91,4.43
KWD,BGI,1.48,1.11
KWD,WFF,1.86,1.4
KWG,GUN,1.71,1.28
KWG,RMD,1.96,1.47
KWL,FYS,5.23,3.92
KWL,PBY,7.39,5.54
KWN,DLY,5.59,4.19
KWN,GLC,36.27,27.2
KWN,GLG,9.49,7.12
KWN,IRV,5.47,4.1
KWN,JHN,23.71,17.78
KWN,MIN,21.83,16.37
KWN,PYG,27.8,20.85
KWN,STV,3.52,2.64
KYL,DRN,4.6,3.45
KYN,BRI,6.98,5.24
KYN,BTH,10.51,7.88
KYN,OLF,8.99,6.74
LAC,EWR,2.31,1.73
LAC,SSE,3.7,2.78
LAC,WRH,3.85,2.89
LAD,CFB,1.34,1.01
LAD,LBG,7.1,5.32
LAD,LEW,1.11,0.83
LAG,CWD,3.53,2.65
LAG,SHB,3.18,2.39
LAI,BEF,9.91,7.43
LAI,BKG,23.91,17.93
LAI,BSO,2.29,1.72
LAI,PSE,5.77,4.33
LAI,UPM,11.91,8.93
LAI,WEH,29.22,21.92
LAI,WHR,5.74,4.31
LAK,BND,6.2,4.65
LAK,ELY,19.17,14.38
LAM,MRB,5.67,4.25
LAM,PMB,2.35,1.76
LAN,BAR,3.5,2.62
LAN,CNF,9.34,7.0
LAN,OXN,29.09,21.82
LAN,PNR,68.29,51.22
LAN,PRE,33.1,24.82
LAP,EGG,5.58,4.19
LAP,MRD,3.76,2.82
LAR,FRL,4.62,3.47
LAS,SKE,2.63,1.97
LAS,SWA,5.64,4.23
LAU,MTS,12.89,9.67
LAU,STN,21.74,16.3
LAW,BWN,3.5,2.62
LAW,CAO,3.23,2.42
LAY,BPN,1.97,1.48
LAY,PFY,2.97,2.23
LBG,BFR,1.47,1.1
LBG,CLD,21.34,16.0
LBG,CST,0.72,0.54
LBG,DEP,5.01,3.76
LBG,ECR,14.48,10.86
LBG,HGR,8.17,6.13
LBG,LAD,7.1,5.32
LBG,LEW,6.59,4.94
LBG,NWD,12.04,9.03
LBG,NWX,4.82,3.62
LBG,NXG,4.53,3.4
LBG,ORP,18.97,14.23
LBG,RTR,43.36,32.52
LBG,SAY,21.57,16.18
LBG,SBM,2.83,2.12
LBG,SEV,31.42,23.56
LBG,WAE,1.65,1.24
LBK,NMP,13.8,10.35
LBK,RUG,14.57,10.93
LBO,BWS,4.46,3.34
LBO,EMD,10.56,7.92
LBO,LEI,17.09,12.82
LBO,MMO,20.98,15.74
LBO,NOT,19.0,14.25
LBR,DYF,3.58,2.68
LBR,PES,1.1,0.82
LBT,CMO,2.02,1.52
LBT,CRO,14.79,11.09
LBT,GLQ,31.67,23.75
LBT,LNZ,23.07,17.3
LBT,STG,12.62,9.46
LBZ,BKM,18.78,14.08
LBZ,BLY,9.69,7.27
LBZ,CED,6.57,4.93
LBZ,EUS,57.09,42.82
LBZ,TRI,13.39,10.04
LBZ,WFJ,34.1,25.58
LCC,AAT,6.36,4.77
LCC,GVE,7.28,5.46
LCG,CDD,3.25,2.44
LCG,COW,3.19,2.39
LCK,BBW,1.58,1.18
LCK,HUD,1.85,1.39
LCL,BSL,6.44,4.83
LCL,GLF,13.03,9.77
LCN,HKM,5.17,3.88
LCN,MGM,13.86,10.4
LCN,MKR,22.18,16.63
LCN,NNG,23.63,17.72
LCN,SXY,9.44,7.08
LCS,GLF,9.89,7.42
LCS,LHE,5.99,4.49
LDN,HRL,2.97,2.23
LDN,PES,0.99,0.74
LDS,APY,11.45,8.59
LDS,BLE,6.08,4.56
LDS,BUY,2.78,2.08
LDS,COT,4.01,3.01
LDS,CRG,6.48,4.86
LDS,DEW,12.76,9.57
LDS,GRF,10.86,8.14
LDS,GSY,14.23,10.67
LDS,HGT,22.07,16.55
LDS,HRS,8.01,6.01
LDS,HUD,22.59,16.94
LDS,KEI,24.6,18.45
LDS,KLF,5.68,4.26
LDS,MIR,16.68,12.51
LDS,MLY,5.76,4.32
LDS,NOR,13.35,10.01
LDS,NPD,8.83,6.62
LDS,OUT,9.22,6.92
LDS,SBY,31.82,23.86
LDS,SHY,15.42,11.56
LDS,WDS,8.07,6.05
LDS,WKF,12.89,9.67
LDS,WKK,13.47,10.1
LDS,YRK,34.88,26.16
LDY,CUP,8.5,6.38
LDY,MNC,8.11,6.08
LDY,PTH,23.64,17.73
LDY,SPF,4.91,3.68
LEA,BDM,25.74,19.3
LEA,HLN,6.82,5.12
LEA,LUT,3.97,2.98
LEB,SRA,3.66,2.74
LEB,TOM,2.85,2.14
LED,CWL,6.06,4.54
LED,HFD,19.46,14.6
LEE,HGR,1.17,0.88
LEE,MTG,2.78,2.08
LEG,LIV,16.97,12.73
LEG,MAN,33.24,24.93
LEG,MCV,32.57,24.43
LEG,NLW,7.85,5.89
LEG,RNH,3.03,2.27
LEG,SHJ,1.74,1.3
LEH,MGN,2.55,1.91
LEH,SCF,1.76,1.32
LEI,DBY,38.98,29.24
LEI,EMD,27.55,20.66
LEI,LBO,17.09,12.82
LEI,LUT,96.37,72.28
LEI,MHR,22.28,16.71
LEI,MMO,21.63,16.22
LEI,NBR,8.52,6.39
LEI,NOT,35.15,26.36
LEI,NUN,25.7,19.27
LEI,STP,140.22,105.16
LEI,SWS,5.5,4.12
LEI,SYS,7.61,5.71
LEI,WEL,47.46,35.6
LEL,CBB,2.43,1.82
LEL,SER,1.61,1.21
LEM,LER,1.23,0.92
LEM,WMW,1.78,1.34
LEN,CHG,6.46,4.84
LEN,HRM,2.72,2.04
LEO,HFD,18.3,13.73
LEO,LUD,16.24,12.18
LER,LEM,1.23,0.92
LER,WNP,1.83,1.37
LES,BEF,5.45,4.09
LES,CHW,2.11,1.58
LES,PSE,9.51,7.13
LET,BDK,3.2,2.4
LET,HIT,3.78,2.84
LET,KGX,50.49,37.87
LET,RYS,16.06,12.04
LEU,CUP,9.6,7.2
LEU,DEE,10.23,7.67
LEU,HYM,51.81,38.86
LEU,KDY,33.78,25.34
LEW,BKH,1.55,1.16
LEW,HGR,1.66,1.24
LEW,LAD,1.11,0.83
LEW,LBG,6.59,4.94
LEW,NHD,2.68,2.01
LEW,SAJ,0.74,0.55
LEY,BSV,3.26,2.44
LEY,EBA,3.3,2.47
LEY,PRE,6.6,4.95
LFD,DMS,2.31,1.73
LFD,HUR,7.6,5.7
LGB,BPT,5.78,4.34
LGB,WDL,4.43,3.32
LGD,ACL,3.9,2.92
LGD,BDA,3.43,2.57
LGE,ATB,4.49,3.37
LGE,BEE,6.7,5.03
LGE,DBY,12.24,9.18
LGE,EMD,2.8,2.1
LGE,SPO,8.77,6.58
LGF,BMS,19.58,14.68
LGF,FNR,4.54,3.4
LGF,MEP,4.07,3.05
LGG,ROW,2.54,1.9
LGG,SGB,1.88,1.41
LGJ,EPH,3.05,2.29
LGJ,HNH,1.5,1.12
LGK,MSK,0.8,0.6
LGK,RCE,2.62,1.96
LGM,ALF,9.52,7.14
LGM,ILN,4.94,3.71
LGM,NOT,14.65,10.99
LGN,BYB,5.27,3.95
LGN,SOT,3.58,2.68
LGO,KNU,4.53,3.4
LGO,LLT,3.83,2.87
LGS,CCT,1.12,0.84
LGS,KGP,1.89,1.42
LGS,PWE,0.75,0.56
LGW,APP,17.05,12.79
LGW,LZB,6.69,5.02
LHA,DAL,3.6,2.7
LHA,FOC,4.43,3.32
LHD,AHD,2.74,2.06
LHD,BKA,3.71,2.78
LHD,BXW,4.99,3.74
LHD,DKG,6.46,4.84
LHE,CPA,4.46,3.34
LHE,LCS,5.99,4.49
LHM,DNY,5.53,4.15
LHM,GLS,3.12,2.34
LHO,RGW,3.43,2.57
LHO,WHE,3.17,2.38
LHS,BKG,8.85,6.64
LHS,FST,2.72,2.04
LHS,WEH,3.59,2.69
LHW,GLG,6.5,4.88
LHW,HOZ,4.22,3.16
LHW,KWN,15.74,11.8
LIC,LTV,1.85,1.39
LIC,SEN,4.78,3.59
LID,MLB,2.26,1.69
LID,RID,2.96,2.22
LID,SWR,4.03,3.02
LIH,PHR,2.61,1.96
LIH,TON,4.21,3.16
LIN,EDB,25.52,19.14
LIN,EDP,18.75,14.06
LIN,FKK,12.34,9.25
LIN,HYM,23.74,17.8
LIN,PMT,7.47,5.6
LIP,HSL,5.98,4.49
LIP,LIS,7.17,5.38
LIS,LIP,7.17,5.38
LIS,PTR,5.31,3.98
LIT,ANG,4.04,3.03
LIT,FOD,3.15,2.36
LIV,EDG,2.14,1.61
LIV,HUY,8.94,6.7
LIV,LEG,16.97,12.73
LIV,LPY,8.06,6.04
LIV,LVC,0.32,0.24
LIV,MAN,50.2,37.65
LIV,MSH,5.19,3.89
LIV,NLW,24.66,18.5
LIV,RUN,17.57,13.18
LIV,SNH,17.17,12.88
LIV,WAV,3.6,2.7
LKE,SAN,1.19,0.89
LKE,SHN,1.69,1.27
LLA,BRM,2.49,1.87
LLA,TLB,3.7,2.78
LLC,PRH,1.04,0.78
LLC,TAL,1.97,1.48
LLD,DGY,2.94,2.2
LLE,BYE,4.31,3.23
LLE,CMN,22.31,16.73
LLE,GWN,9.09,6.82
LLE,PBY,6.06,4.54
LLE,PTA,27.78,20.84
LLE,PTF,16.24,12.18
LLE,SWA,16.11,12.08
LLF,BNG,10.88,8.16
LLF,PMW,4.23,3.17
LLG,LLL,8.87,6.65
LLG,LNR,2.89,2.17
LLH,BYE,2.53,1.9
LLH,PTD,3.74,2.8
LLI,AMF,2.83,2.12
LLI,FFA,5.77,4.33
LLJ,BNG,22.8,17.1
LLJ,CNW,1.49,1.12
LLJ,CWB,5.73,4.3
LLJ,DGY,2.01,1.51
LLJ,GCW,1.99,1.49
LLL,FFA,1.49,1.12
LLL,LLG,8.87,6.65
LLL,LLV,17.58,13.18
LLM,GTH,2.71,2.03
LLM,LNW,5.39,4.04
LLN,CYS,4.11,3.08
LLN,RDR,1.59,1.19
LLO,BHR,8.76,6.57
LLO,CIM,11.5,8.62
LLO,PNY,5.25,3.94
LLR,BGN,9.91,7.43
LLR,PCD,4.38,3.28
LLR,PYC,3.65,2.74
LLS,HHL,1.8,1.35
LLS,LVT,1.34,1.01
LLT,DOL,5.7,4.28
LLT,LGO,3.83,2.87
LLV,CYN,7.28,5.46
LLV,LLL,17.58,13.18
LLV,LNR,5.96,4.47
LLV,SUG,12.51,9.38
LLW,FRB,4.15,3.11
LLW,TNF,6.4,4.8
LLY,TNP,1.62,1.22
LLY,YSR,1.41,1.06
LMR,BDI,4.57,3.43
LMR,HFX,7.45,5.59
LMS,BAN,28.69,21.52
LMS,BHM,32.69,24.52
LMS,COV,13.03,9.77
LMS,KNW,6.87,5.15
LMS,WRP,5.16,3.87
LMS,WRW,3.11,2.33
LNB,ABE,3.15,2.36
LNB,ECP,2.18,1.64
LNB,YSM,4.23,3.17
LND,DRM,7.12,5.34
LND,PST,5.98,4.49
LNG,SNG,2.77,2.08
LNG,VIR,2.92,2.19
LNK,CLU,8.04,6.03
LNK,CRS,6.84,5.13
LNR,LLG,2.89,2.17
LNR,LLV,5.96,4.47
LNW,CIM,13.03,9.77
LNW,LLM,5.39,4.04
LNW,SUG,4.5,3.38
LNY,IVR,2.43,1.82
LNY,SLO,3.47,2.6
LNY,WDT,4.82,3.62
LNZ,BBG,4.83,3.62
LNZ,CRO,8.28,6.21
LNZ,FKK,23.85,17.89
LNZ,GLQ,8.92,6.69
LOB,BMV,9.38,7.04
LOB,BTG,4.0,3.0
LOB,NFD,1.68,1.26
LOC,CAR,37.22,27.92
LOC,EDB,92.83,69.62
LOC,GLC,99.8,74.85
LOC,HYM,91.91,68.93
LOC,MTH,84.64,63.48
LOF,CBH,1.02,0.76
LOF,HAC,0.86,0.64
LOF,LST,3.07,2.3
LOH,BMB,1.76,1.32
LOH,PRE,3.92,2.94
LOO,LSK,9.78,7.34
LOO,SDP,3.12,2.34
LOS,BOD,4.27,3.2
LOS,PAR,6.44,4.83
LOS,SAU,11.6,8.7
LOT,BON,4.49,3.37
LOT,HWI,3.08,2.31
LOW,BSB,5.34,4.0
LOW,BUJ,3.85,2.89
LOW,CTO,7.19,5.39
LOW,FSK,8.24,6.18
LOW,NCT,14.77,11.08
LOW,NOT,12.01,9.01
LOW,THU,3.44,2.58
LPG,BNG,4.89,3.67
LPG,BOR,14.03,10.52
LPG,VAL,24.51,18.38
LPR,GIG,5.9,4.43
LPR,HLD,1.93,1.45
LPR,SET,5.81,4.36
LPT,KDG,5.35,4.01
LPT,SOT,4.43,3.32
LPW,CLV,7.4,5.55
LPW,DDG,3.9,2.92
LPW,HTN,6.24,4.68
LPW,STY,14.86,11.14
LPY,CSG,1.51,1.13
LPY,HGN,7.76,5.82
LPY,HNX,2.31,1.73
LPY,LIV,8.06,6.04
LPY,RUN,10.18,7.64
LPY,WAC,20.07,15.05
LPY,WAW,17.11,12.83
LPY,WID,10.6,7.95
LPY,WSA,1.74,1.3
LRB,BTN,0.92,0.69
LRB,MCB,1.67,1.25
LRD,CLA,5.06,3.8
LRD,GLD,1.15,0.86
LRG,ARD,13.6,10.2
LRG,INH,8.53,6.4
LRG,ROG,14.38,10.79
LRH,MEY,1.14,0.86
LSK,BOD,13.85,10.39
LSK,COE,1.03,0.77
LSK,LOO,9.78,7.34
LSK,MEN,4.72,3.54
LSK,PLY,24.22,18.16
LSK,SGM,12.7,9.52
LSK,SKN,2.68,2.01
LSK,STS,18.83,14.12
LSN,BHG,6.03,4.52
LSN,UHA,3.28,2.46
LST,BET,1.7,1.27
LST,CBH,2.31,1.73
LST,CHM,45.11,33.83
LST,COL,79.57,59.68
LST,FST,0.76,0.57
LST,HAC,3.74,2.8
LST,LST,0.0,0.0
LST,SNF,31.12,23.34
LST,SRA,6.01,4.51
LST,TOM,7.97,5.98
LST,ZFD,1.62,1.22
LST,ZLW,1.55,1.16
LSW,BID,1.4,1.05
LSW,MRT,0.9,0.68
LSY,CFB,2.29,1.72
LSY,NBC,0.91,0.68
LTG,NWI,2.22,1.67
LTG,PLM,3.13,2.35
LTH,EBV,7.59,5.69
LTH,NBE,3.87,2.9
LTK,AYS,6.87,5.15
LTK,MRS,2.33,1.75
LTL,RCD,5.32,3.99
LTL,SMB,1.66,1.24
LTL,TOD,7.88,5.91
LTL,WDN,5.95,4.46
LTM,AFV,1.93,1.45
LTM,MOS,3.11,2.33
LTN,BDM,29.84,22.38
LTN,HPD,7.13,5.35
LTN,KET,62.28,46.71
LTN,LUT,1.61,1.21
LTN,STP,42.39,31.79
LTP,DOW,16.11,12.08
LTP,ELY,8.6,6.45
LTT,HOO,2.59,1.94
LTT,OVE,1.24,0.93
LTV,LIC,1.85,1.39
LTV,RGL,12.7,9.52
LTV,STA,25.28,18.96
LTV,TAM,9.42,7.06
LUD,CRV,11.44,8.58
LUD,HFD,34.45,25.84
LUD,LEO,16.24,12.18
LUD,SHR,37.94,28.46
LUT,BDM,28.59,21.44
LUT,FLT,14.6,10.95
LUT,LEA,3.97,2.98
LUT,LTN,1.61,1.21
LUT,SAC,15.82,11.86
LUT,STP,43.88,32.91
LUX,BGL,3.32,2.49
LUX,PAR,4.93,3.7
LVC,BRW,2.51,1.88
LVC,LVJ,0.85,0.64
LVC,MRF,0.8,0.6
LVG,HYM,19.48,14.61
LVG,KKN,4.7,3.53
LVG,WCL,4.54,3.4
LVJ,BKQ,1.82,1.36
LVJ,MRF,0.46,0.34
LVM,HTC,2.28,1.71
LVM,MAN,4.32,3.24
LVN,FGT,3.62,2.72
LVN,HRH,1.71,1.28
LVN,IFI,7.64,5.73
LVT,CPH,3.77,2.83
LVT,LLS,1.34,1.01
LWH,BRI,1.56,1.17
LWH,SRD,1.04,0.78
LWM,BGN,12.61,9.46
LWM,RIA,9.52,7.14
LWR,BYC,5.8,4.35
LWR,NLR,0.04,0.03
LWS,BRK,11.37,8.53
LWS,CBR,3.96,2.97
LWS,FMR,6.99,5.24
LWS,GLY,4.32,3.24
LWS,NVN,8.97,6.73
LWS,PLG,17.36,13.02
LWS,PMP,8.18,6.14
LWS,SEE,4.57,3.43
LWT,OUN,2.33,1.75
LWT,OUS,2.88,2.16
LYC,EXN,0.71,0.53
LYC,LYM,1.65,1.24
LYD,CPW,12.76,9.57
LYD,GCR,26.2,19.65
LYD,NWP,35.12,26.34
LYE,CRA,2.04,1.53
LYE,SBJ,1.83,1.37
LYM,EXM,3.22,2.42
LYM,LYC,1.65,1.24
LYM,TOP,4.74,3.56
LYP,LYT,0.62,0.46
LYT,BCU,6.73,5.05
LYT,LYP,0.62,0.46
LZB,AWT,7.92,5.94
LZB,LGW,6.69,5.02
MAC,CNG,12.24,9.18
MAC,PRB,4.11,3.08
MAC,SOT,28.24,21.18
MAC,SPT,16.5,12.38
MAG,MNS,1.21,0.91
MAG,ORN,2.56,1.92
MAI,BNM,5.31,3.98
MAI,FZP,1.65,1.24
MAI,SLO,9.11,6.83
MAI,TAP,2.91,2.18
MAI,TWY,10.86,8.14
MAL,MOT,1.92,1.44
MAL,TOL,1.55,1.16
MAN,ABY,2.37,1.78
MAN,ADK,1.16,0.87
MAN,EDY,7.51,5.63
MAN,GTO,4.19,3.14
MAN,GTY,9.28,6.96
MAN,HDG,11.91,8.93
MAN,HUD,34.99,26.24
MAN,LDS,57.21,42.91
MAN,LVM,4.32,3.24
MAN,MAU,4.97,3.73
MAN,MCO,0.95,0.71
MAN,MCV,1.5,1.12
MAN,MIA,12.76,9.57
MAN,RDN,5.69,4.27
MAN,SHF,51.99,38.99
MAN,SPT,9.04,6.78
MAN,SYB,11.09,8.32
MAO,ACT,3.39,2.54
MAO,BCE,1.97,1.48
MAR,BCH,4.98,3.74
MAR,BSR,5.08,3.81
MAR,WGA,2.38,1.78
MAS,CRM,12.8,9.6
MAS,NCL,0.95,0.71
MAT,MTB,1.8,1.35
MAU,BNA,1.36,1.02
MAU,MAN,4.97,3.73
MAX,PLW,0.81,0.61
MAX,SHL,0.97,0.73
MAY,AYR,12.09,9.07
MAY,GIR,15.88,11.91
MBK,RDB,2.71,2.03
MBK,SOU,1.49,1.12
MBR,JCH,3.53,2.65
MBR,RCC,11.34,8.5
MBR,SBK,3.78,2.84
MBR,TBY,4.78,3.59
MCB,BTN,2.53,1.9
MCB,FMR,2.8,2.1
MCB,LRB,1.67,1.25
MCE,BLO,3.1,2.33
MCE,DOT,1.84,1.38
MCE,NCL,3.26,2.44
MCE,PRU,12.75,9.56
MCE,WYM,9.65,7.24
MCH,ELY,22.22,16.66
MCH,MNE,9.05,6.79
MCH,PBO,23.12,17.34
MCH,WLE,14.21,10.66
MCM,BAR,2.29,1.72
MCN,CWS,29.86,22.4
MCN,DVY,5.81,4.36
MCO,BON,16.46,12.34
MCO,BWD,20.13,15.1
MCO,DGT,0.57,0.43
MCO,IRL,13.38,10.04
MCO,MAN,0.95,0.71
MCO,MCV,1.5,1.12
MCO,NLW,24.68,18.51
MCO,PRE,43.97,32.98
MCO,TRA,5.05,3.79
MCO,URM,7.9,5.93
MCO,WAC,24.92,18.69
MCO,WBQ,25.83,19.37
MCV,AHN,9.88,7.41
MCV,ECC,6.09,4.57
MCV,HUD,35.12,26.34
MCV,LEG,32.57,24.43
MCV,LIV,49.51,37.13
MCV,MCO,1.5,1.12
MCV,MSO,6.1,4.58
MCV,NLW,24.86,18.64
MCV,RCD,14.88,11.16
MCV,SLD,2.2,1.65
MCV,SYB,11.96,8.97
MDB,AYL,4.27,3.2
MDB,MDW,0.76,0.57
MDE,BMG,3.05,2.29
MDE,BSD,3.92,2.94
MDE,LEN,13.85,10.39
MDE,WMA,7.31,5.48
MDG,AMT,2.78,2.08
MDG,THA,4.55,3.41
MDL,DSL,2.72,2.04
MDL,HAZ,3.23,2.42
MDN,CNO,9.63,7.22
MDN,DCW,11.78,8.83
MDS,SIH,0.71,0.53
MDS,SMO,0.85,0.64
MDW,EFL,2.75,2.06
MDW,MDB,0.76,0.57
MEC,BCB,9.92,7.44
MEC,BES,4.73,3.55
MEC,SOP,1.78,1.34
MEL,KBW,28.3,21.22
MEL,RYS,4.85,3.64
MEL,STH,3.02,2.26
MEN,LSK,4.72,3.54
MEN,SGM,7.98,5.98
MEO,MNR,1.25,0.94
MEO,MRT,2.89,2.17
MEP,LGF,4.07,3.05
MEP,RTR,10.64,7.98
MEP,SOR,1.51,1.13
MER,PTB,2.41,1.81
MES,WCM,6.63,4.97
MES,WDB,2.09,1.57
MEV,QYD,3.04,2.28
MEV,TRD,2.95,2.21
MEW,GMG,1.12,0.84
MEW,MST,0.64,0.48
MEX,CNS,3.59,2.69
MEX,SWN,1.26,0.94
MEY,CTE,2.47,1.85
MEY,LRH,1.14,0.86
MFA,BRM,2.4,1.8
MFA,FRB,1.69,1.27
MFF,PRH,1.4,1.05
MFF,PTM,3.36,2.52
MFH,JOH,5.57,4.18
MFL,CCT,1.02,0.76
MFL,COI,0.79,0.59
MFL,KGP,1.2,0.9
MFT,MSW,2.11,1.58
MFT,SPK,4.52,3.39
MGM,LCN,13.86,10.4
MGM,RKT,10.86,8.14
MGN,BHI,2.72,2.04
MGN,BHM,9.75,7.31
MGN,LEH,2.55,1.91
MHM,CDS,5.81,4.36
MHM,RDH,2.88,2.16
MHR,KET,15.42,11.56
MHR,LEI,22.28,16.71
MHR,STP,118.48,88.86
MHS,BNY,15.88,11.91
MHS,CLN,6.14,4.6
MHS,DON,21.52,16.14
MHS,RMC,3.92,2.94
MHS,SHF,5.37,4.03
MIA,EDY,5.97,4.48
MIA,GTY,4.22,3.16
MIA,HDG,2.42,1.82
MIA,MAN,12.76,9.57
MIA,SYA,2.85,2.14
MIC,BSK,15.41,11.56
MIC,WIN,13.46,10.1
MIH,CAS,4.62,3.47
MIH,MSO,3.1,2.33
MIJ,HCB,1.69,1.27
MIJ,MTC,1.74,1.3
MIK,CHF,7.6,5.7
MIK,EGF,3.04,2.28
MIK,GRF,3.88,2.91
MIK,SOM,4.91,3.68
MIK,YRK,24.14,18.1
MIL,ELS,4.92,3.69
MIL,HEN,3.72,2.79
MIL,WHP,8.17,6.13
MIM,EVE,20.61,15.46
MIM,HYB,15.24,11.43
MIM,KGM,11.15,8.36
MIN,GLG,13.04,9.78
MIN,HOZ,2.46,1.84
MIN,JHN,2.14,1.61
MIN,KWN,21.83,16.37
MIR,BGH,6.49,4.87
MIR,DEW,4.47,3.35
MIR,DHN,3.99,2.99
MIR,RVN,2.43,1.82
MIR,WKK,13.44,10.08
MIS,IPS,12.66,9.5
MIS,MNG,2.55,1.91
MIS,WRB,6.22,4.66
MKC,BLY,5.05,3.79
MKC,COV,64.81,48.61
MKC,CRE,162.35,121.76
MKC,EUS,71.44,53.58
MKC,NMP,24.35,18.26
MKC,RUG,50.25,37.69
MKC,SOT,144.2,108.15
MKC,STA,125.25,93.94
MKC,WFJ,48.72,36.54
MKC,WOL,4.07,3.05
MKM,CPM,9.41,7.06
MKM,TRO,8.25,6.19
MKR,BTB,21.65,16.24
MKR,LCN,22.18,16.63
MKT,COL,7.87,5.9
MKT,CWC,5.28,3.96
MKT,KEL,7.14,5.36
MKT,WTM,12.95,9.71
MLB,LID,2.26,1.69
MLB,SWR,1.88,1.41
MLD,CTR,10.59,7.94
MLD,DLM,4.39,3.29
MLF,GOD,2.88,2.16
MLF,WTY,3.41,2.56
MLG,MRR,4.06,3.04
MLH,BBN,1.93,1.45
MLH,BMB,10.51,7.88
MLH,CYT,1.13,0.85
MLM,FOX,6.42,4.82
MLM,GNR,4.1,3.08
MLM,RAV,18.43,13.82
MLM,SIC,4.52,3.39
MLN,HLF,2.33,1.75
MLT,SEM,27.54,20.66
MLT,YRK,27.36,20.52
MLW,BNE,3.93,2.95
MLY,BTL,5.0,3.75
MLY,COT,2.0,1.5
MLY,LDS,5.76,4.32
MMO,LEI,21.63,16.22
MMO,OKM,14.17,10.63
MNC,CUP,14.94,11.2
MNC,GLT,4.37,3.28
MNC,KDY,10.15,7.61
MNC,LDY,8.11,6.08
MNE,ELY,13.31,9.98
MNE,MCH,9.05,6.79
MNG,COL,11.72,8.79
MNG,HPQ,14.39,10.79
MNG,IPS,13.18,9.88
MNG,MIS,2.55,1.91
MNN,BUW,2.14,1.61
MNN,GSY,2.26,1.69
MNP,FOG,1.48,1.11
MNP,IFD,1.78,1.34
MNR,HYK,0.71,0.53
MNR,MEO,1.25,0.94
MNS,MAG,1.21,0.91
MNS,TWN,3.2,2.4
MOB,ASY,2.94,2.2
MOB,KNF,4.04,3.03
MOG,OLD,0.71,0.53
MON,BSI,1.48,1.11
MON,BYF,3.67,2.75
MON,BYL,4.7,3.53
MON,CAN,7.22,5.42
MOO,BEL,4.45,3.34
MOO,CBD,5.02,3.76
MOO,INV,14.82,11.12
MOR,BMY,5.0,3.75
MOR,RDG,10.61,7.96
MOR,RDW,9.79,7.34
MOS,KKM,4.79,3.59
MOS,LTM,3.11,2.33
MOT,MAL,1.92,1.44
MOT,RAY,1.71,1.28
MOT,WCP,1.6,1.2
MPK,CKH,0.92,0.69
MPK,CKT,1.14,0.86
MPL,NMC,5.26,3.94
MPL,RML,2.59,1.94
MPL,SRN,3.29,2.47
MPT,ALM,25.74,19.3
MPT,BWK,71.18,53.39
MPT,CRM,9.89,7.42
MPT,DUN,106.62,79.96
MPT,EDB,129.17,96.88
MPT,NCL,22.01,16.51
MPT,PEG,2.97,2.23
MRB,LAM,5.67,4.25
MRB,PNA,4.82,3.62
MRD,COP,2.61,1.96
MRD,EGG,9.29,6.97
MRD,LAP,3.76,2.82
MRF,LIV,0.77,0.58
MRF,LVC,0.8,0.6
MRF,SDL,2.38,1.78
MRN,PDW,7.3,5.48
MRN,SPU,4.02,3.01
MRP,FZW,6.2,4.65
MRP,PFR,10.84,8.13
MRP,SWN,12.04,9.03
MRP,THC,5.5,4.12
MRR,ARG,6.44,4.83
MRR,MLG,4.06,3.04
MRS,LTK,2.33,1.75
MRS,PRR,2.23,1.67
MRT,LSW,0.9,0.68
MRT,MEO,2.89,2.17
MRW,CHN,10.37,7.78
MRW,ENL,6.82,5.12
MRW,NUM,1.08,0.81
MRW,WLC,8.39,6.29
MRY,ASP,11.74,8.8
MRY,FLM,2.97,2.23
MSD,SNN,1.03,0.77
MSD,WKD,2.91,2.18
MSH,EDG,3.33,2.5
MSH,LIV,5.19,3.89
MSH,WSA,1.24,0.93
MSK,LGK,0.8,0.6
MSK,SLB,2.92,2.19
MSL,GNF,3.28,2.46
MSL,SYB,3.61,2.71
MSN,GNF,9.02,6.76
MSN,SWT,3.97,2.98
MSO,MCV,6.1,4.58
MSO,MIH,3.1,2.33
MSO,SLD,7.95,5.96
MSR,RAM,6.31,4.73
MSR,SDW,6.82,5.12
MSR,STU,13.91,10.43
MSS,BON,2.59,1.94
MSS,FNW,1.1,0.82
MST,MEW,0.64,0.48
MSW,MFT,2.11,1.58
MSW,SHB,4.76,3.57
MTA,FER,1.46,1.1
MTA,PER,1.7,1.27
MTB,CMF,1.17,0.88
MTB,MAT,1.8,1.35
MTC,BAL,3.87,2.9
MTC,MIJ,1.74,1.3
MTC,STE,2.48,1.86
MTG,LEE,2.78,2.08
MTG,NEH,1.41,1.06
MTH,AIR,0.98,0.74
MTH,BLH,3.37,2.53
MTH,CAR,120.6,90.45
MTH,GLC,18.11,13.58
MTH,LOC,84.64,63.48
MTH,SDM,2.82,2.11
MTH,UDD,6.77,5.08
MTH,WFF,7.06,5.3
MTL,BNS,1.8,1.35
MTL,NSH,1.41,1.06
MTM,DVP,5.83,4.37
MTM,WAM,4.36,3.27
MTN,DCH,8.81,6.61
MTN,WOO,6.8,5.1
MTO,GYP,1.69,1.27
MTO,JCH,1.07,0.8
MTP,RDA,0.82,0.61
MTP,SRD,1.47,1.1
MTS,ABD,52.98,39.74
MTS,ARB,18.48,13.86
MTS,LAU,12.89,9.67
MTS,STN,32.0,24.0
MTV,BIO,1.48,1.11
MTV,CML,1.48,1.11
MUB,DUN,35.59,26.69
MUB,EDB,7.46,5.6
MUB,WAF,3.7,2.78
MUI,CCT,1.16,0.87
MUI,WLM,2.08,1.56
MVL,GMV,1.8,1.35
MVL,WOF,10.23,7.67
MYB,BAN,99.98,74.99
MYB,BCF,34.64,25.98
MYB,BCS,80.12,60.09
MYB,BIT,79.41,59.56
MYB,DNM,23.92,17.94
MYB,GER,28.08,21.06
MYB,HDM,60.42,45.32
MYB,HOH,13.48,10.11
MYB,HWY,41.94,31.46
MYB,NLT,14.1,10.58
MYB,PRR,51.76,38.82
MYB,WCX,9.19,6.89
MYB,WRU,19.68,14.76
MYH,KVD,0.63,0.47
MYH,SUM,0.67,0.5
MYL,FOG,1.33,1.0
MYL,SRA,0.84,0.63
MYT,HBD,2.05,1.54
MYT,SOW,5.44,4.08
MZH,GNW,1.34,1.01
MZH,WCB,1.02,0.76
NAN,CRE,6.47,4.85
NAN,SHR,42.06,31.54
NAN,WRE,7.07,5.3
NAN,WTC,14.69,11.02
NAR,KGT,7.53,5.65
NAR,WTL,8.03,6.02
NAY,HEI,1.93,1.45
NAY,SHD,3.41,2.56
NBA,HDW,2.22,1.67
NBA,OKL,1.3,0.98
NBC,CLK,0.98,0.74
NBC,LSY,0.91,0.68
NBE,CKY,5.13,3.85
NBE,LTH,3.87,2.9
NBN,WLG,1.71,1.28
NBR,HNK,12.09,9.07
NBR,LEI,8.52,6.39
NBR,SWS,4.84,3.63
NBT,KNG,1.18,0.88
NBT,NEM,2.17,1.63
NBW,DRM,6.72,5.04
NBY,HGD,13.28,9.96
NBY,KIT,8.56,6.42
NBY,NRC,1.05,0.79
NBY,PEW,31.7,23.78
NBY,RDG,25.27,18.95
NBY,TAU,130.77,98.08
NBY,THA,5.55,4.16
NCE,CLE,2.42,1.82
NCE,GMD,1.09,0.82
NCK,AUK,10.27,7.7
NCK,KRK,11.85,8.89
NCL,ALM,47.2,35.4
NCL,BWK,93.11,69.83
NCL,CLS,12.89,9.67
NCL,CRM,13.35,10.01
NCL,DAR,50.01,37.51
NCL,DHM,21.13,15.85
NCL,DOT,2.53,1.9
NCL,DUN,127.74,95.8
NCL,EDB,147.64,110.73
NCL,HEW,4.34,3.26
NCL,KGX,395.03,296.27
NCL,MAS,0.95,0.71
NCL,MCE,3.26,2.44
NCL,MPT,22.01,16.51
NCL,SUN,16.55,12.41
NCL,SVG,353.64,265.23
NCM,ASH,3.18,2.39
NCM,BAW,7.0,5.25
NCM,FNN,3.03,2.27
NCM,GLD,11.35,8.51
NCO,DIG,1.27,0.95
NCO,TOP,1.91,1.43
NCT,CLM,8.27,6.2
NCT,FSK,6.97,5.23
NCT,LOW,14.77,11.08
NCT,NOT,26.78,20.08
NCT,ROL,5.94,4.46
NDL,EDW,0.91,0.68
NDL,TUH,2.03,1.52
NEG,EKB,3.13,2.35
NEG,GBG,3.09,2.32
NEH,MTG,1.41,1.06
NEH,SID,2.31,1.73
NEI,PTT,5.82,4.36
NEL,BRF,1.92,1.44
NEL,CNE,3.07,2.3
NEM,BRS,1.81,1.36
NEM,NBT,2.17,1.63
NEM,RAY,1.89,1.42
NES,HSW,4.2,3.15
NES,HWB,8.52,6.39
NES,SHT,9.04,6.78
NET,BIN,8.58,6.44
NET,NOT,4.78,3.59
NET,RDF,3.21,2.41
NEW,BSU,0.99,0.74
NEW,SFI,2.18,1.64
NFA,ALN,4.89,3.67
NFA,SOF,5.18,3.88
NFD,KNN,2.25,1.69
NFD,LOB,1.68,1.26
NFL,GRV,2.98,2.24
NFL,SWM,1.09,0.82
NFN,BDT,14.7,11.02
NFN,DRF,3.32,2.49
NGT,RAI,4.23,3.17
NGT,SIT,4.76,3.57
NHD,CFT,1.73,1.3
NHD,LEW,2.68,2.01
NHD,PMR,1.21,0.91
NHE,AYL,1.52,1.14
NHE,SDA,1.97,1.48
NHL,BAV,2.12,1.59
NHL,GOX,3.19,2.39
NIT,BRR,2.5,1.88
NIT,PTL,1.07,0.8
NLN,BCB,1.83,1.37
NLN,BES,3.39,2.54
NLR,DLG,4.91,3.68
NLR,LWR,0.04,0.03
NLS,BRI,12.2,9.15
NLS,PSN,10.0,7.5
NLS,YAT,6.22,4.66
NLT,MYB,14.1,10.58
NLT,SRU,2.76,2.07
NLW,ECC,18.82,14.12
NLW,ERL,1.61,1.21
NLW,LEG,7.85,5.89
NLW,LIV,24.66,18.5
NLW,MAN,25.6,19.2
NLW,MCO,24.68,18.51
NLW,MCV,24.86,18.64
NLW,PAT,17.36,13.02
NLW,SHJ,6.11,4.58
NLW,WGN,10.14,7.6
NMC,CLY,4.9,3.68
NMC,MPL,5.26,3.94
NMC,SRN,2.12,1.59
NMK,BSE,20.99,15.74
NMK,CBG,18.93,14.2
NMK,DUL,4.85,3.64
NMK,KNE,7.21,5.41
NMN,DSL,2.26,1.69
NMN,FNV,1.78,1.34
NMP,LBK,13.8,10.35
NMP,MKC,24.35,18.26
NMP,WOL,20.33,15.25
NMT,IPS,12.88,9.66
NMT,SMK,5.59,4.19
NNG,CLM,7.67,5.75
NNG,DON,53.87,40.4
NNG,GRA,22.18,16.63
NNG,KGX,178.56,133.92
NNG,LCN,23.63,17.72
NNG,PBO,67.43,50.57
NNG,RET,27.75,20.81
NNP,CDF,1.53,1.15
NNP,WNG,2.35,1.76
NNT,GTA,5.49,4.12
NNT,GYP,0.85,0.64
NOA,AYR,1.76,1.32
NOA,PTW,3.15,2.36
NOR,CFD,5.27,3.95
NOR,WKK,4.86,3.65
NOT,ALF,22.65,16.99
NOT,BEE,5.02,3.76
NOT,BIN,13.08,9.81
NOT,BLW,6.71,5.03
NOT,BSB,17.26,12.95
NOT,BUJ,8.21,6.16
NOT,CTO,4.95,3.71
NOT,DBY,21.48,16.11
NOT,EMD,12.14,9.1
NOT,FSK,20.13,15.1
NOT,GRA,34.13,25.6
NOT,HKN,10.65,7.99
NOT,ILN,10.54,7.9
NOT,LBO,19.0,14.25
NOT,LEI,35.15,26.36
NOT,LGM,14.65,10.99
NOT,LOW,12.01,9.01
NOT,NCT,26.78,20.08
NOT,NET,4.78,3.59
NOT,RDF,7.4,5.55
NPD,BDI,4.76,3.57
NPD,BLE,2.81,2.11
NPD,LDS,8.83,6.62
NQU,DAM,3.02,2.26
NQU,INK,2.47,1.85
NQY,QUI,3.48,2.61
NRB,SRC,1.27,0.95
NRB,TTH,1.99,1.49
NRC,NBY,1.05,0.79
NRC,THA,4.51,3.38
NRD,DAR,1.8,1.35
NRD,HEI,7.0,5.25
NRN,FOR,15.23,11.42
NRN,IVA,12.09,9.07
NRT,BYS,2.44,1.83
NRT,SBS,4.28,3.21
NRW,ATL,22.95,17.21
NRW,BDA,8.98,6.74
NRW,BGA,7.58,5.68
NRW,CNY,14.96,11.22
NRW,DIS,30.8,23.1
NRW,HXM,11.97,8.98
NRW,OUN,32.26,24.2
NRW,SAH,7.85,5.89
NRW,TTF,44.51,33.38
NRW,WMD,14.54,10.9
NSB,COB,2.75,2.06
NSB,PEB,3.41,2.56
NSB,PEV,4.69,3.52
NSD,HKN,4.12,3.09
NSD,KKB,3.77,2.83
NSG,AAP,2.37,1.78
NSG,FPK,6.07,4.55
NSG,OKL,3.07,2.3
NSH,MTL,1.41,1.06
NSH,RMD,1.04,0.78
NTA,EXD,22.54,16.9
NTA,TGM,7.67,5.75
NTA,TOT,12.2,9.15
NTA,TQY,8.56,6.42
NTA,TRR,7.3,5.48
NTC,CDI,4.07,3.05
NTC,EXD,6.4,4.8
NTH,BNF,2.85,2.14
NTH,PTA,8.06,6.04
NTH,SKE,2.71,2.03
NTH,SWA,10.15,7.61
NTL,HME,0.97,0.73
NTL,SHO,2.9,2.17
NTL,WLS,3.65,2.74
NTN,BLT,3.75,2.81
NTN,CBL,2.5,1.88
NTN,KKH,2.29,1.72
NTR,DAR,21.94,16.45
NTR,EAG,22.63,16.97
NTR,THI,12.49,9.37
NTR,YRK,47.49,35.62
NTR,YRM,18.76,14.07
NUF,GDN,5.91,4.43
NUF,RDH,2.69,2.02
NUM,ENL,7.89,5.92
NUM,MRW,1.08,0.81
NUM,TOM,1.55,1.16
NUN,ATH,8.39,6.29
NUN,BEP,2.53,1.9
NUN,CEH,16.57,12.43
NUN,EUS,143.52,107.64
NUN,HNK,6.3,4.72
NUN,LEI,25.7,19.27
NUN,MAN,117.46,88.09
NUN,MKC,72.1,54.08
NUN,RUG,21.85,16.39
NUN,SOT,72.1,54.08
NUN,STA,54.07,40.55
NUT,BOH,2.52,1.89
NUT,SOB,1.78,1.34
NVH,BIP,2.23,1.67
NVH,NVN,0.56,0.42
NVN,BIP,2.55,1.91
NVN,LWS,8.97,6.73
NVN,NVH,0.56,0.42
NVN,SEE,4.4,3.3
NVR,ALT,0.92,0.69
NVR,SPT,12.03,9.02
NWA,CMR,14.01,10.51
NWA,GNT,5.98,4.49
NWA,HXM,11.38,8.54
NWA,WRT,4.6,3.45
NWB,SOK,0.9,0.68
NWB,WMB,1.26,0.94
NWD,ANZ,1.9,1.42
NWD,ECR,2.72,2.04
NWD,LBG,12.04,9.03
NWD,SRS,1.06,0.8
NWD,WCY,2.81,2.11
NWE,AUD,2.79,2.09
NWE,ESM,6.66,5.0
NWI,GBK,2.64,1.98
NWI,LTG,2.22,1.67
NWM,BCU,9.02,6.76
NWM,BMH,14.84,11.13
NWM,CHR,9.13,6.85
NWM,HNA,3.98,2.99
NWM,SWY,4.66,3.5
NWN,FLF,1.07,0.8
NWN,GDL,0.98,0.74
NWP,BPW,32.65,24.49
NWP,CDF,17.78,13.34
NWP,CPW,23.25,17.44
NWP,CWM,7.53,5.65
NWP,FIT,31.61,23.71
NWP,LYD,35.12,26.34
NWP,STJ,15.27,11.45
NWR,DLW,15.79,11.84
NWR,KIN,4.55,3.41
NWT,CWS,8.21,6.16
NWT,WLP,19.88,14.91
NWX,DEP,0.54,0.4
NWX,LBG,4.82,3.62
NWX,MZH,2.62,1.96
NWX,PLU,8.26,6.19
NWX,SAJ,1.06,0.8
NWX,SQE,2.11,1.58
NXG,BCY,1.19,0.89
NXG,LBG,4.53,3.4
NXG,SQE,2.02,1.52
OBN,CON,7.02,5.26
OCK,CFH,4.05,3.04
OCK,UPM,4.94,3.71
OHL,CRA,2.33,1.75
OHL,ROW,1.86,1.4
OKE,CDI,25.04,18.78
OKL,NBA,1.3,0.98
OKL,NSG,3.07,2.3
OKM,COR,20.71,15.53
OKM,MMO,14.17,10.63
OKM,SMD,17.34,13.0
OKN,TFC,1.5,1.12
OKN,WLN,4.6,3.45
OLD,EXR,1.74,1.3
OLD,MOG,0.71,0.53
OLF,BTH,1.62,1.22
OLF,KYN,8.99,6.74
OLT,ACG,1.56,1.17
OLT,SOL,2.89,2.17
OLY,HLM,3.44,2.58
OLY,WNH,6.54,4.9
OMS,AUG,1.83,1.37
OMS,BCJ,4.25,3.19
OPK,AIN,1.42,1.06
OPK,WAO,0.65,0.49
ORE,HGS,1.49,1.12
ORE,TOK,4.07,3.05
ORE,WSE,10.75,8.06
ORN,AIN,1.48,1.11
ORN,MAG,2.56,1.92
ORP,CLD,2.37,1.78
ORP,LBG,18.97,14.23
ORP,PET,1.96,1.47
ORP,SEV,12.53,9.4
ORR,PEM,2.64,1.98
ORR,UPL,2.13,1.6
OTF,BBL,2.61,1.96
OTF,BRG,7.93,5.95
OTF,KMS,3.94,2.96
OTF,SAY,9.13,6.85
OTF,SEH,2.19,1.64
OUN,LWT,2.33,1.75
OUN,SYT,5.61,4.21
OUS,BCC,9.47,7.1
OUS,LWT,2.88,2.16
OUT,LDS,9.22,6.92
OUT,WKF,3.71,2.78
OVE,ELP,1.9,1.42
OVE,LTT,1.24,0.93
OVR,BSK,12.13,9.1
OVR,WCH,5.75,4.31
OXF,BAN,34.36,25.77
OXF,DID,15.97,11.98
OXF,HND,10.68,8.01
OXF,OXP,5.65,4.24
OXF,RAD,7.76,5.82
OXF,TAC,14.34,10.76
OXN,CAR,66.53,49.9
OXN,KEN,3.19,2.39
OXN,LAN,29.09,21.82
OXN,PNR,39.73,29.8
OXN,PRE,61.0,45.75
OXP,BIT,13.2,9.9
OXP,ISP,3.46,2.6
OXP,OXF,5.65,4.24
OXS,CLG,2.93,2.2
OXS,CSD,2.76,2.07
OXT,ECR,14.37,10.78
OXT,HUR,1.62,1.22
OXT,WOH,4.86,3.65
PAD,AML,6.28,4.71
PAD,BDS,22.63,16.97
PAD,DID,74.46,55.84
PAD,EAL,8.65,6.49
PAD,HXX,19.58,14.68
PAD,MAI,37.78,28.34
PAD,RDG,55.44,41.58
PAD,SLO,28.71,21.53
PAD,TWY,47.75,35.81
PAL,AAP,2.38,1.78
PAL,BOP,1.44,1.08
PAL,WIH,1.8,1.35
PAN,GOR,4.98,3.74
PAN,TLH,4.48,3.36
PAR,BOD,10.5,7.88
PAR,LOS,6.44,4.83
PAR,LUX,4.93,3.7
PAR,SAU,6.26,4.7
PAT,ECC,1.49,1.12
PAT,NLW,17.36,13.02
PBL,APB,3.66,2.74
PBL,BCB,4.96,3.72
PBL,HSC,2.31,1.73
PBO,DON,120.95,90.71
PBO,ELY,40.53,30.4
PBO,GRA,45.37,34.03
PBO,HUN,27.68,20.76
PBO,KGX,116.46,87.34
PBO,MCH,23.12,17.34
PBO,NNG,67.43,50.57
PBO,RET,94.69,71.02
PBO,SMD,17.54,13.16
PBO,SPA,24.6,18.45
PBO,SVG,74.95,56.21
PBO,WLE,9.32,6.99
PBO,YRK,163.74,122.81
PBR,BPK,2.77,2.08
PBR,FPK,15.91,11.93
PBR,HAT,7.58,5.68
PBR,HDW,3.39,2.54
PBR,NBA,5.58,4.19
PBR,WGC,11.57,8.68
PBY,CMN,19.31,14.48
PBY,FYS,12.62,9.46
PBY,KWL,7.39,5.54
PBY,LLE,6.06,4.54
PCD,BGN,5.54,4.16
PCD,LLR,4.38,3.28
PCD,PYC,7.44,5.58
PCN,HKH,1.58,1.18
PDG,BWD,2.03,1.52
PDG,WAC,2.82,2.11
PDW,BEG,2.69,2.02
PDW,MRN,7.3,5.48
PDW,TON,8.32,6.24
PEA,DBY,2.12,1.59
PEA,TUT,14.55,10.91
PEB,COB,6.16,4.62
PEB,NSB,3.41,2.56
PEB,PEV,1.29,0.97
PEG,MPT,2.97,2.23
PEG,WDD,7.31,5.48
PEM,ORR,2.64,1.98
PEM,WGW,2.88,2.16
PEN,DGL,0.63,0.47
PER,ACY,3.61,2.71
PER,MTA,1.7,1.27
PES,LBR,1.1,0.82
PES,LDN,0.99,0.74
PET,BKL,2.47,1.85
PET,CIT,2.23,1.67
PET,ORP,1.96,1.47
PEV,COB,7.43,5.57
PEV,HMD,3.86,2.9
PEV,NSB,4.69,3.52
PEV,PEB,1.29,0.97
PEW,HGD,19.68,14.76
PEW,NBY,31.7,23.78
PEW,TAU,99.36,74.52
PEW,WSB,30.95,23.21
PFL,GRY,5.92,4.44
PFL,RNM,5.15,3.86
PFM,DON,22.47,16.85
PFM,GLH,2.82,2.11
PFM,KNO,2.98,2.24
PFM,POT,1.21,0.91
PFM,WKK,12.43,9.32
PFR,MRP,10.84,8.13
PFR,SIE,12.6,9.45
PFY,BPN,4.85,3.64
PFY,KKM,9.82,7.36
PFY,LAY,2.97,2.23
PFY,PRE,21.13,15.85
PGM,BGD,2.43,1.82
PGM,GFF,1.55,1.16
PGM,HNG,2.6,1.95
PGN,TQY,3.29,2.47
PHG,AVY,1.5,1.12
PHG,DVY,7.8,5.85
PHR,EBR,7.96,5.97
PHR,LIH,2.61,1.96
PIN,CBK,3.72,2.79
PIN,EXC,4.5,3.38
PIN,EXD,5.16,3.87
PIT,BLA,9.9,7.42
PIT,DKD,18.82,14.12
PIT,KIN,45.96,34.47
PIT,PTH,38.93,29.2
PKG,STA,8.94,6.7
PKG,WVH,15.09,11.32
PKS,BSM,2.15,1.61
PKS,POO,2.45,1.84
PKT,HWW,0.91,0.68
PKT,SAA,2.15,1.61
PLC,AFK,9.1,6.82
PLC,HCN,8.43,6.32
PLD,AGT,1.7,1.27
PLD,FSG,1.0,0.75
PLD,HOV,2.43,1.82
PLD,SSE,4.67,3.5
PLD,SWK,2.26,1.69
PLE,GLC,2.19,1.64
PLE,QPK,0.6,0.45
PLG,BRK,5.99,4.49
PLG,EBN,6.28,4.71
PLG,GLY,13.04,9.78
PLG,HMD,3.63,2.72
PLG,LWS,17.36,13.02
PLK,DCG,1.79,1.34
PLK,DRN,2.22,1.67
PLM,KNF,4.38,3.28
PLM,LTG,3.13,2.35
PLN,ABD,9.25,6.94
PLN,STN,12.1,9.07
PLS,BMB,7.69,5.77
PLS,CYT,1.71,1.28
PLT,RHY,1.53,1.15
PLT,TIR,3.64,2.73
PLU,ABW,2.5,1.88
PLU,NFL,17.34,13.0
PLU,WWA,1.0,0.75
PLW,GLC,2.7,2.03
PLW,MAX,0.81,0.61
PLY,DPT,2.0,1.5
PLY,IVY,17.03,12.77
PLY,LSK,24.22,18.16
PLY,NTA,42.07,31.55
PLY,SBF,4.04,3.03
PLY,STS,5.71,4.28
PLY,TOT,32.87,24.65
PMA,EGG,9.36,7.02
PMA,UMB,4.97,3.73
PMB,LAM,2.35,1.76
PMB,PMD,3.21,2.41
PMD,PMB,3.21,2.41
PMH,PMS,1.2,0.9
PMH,RYP,7.4,5.55
PMP,CBR,4.52,3.39
PMP,HHE,9.09,6.82
PMP,WVF,5.77,4.33
PMR,CFT,2.81,2.11
PMR,DMK,1.4,1.05
PMR,EDW,1.25,0.94
PMR,NHD,1.21,0.91
PMR,QRP,0.93,0.7
PMS,FTN,1.21,0.91
PMS,PMH,1.2,0.9
PMT,FKG,4.79,3.59
PMT,FKK,4.87,3.65
PMT,LIN,7.47,5.6
PMW,CNW,6.28,4.71
PMW,LLF,4.23,3.17
PNA,MRB,4.82,3.62
PNA,TEN,1.89,1.42
PNC,ABH,2.43,1.82
PNC,CCC,7.0,5.25
PNE,KTH,0.94,0.7
PNE,SYH,2.35,1.76
PNF,BCK,2.22,1.67
PNF,HPE,3.1,2.33
PNL,HBP,2.44,1.83
PNL,WET,5.01,3.76
PNM,FMT,1.27,0.95
PNM,PYN,3.03,2.27
PNR,CAR,27.84,20.88
PNR,LAN,68.29,51.22
PNR,OXN,39.73,29.8
PNS,DBD,5.89,4.42
PNS,SLK,4.04,3.03
PNW,ANZ,0.61,0.46
PNW,SYD,1.17,0.88
PNY,DOL,4.63,3.47
PNY,LLO,5.25,3.94
PNZ,SER,8.3,6.22
POK,BMH,2.76,2.07
POK,CHR,2.96,2.22
POL,DIG,2.74,2.06
POL,SJP,1.53,1.15
PON,BMD,1.41,1.06
PON,ENL,3.16,2.37
PON,TOM,6.3,4.72
POO,BMH,8.45,6.34
POO,HAM,2.62,1.96
POO,PKS,2.45,1.84
POP,HMM,9.07,6.8
POP,YRK,4.15,3.11
POR,DMG,2.18,1.64
POR,TRH,1.83,1.37
POT,FEA,3.17,2.38
POT,PFM,1.21,0.91
PPD,ACY,5.14,3.86
PPD,CYS,16.66,12.5
PPD,TPN,11.36,8.52
PPD,TRF,1.43,1.07
PPD,TRH,2.99,2.24
PPK,ASF,0.57,0.43
PPK,GSC,1.69,1.27
PPL,AGV,13.21,9.91
PPL,CWM,4.6,3.45
PRA,PTW,0.82,0.61
PRA,TRN,4.56,3.42
PRB,ADC,3.02,2.26
PRB,MAC,4.11,3.08
PRE,BBN,15.1,11.32
PRE,BON,27.55,20.66
PRE,BPN,23.56,17.67
PRE,CRL,12.78,9.59
PRE,CSO,10.94,8.2
PRE,DGT,43.57,32.68
PRE,KIN,378.98,284.24
PRE,KKM,11.91,8.93
PRE,LAN,33.1,24.82
PRE,LEY,6.6,4.95
PRE,LOH,3.92,2.94
PRE,MCO,43.97,32.98
PRE,PFY,21.13,15.85
PRE,SLW,7.84,5.88
PRE,WGN,24.25,18.19
PRH,LLC,1.04,0.78
PRH,MFF,1.4,1.05
PRL,SIA,2.05,1.54
PRL,SOV,1.02,0.76
PRN,HRR,4.94,3.71
PRN,WKG,8.5,6.38
PRN,WTH,1.9,1.42
PRP,BTN,2.13,1.6
PRP,HHE,18.06,13.54
PRP,HOV,1.62,1.22
PRP,HSK,8.77,6.58
PRR,AYS,10.86,8.14
PRR,BIT,28.62,21.46
PRR,HDM,8.97,6.73
PRR,HWY,11.94,8.96
PRR,MRS,2.23,1.67
PRR,MYB,51.76,38.82
PRR,SDR,4.84,3.63
PRS,WEM,5.2,3.9
PRS,WTC,7.71,5.78
PRT,CTR,38.35,28.76
PRT,FLN,20.63,15.47
PRT,RHL,5.81,4.36
PRU,HEX,14.74,11.06
PRU,MCE,12.75,9.56
PRU,SKS,3.94,2.96
PRU,WYM,3.39,2.54
PRW,PYN,5.14,3.86
PRW,TRU,6.24,4.68
PRY,HSD,2.44,1.83
PRY,WTT,1.3,0.98
PSC,ECL,1.5,1.12
PSC,HUY,3.29,2.47
PSE,BEF,4.25,3.19
PSE,BSO,3.53,2.65
PSE,CHW,11.62,8.72
PSE,SFO,7.7,5.78
PSH,EVE,9.2,6.9
PSH,WOP,6.76,5.07
PSL,BEB,1.01,0.76
PSL,SPI,1.07,0.8
PSN,BMT,1.22,0.92
PSN,NLS,10.0,7.5
PST,LND,5.98,4.49
PST,WAF,2.88,2.16
PTA,BAJ,3.36,2.52
PTA,BGN,17.09,12.82
PTA,LLE,27.78,20.84
PTA,NTH,8.06,6.04
PTA,PYL,9.33,7.0
PTB,MER,2.41,1.81
PTB,TRD,1.76,1.32
PTC,CSA,4.05,3.04
PTC,FRM,4.78,3.59
PTD,LLH,3.74,2.8
PTD,PTF,7.58,5.68
PTF,AMF,1.9,1.42
PTF,FFA,10.42,7.82
PTF,LLE,16.24,12.18
PTF,PTD,7.58,5.68
PTG,BGS,1.4,1.05
PTG,BPT,12.24,9.18
PTG,GKC,4.13,3.1
PTG,WDL,2.16,1.62
PTG,WNL,3.58,2.68
PTH,DBL,39.77,29.83
PTH,DEE,29.7,22.28
PTH,DKD,20.16,15.12
PTH,GLE,22.23,16.67
PTH,ING,24.58,18.43
PTH,LDY,23.64,17.73
PTH,PIT,38.93,29.2
PTH,STG,43.11,32.33
PTK,CHC,2.5,1.88
PTK,EXG,1.83,1.37
PTK,HYN,1.16,0.87
PTL,KNS,1.12,0.84
PTL,NIT,1.07,0.8
PTM,CCC,7.05,5.29
PTM,MFF,3.36,2.52
PTR,HAV,17.18,12.88
PTR,HSL,18.0,13.5
PTR,LIS,5.31,3.98
PTR,RLN,12.79,9.59
PTT,NEI,5.82,4.36
PTT,WCR,1.55,1.16
PTW,AYR,4.89,3.67
PTW,NOA,3.15,2.36
PTW,PRA,0.82,0.61
PTW,TRN,5.22,3.92
PUL,AMY,6.98,5.24
PUL,BIG,7.93,5.95
PUL,HRH,18.35,13.76
PUO,PUR,1.48,1.11
PUO,SCY,1.81,1.36
PUR,CDS,2.93,2.2
PUR,ECR,4.44,3.33
PUR,HOR,19.04,14.28
PUR,KLY,1.66,1.24
PUR,PUO,1.48,1.11
PUR,RDH,11.41,8.56
PUR,RHM,0.92,0.69
PUR,SCY,3.17,2.38
PUT,BNS,1.8,1.35
PUT,CLJ,3.22,2.42
PUT,RMD,5.86,4.4
PUT,WNT,1.96,1.47
PWE,LGS,0.75,0.56
PWE,SHL,0.59,0.44
PWL,ABH,3.09,2.32
PWW,CMY,1.56,1.17
PWW,GLC,4.85,3.64
PWW,KNS,1.89,1.42
PWW,THB,1.57,1.18
PWY,FIT,2.33,1.75
PWY,STJ,16.25,12.19
PYC,CDF,15.72,11.79
PYC,LLR,3.65,2.74
PYC,PCD,7.44,5.58
PYE,CDF,15.09,11.32
PYE,ROR,2.65,1.99
PYG,BPT,7.77,5.83
PYG,GLC,10.51,7.88
PYG,HLE,4.43,3.32
PYG,HLW,3.44,2.58
PYG,IRV,30.63,22.97
PYG,JHN,5.14,3.86
PYG,PYJ,1.24,0.93
PYJ,BPT,6.68,5.01
PYJ,PYG,1.24,0.93
PYL,BGN,8.75,6.56
PYL,PTA,9.33,7.0
PYN,PNM,3.03,2.27
PYN,PRW,5.14,3.86
PYN,TRU,10.91,8.18
PYP,BYC,5.11,3.83
PYP,DWD,2.09,1.57
PYT,ADC,3.43,2.57
PYT,BML,2.13,1.6
QBR,KML,6.0,4.5
QBR,SSS,2.89,2.17
QBR,SWL,2.94,2.2
QPK,COI,0.71,0.53
QPK,PLE,0.6,0.45
QPW,KBN,0.98,0.74
QPW,KNL,1.36,1.02
QRB,CLJ,1.99,1.49
QRB,VXH,2.1,1.58
QRP,PMR,0.93,0.7
QRP,SBM,1.58,1.18
QRP,SQE,2.18,1.64
QUI,NQY,3.48,2.61
QUI,SCR,6.33,4.75
QYD,ACY,1.8,1.35
QYD,MEV,3.04,2.28
RAD,CUM,3.62,2.72
RAD,DID,8.37,6.28
RAD,OXF,7.76,5.82
RAI,GLM,4.8,3.6
RAI,NGT,4.23,3.17
RAI,SIT,8.99,6.74
RAM,BSR,2.9,2.17
RAM,CBW,23.85,17.89
RAM,DMP,1.47,1.1
RAM,MSR,6.31,4.73
RAM,SDW,9.06,6.8
RAN,BRO,22.09,16.57
RAN,CRR,10.78,8.08
RAU,ANC,5.3,3.98
RAU,SLR,3.3,2.47
RAV,BOC,7.32,5.49
RAV,DRI,3.26,2.44
RAV,MLM,18.43,13.82
RAV,SEL,9.45,7.09
RAY,MOT,1.71,1.28
RAY,NEM,1.89,1.42
RAY,SUR,5.47,4.1
RAY,WIM,2.12,1.59
RBR,BAT,8.21,6.16
RBR,ETC,3.4,2.55
RCA,CKY,2.88,2.16
RCA,ROR,2.1,1.58
RCC,MBR,11.34,8.5
RCC,RCE,1.43,1.07
RCC,SBK,7.71,5.78
RCC,SLB,7.22,5.42
RCD,CAS,2.62,1.96
RCD,LTL,5.32,3.99
RCD,MCV,14.88,11.16
RCD,SMB,3.66,2.74
RCD,TOD,12.05,9.04
RCE,LGK,2.62,1.96
RCE,RCC,1.43,1.07
RDA,CFN,0.97,0.73
RDA,MTP,0.82,0.61
RDB,MBK,2.71,2.03
RDB,ROM,8.23,6.17
RDB,TTN,0.87,0.65
RDC,ALV,4.68,3.51
RDD,SNR,1.78,1.34
RDD,UWL,3.07,2.3
RDF,BIN,5.7,4.28
RDF,NET,3.21,2.41
RDF,NOT,7.4,5.55
RDG,BMY,15.6,11.7
RDG,BRI,111.56,83.67
RDG,BSK,22.65,16.99
RDG,CLC,115.06,86.3
RDG,DID,25.26,18.94
RDG,EAR,4.22,3.16
RDG,GLD,36.72,27.54
RDG,MOR,10.61,7.96
RDG,NBY,25.27,18.95
RDG,PAD,55.44,41.58
RDG,PEW,56.93,42.7
RDG,RDW,1.33,1.0
RDG,SLO,27.0,20.25
RDG,SWI,57.56,43.17
RDG,TAU,156.03,117.02
RDG,THE,7.68,5.76
RDG,TLH,4.26,3.2
RDG,TWY,7.75,5.81
RDG,WKM,10.41,7.81
RDG,WNS,7.31,5.48
RDH,ECR,15.84,11.88
RDH,ELD,1.47,1.1
RDH,GTW,9.32,6.99
RDH,HOR,7.95,5.96
RDH,MHM,2.88,2.16
RDH,NUF,2.69,2.02
RDH,PUR,11.41,8.56
RDH,REI,2.65,1.99
RDM,CRB,3.61,2.71
RDM,SKS,3.46,2.6
RDN,ABY,3.51,2.63
RDN,BNT,2.65,1.99
RDN,MAN,5.69,4.27
RDN,RRB,1.43,1.07
RDR,CDF,6.55,4.91
RDR,DCT,2.03,1.52
RDR,LLN,1.59,1.19
RDR,TAF,2.89,2.17
RDT,ELS,4.42,3.32
RDT,SAC,7.3,5.48
RDW,MOR,9.79,7.34
RDW,RDG,1.33,1.0
RDW,THE,6.36,4.77
REC,HAC,1.25,0.94
REC,SKW,0.78,0.58
RED,CBN,5.69,4.27
RED,PNZ,25.11,18.83
RED,SER,17.04,12.78
RED,TRU,11.95,8.96
REE,BYA,5.55,4.16
REE,CNY,3.5,2.62
REE,GYM,12.12,9.09
REE,HAD,5.81,4.36
REE,OUN,14.31,10.73
REI,BTO,4.45,3.34
REI,DPD,8.42,6.32
REI,RDH,2.65,1.99
RET,DON,26.25,19.69
RET,GBL,14.28,10.71
RET,GNB,15.1,11.32
RET,GRA,49.82,37.36
RET,KGX,206.2,154.65
RET,NNG,27.75,20.81
RET,WRK,11.61,8.71
RFD,HOC,3.85,2.89
RFD,SIA,1.46,1.1
RFY,BEB,1.76,1.32
RFY,BKC,1.88,1.41
RFY,GNL,1.21,0.91
RGL,LTV,12.7,9.52
RGL,RGT,1.81,1.36
RGL,STA,13.49,10.12
RGT,HNF,6.64,4.98
RGT,RGL,1.81,1.36
RGW,BBN,3.73,2.8
RGW,LHO,3.43,2.57
RHD,DNT,8.52,6.39
RHD,HIR,7.35,5.51
RHI,BCG,0.73,0.55
RHI,WHT,0.57,0.43
RHL,AGL,6.76,5.07
RHL,CWB,15.9,11.92
RHL,PRT,5.81,4.36
RHM,CDN,1.3,0.98
RHM,PUR,0.92,0.69
RHO,TYC,2.53,1.9
RHO,VAL,6.4,4.8
RHY,PLT,1.53,1.15
RIA,BRY,4.6,3.45
RIA,LWM,9.52,7.14
RIC,CLW,3.48,2.61
RIC,HOH,11.67,8.75
RID,APG,2.65,1.99
RID,LID,2.96,2.22
RID,WOB,4.18,3.14
RIL,FAZ,2.16,1.62
RIL,KKD,2.3,1.72
RIS,BBN,4.32,3.24
RIS,CTW,2.42,1.82
RKT,MGM,10.86,8.14
RKT,SLR,5.49,4.12
RLG,HOC,4.33,3.25
RLG,WIC,6.3,4.72
RLN,HAV,4.53,3.4
RLN,PTR,12.79,9.59
RMB,BFF,5.66,4.24
RMB,DWD,2.58,1.94
RMC,MHS,3.92,2.94
RMC,SWN,7.01,5.26
RMD,BNS,4.2,3.15
RMD,CLJ,9.06,6.8
RMD,KWG,1.96,1.47
RMD,NSH,1.04,0.78
RMD,PUT,5.86,4.4
RMD,SMG,1.61,1.21
RMD,TWI,2.41,1.81
RMF,CTH,3.83,2.87
RMF,EMP,2.67,2.0
RMF,GDP,1.76,1.32
RMF,SNF,11.89,8.92
RMF,SRA,13.45,10.09
RMF,SVK,6.13,4.6
RML,BDY,1.68,1.26
RML,MPL,2.59,1.94
RML,RSH,2.19,1.64
RML,WLY,1.7,1.27
RNF,KIR,8.25,6.19
RNF,UPL,3.42,2.56
RNH,HUY,5.14,3.86
RNH,LEG,3.03,2.27
RNH,WHN,2.02,1.52
RNM,DDK,3.32,2.49
RNM,PFL,5.15,3.86
RNR,CMR,1.42,1.06
RNR,GNT,6.64,4.98
RNR,NWA,12.6,9.45
ROB,BGE,2.53,1.9
ROB,HUY,0.86,0.64
ROB,WAV,4.51,3.38
ROC,BGL,3.4,2.55
ROC,SCR,8.13,6.1
ROE,WPE,0.36,0.27
ROE,ZCW,0.36,0.27
ROG,GOL,10.28,7.71
ROG,LRG,14.38,10.79
ROL,FSK,1.08,0.81
ROL,NCT,5.94,4.46
ROM,CFR,7.69,5.77
ROM,DBG,5.93,4.45
ROM,RDB,8.23,6.17
ROM,SAL,23.57,17.68
ROM,SOU,10.98,8.24
ROO,BIF,2.1,1.58
ROO,DLT,4.46,3.34
ROR,PYE,2.65,1.99
ROR,RCA,2.1,1.58
ROS,DFE,2.97,2.23
ROS,INK,2.28,1.71
ROW,CRA,4.13,3.1
ROW,LGG,2.54,1.9
ROW,OHL,1.86,1.4
ROW,SGB,4.36,3.27
RRB,BLV,0.72,0.54
RRB,RDN,1.43,1.07
RRN,SPR,3.51,2.63
RRN,SPS,2.01,1.51
RSG,ACR,6.87,5.15
RSG,BUB,1.67,1.25
RSG,BYM,2.2,1.65
RSG,HPN,2.33,1.75
RSH,RML,2.19,1.64
RSN,BWK,14.36,10.77
RSN,DUN,25.65,19.24
RTN,ALX,1.72,1.29
RTN,DLR,2.61,1.96
RTR,BMS,34.18,25.64
RTR,CTM,0.95,0.71
RTR,LBG,43.36,32.52
RTR,MEP,10.64,7.98
RTR,SAY,23.69,17.77
RTR,SOO,1.41,1.06
RTR,SOR,9.18,6.88
RUA,CRK,3.39,2.54
RUA,WRX,10.37,7.78
RUE,FRD,5.18,3.88
RUE,WBQ,7.72,5.79
RUF,BCJ,4.66,3.5
RUF,CSO,4.1,3.08
RUG,COV,18.01,13.51
RUG,LBK,14.57,10.93
RUG,MKC,50.25,37.69
RUG,NMP,28.19,21.14
RUG,NUN,21.85,16.39
RUG,SOT,93.96,70.47
RUN,ACB,12.16,9.12
RUN,CRE,34.4,25.8
RUN,FRD,4.88,3.66
RUN,LIV,17.57,13.18
RUN,LPY,10.18,7.64
RUS,SLH,2.46,1.84
RUS,WTB,1.79,1.34
RUT,BDG,2.22,1.67
RUT,CBL,2.73,2.05
RUT,CML,3.39,2.54
RUT,DAK,1.32,0.99
RUT,UDD,7.87,5.9
RVB,BEC,1.39,1.04
RVB,SRT,1.14,0.86
RVN,DEW,2.35,1.76
RVN,MIR,2.43,1.82
RWC,GOO,5.97,4.48
RWC,SNI,4.48,3.36
RYB,SBR,5.13,3.85
RYB,TUL,8.27,6.2
RYD,RYP,0.7,0.52
RYD,RYR,0.97,0.73
RYE,APD,10.81,8.11
RYE,TOK,10.02,7.52
RYE,WSE,2.87,2.15
RYH,BXB,2.75,2.06
RYH,SMT,2.07,1.55
RYN,BXB,4.55,3.41
RYN,HWN,4.1,3.08
RYP,PMH,7.4,5.55
RYP,RYD,0.7,0.52
RYR,BDN,5.27,3.95
RYR,RYD,0.97,0.73
RYR,SAB,1.47,1.1
RYS,AWM,6.19,4.64
RYS,BDK,12.87,9.65
RYS,CBG,19.33,14.5
RYS,LET,16.06,12.04
RYS,MEL,4.85,3.64
SAA,PKT,2.15,1.61
SAB,BDN,3.83,2.87
SAB,RYR,1.47,1.1
SAC,HPD,7.36,5.52
SAC,RDT,7.3,5.48
SAC,STP,28.15,21.11
SAC,WHP,24.31,18.23
SAD,BHM,8.39,6.29
SAD,DDP,3.12,2.34
SAD,SGB,2.25,1.69
SAD,WVH,11.44,8.58
SAE,BIY,3.16,2.37
SAE,SHY,1.39,1.04
SAF,ELD,2.9,2.17
SAF,HOR,3.67,2.75
SAH,HXM,4.59,3.44
SAH,NRW,7.85,5.89
SAJ,HGR,2.32,1.74
SAJ,LEW,0.74,0.55
SAJ,NWX,1.06,0.8
SAL,ADV,26.96,20.22
SAL,DEN,12.4,9.3
SAL,GRT,17.04,12.78
SAL,ROM,23.57,17.68
SAL,TIS,19.09,14.32
SAL,WMN,29.96,22.47
SAM,GBD,5.86,4.4
SAM,GOO,4.65,3.49
SAN,BDN,2.92,2.19
SAN,LKE,1.19,0.89
SAR,AVN,1.41,1.06
SAR,SVB,5.66,4.24
SAS,AFV,2.71,2.03
SAS,SQU,2.92,2.19
SAT,ACC,1.11,0.83
SAT,GUN,0.95,0.71
SAU,BOD,14.84,11.13
SAU,PAR,6.26,4.7
SAU,TRU,21.3,15.98
SAV,LPW,16.36,12.27
SAV,STY,1.88,1.41
SAW,BIS,5.83,4.37
SAW,HWM,3.29,2.47
SAW,HWN,5.82,4.36
SAX,DSM,6.85,5.14
SAX,WCM,9.45,7.09
SAY,BMS,10.5,7.88
SAY,EYN,4.19,3.14
SAY,FNR,4.69,3.52
SAY,LBG,21.57,16.18
SAY,OTF,9.13,6.85
SAY,RTR,23.69,17.77
SAY,SMY,4.3,3.22
SAY,VIC,24.53,18.4
SBE,HGT,2.47,1.85
SBE,KNA,2.28,1.71
SBF,DPT,2.79,2.09
SBF,KEY,1.4,1.05
SBF,PLY,4.04,3.03
SBF,STS,1.73,1.3
SBJ,CRA,3.83,2.87
SBJ,HAG,2.94,2.2
SBJ,KID,10.03,7.52
SBJ,LYE,1.83,1.37
SBJ,SBT,1.04,0.78
SBJ,SGB,12.01,9.01
SBK,MBR,3.78,2.84
SBK,RCC,7.71,5.78
SBM,LBG,2.83,2.12
SBM,QRP,1.58,1.18
SBP,HDN,1.48,1.11
SBP,WMB,1.69,1.27
SBR,FTW,13.63,10.22
SBR,RYB,5.13,3.85
SBS,CKL,5.49,4.12
SBS,NRT,4.28,3.21
SBS,SEL,9.94,7.46
SBT,SBJ,1.04,0.78
SBU,EDR,2.67,2.0
SBU,TUR,2.72,2.04
SBV,BFE,5.43,4.07
SBV,KEY,1.52,1.14
SBY,BUH,32.44,24.33
SBY,DON,29.57,22.18
SBY,GRF,20.98,15.74
SBY,HOW,13.5,10.12
SBY,LDS,31.82,23.86
SBY,SIE,11.22,8.42
SBY,SOM,12.29,9.22
SBY,WRS,9.23,6.92
SBY,YRK,19.52,14.64
SCA,SEM,4.4,3.3
SCF,ADD,3.05,2.29
SCF,BHM,5.96,4.47
SCF,LEH,1.76,1.32
SCG,DFD,3.12,2.34
SCG,GNH,1.05,0.79
SCH,GRS,0.81,0.61
SCH,JOR,1.71,1.28
SCR,QUI,6.33,4.75
SCR,ROC,8.13,6.1
SCS,DWL,5.36,4.02
SCS,DWW,3.21,2.41
SCS,EXT,11.82,8.86
SCT,ABC,13.8,10.35
SCT,GGJ,6.73,5.05
SCU,ALP,5.39,4.04
SCU,BTB,15.99,11.99
SCU,DON,33.12,24.84
SCY,ECR,1.34,1.01
SCY,PUO,1.81,1.36
SCY,PUR,3.17,2.38
SCY,SNR,1.63,1.22
SDA,HAI,2.49,1.87
SDA,MDW,8.14,6.1
SDA,NHE,1.97,1.48
SDB,CRE,7.23,5.42
SDB,HCH,6.12,4.59
SDC,HOX,1.0,0.75
SDC,ZLW,1.17,0.88
SDE,WPE,0.81,0.61
SDE,ZLW,0.96,0.72
SDF,KGT,1.12,0.84
SDF,TEN,5.51,4.13
SDG,FKW,6.17,4.63
SDG,WHA,2.04,1.53
SDL,BAH,0.91,0.68
SDL,KKD,1.35,1.01
SDL,MRF,2.38,1.78
SDM,MTH,2.82,2.11
SDM,WSH,2.01,1.51
SDN,BTE,0.88,0.66
SDN,SNW,10.01,7.51
SDN,SOU,2.41,1.81
SDN,SWG,2.28,1.71
SDP,CAU,2.11,1.58
SDP,LOO,3.12,2.34
SDR,HWY,7.55,5.66
SDR,PRR,4.84,3.63
SDW,DEA,6.52,4.89
SDW,MSR,6.82,5.12
SDW,RAM,9.06,6.8
SDY,BIW,4.66,3.5
SDY,SNO,12.1,9.07
SEA,HRE,8.77,6.58
SEA,SUN,8.11,6.08
SEC,BIL,7.66,5.74
SEC,HPL,3.19,2.39
SED,CBG,5.09,3.82
SED,WLF,5.33,4.0
SEE,LWS,4.57,3.43
SEE,NVN,4.4,3.3
SEF,BIP,1.47,1.1
SEG,CBE,9.41,7.06
SEG,FAV,5.16,3.87
SEH,EYN,3.56,2.67
SEH,OTF,2.19,1.64
SEL,BYS,3.32,2.49
SEL,SBS,9.94,7.46
SEL,SSC,2.86,2.14
SEM,FIL,8.72,6.54
SEM,MLT,27.54,20.66
SEM,SCA,4.4,3.3
SEN,BKT,3.8,2.85
SEN,LIC,4.78,3.59
SER,CBB,3.28,2.46
SER,CBN,11.36,8.52
SER,HYL,2.49,1.87
SER,LEL,1.61,1.21
SER,PNZ,8.3,6.22
SER,RED,17.04,12.78
SES,AWK,7.24,5.43
SES,FZW,7.21,5.41
SET,HIR,9.28,6.96
SET,HLD,7.13,5.35
SET,LPR,5.81,4.36
SET,SKI,20.55,15.41
SEV,BBL,1.68,1.26
SEV,CLD,10.17,7.63
SEV,DNG,2.31,1.73
SEV,HLB,7.64,5.73
SEV,LBG,31.42,23.56
SEV,ORP,12.53,9.4
SEV,TON,11.35,8.51
SFA,AFK,75.97,56.98
SFA,EBD,25.5,19.12
SFA,STP,8.25,6.19
SFI,EKB,5.0,3.75
SFI,NEW,2.18,1.64
SFL,BNW,1.6,1.2
SFL,WLO,1.66,1.24
SFN,COS,5.01,3.76
SFN,CSL,12.26,9.2
SFN,TFC,4.95,3.71
SFO,ETL,3.36,2.52
SFO,PSE,7.7,5.78
SFR,CHL,2.93,2.2
SFR,DKT,15.99,11.99
SFR,DPD,17.09,12.82
SFR,GLD,2.69,2.02
SGB,BHM,6.15,4.61
SGB,BSW,5.83,4.37
SGB,LGG,1.88,1.41
SGB,ROW,4.36,3.27
SGB,SAD,2.25,1.69
SGB,SMR,0.9,0.68
SGB,THW,1.19,0.89
SGB,WVH,13.42,10.07
SGL,EGY,1.38,1.03
SGL,HYM,5.16,3.87
SGM,LSK,12.7,9.52
SGM,MEN,7.98,5.98
SGM,STS,7.19,5.39
SGN,CBP,1.2,0.9
SGN,GFD,1.15,0.86
SGR,ABW,5.49,4.12
SGR,BNH,2.08,1.56
SGR,CRY,2.31,1.73
SGR,DFD,3.02,2.26
SGR,ERH,1.9,1.42
SGR,NFL,9.59,7.19
SHB,CWD,6.71,5.03
SHB,LAG,3.18,2.39
SHB,MSW,4.76,3.57
SHC,FEA,2.68,2.01
SHC,WKK,5.83,4.37
SHD,BIA,4.28,3.21
SHD,NAY,3.41,2.56
SHE,TMC,9.23,6.92
SHE,YVJ,7.34,5.5
SHF,CHD,15.82,11.86
SHF,DAN,3.43,2.57
SHF,DBY,51.39,38.54
SHF,DON,26.62,19.96
SHF,DOR,6.67,5.0
SHF,DRO,8.56,6.42
SHF,KIV,13.59,10.19
SHF,LDS,46.69,35.02
SHF,MHS,5.37,4.03
SHF,SPT,46.59,34.94
SHF,WKF,33.88,25.41
SHH,AVN,2.22,1.67
SHH,SML,2.03,1.52
SHI,HOT,2.83,2.12
SHI,WGV,1.51,1.13
SHJ,ERL,4.56,3.42
SHJ,LEG,1.74,1.3
SHL,MAX,0.97,0.73
SHL,PWE,0.59,0.44
SHM,CMR,5.59,4.19
SHM,WRN,2.36,1.77
SHN,LKE,1.69,1.27
SHO,NTL,2.9,2.17
SHO,WLS,0.92,0.69
SHP,TED,8.49,6.37
SHP,TWI,10.1,7.58
SHP,UPH,2.12,1.59
SHR,CRE,47.11,35.33
SHR,CTT,19.7,14.78
SHR,GOB,27.98,20.98
SHR,HFD,72.38,54.28
SHR,LUD,37.94,28.46
SHR,NAN,42.06,31.54
SHR,WEM,16.25,12.19
SHR,WLN,15.66,11.74
SHR,WLP,27.03,20.27
SHR,WRX,41.35,31.01
SHR,WTC,29.02,21.76
SHR,YRT,10.88,8.16
SHS,BLH,14.18,10.64
SHS,FLD,4.95,3.71
SHS,HTW,2.68,2.01
SHS,WCL,14.97,11.23
SHT,CTR,10.69,8.02
SHT,FLN,7.52,5.64
SHT,HWB,0.72,0.54
SHT,HWD,3.05,2.29
SHT,NES,9.04,6.78
SHU,GCR,13.59,10.19
SHU,STD,4.14,3.1
SHW,ESL,6.05,4.54
SHW,WIN,5.08,3.81
SHY,APY,4.71,3.53
SHY,BDQ,4.2,3.15
SHY,BIY,4.53,3.4
SHY,BLD,2.28,1.71
SHY,FZH,1.5,1.12
SHY,LDS,15.42,11.56
SHY,SAE,1.39,1.04
SIA,LST,54.67,41.0
SIA,PRL,2.05,1.54
SIA,RFD,1.46,1.1
SIC,BOC,8.11,6.08
SIC,MLM,4.52,3.39
SID,AYP,1.61,1.21
SID,BXY,3.19,2.39
SID,NEH,2.31,1.73
SIE,CHF,3.26,2.44
SIE,PFR,12.6,9.45
SIE,SBY,11.22,8.42
SIH,MDS,0.71,0.53
SIH,SUC,1.61,1.21
SIL,BWS,3.44,2.58
SIL,SYS,4.45,3.34
SIN,DMR,1.4,1.05
SIN,DMY,1.29,0.97
SIP,KGM,4.77,3.58
SIT,FAV,11.38,8.54
SIT,KML,2.28,1.71
SIT,NGT,4.76,3.57
SIT,RAI,8.99,6.74
SIT,TEY,5.14,3.86
SIV,CBB,1.57,1.18
SJP,EXC,0.83,0.62
SJP,POL,1.53,1.15
SJS,CPT,2.7,2.03
SJS,WHC,0.93,0.7
SKE,LAS,2.63,1.97
SKE,NTH,2.71,2.03
SKG,HVN,5.15,3.86
SKG,WFL,7.85,5.89
SKI,CEY,4.71,3.53
SKI,GGV,5.63,4.22
SKI,HLD,14.43,10.82
SKI,KEI,12.99,9.74
SKM,AYS,3.6,2.7
SKM,WND,3.84,2.88
SKN,CAU,1.96,1.47
SKN,COE,2.88,2.16
SKN,LSK,2.68,2.01
SKS,PRU,3.94,2.96
SKS,RDM,3.46,2.6
SKW,REC,0.78,0.58
SKW,SMH,1.06,0.8
SLA,HYM,2.64,1.98
SLA,KGE,1.61,1.21
SLB,MSK,2.92,2.19
SLB,RCC,7.22,5.42
SLD,BON,13.9,10.42
SLD,CLI,4.71,3.53
SLD,DGT,2.15,1.61
SLD,FNW,10.23,7.67
SLD,KSL,9.24,6.93
SLD,MCV,2.2,1.65
SLD,MSO,7.95,5.96
SLD,SNN,5.15,3.86
SLH,GMT,4.9,3.68
SLH,RUS,2.46,1.84
SLK,DOD,2.38,1.78
SLK,PNS,4.04,3.03
SLL,HAB,5.93,4.45
SLL,HLI,1.63,1.22
SLO,BNM,4.01,3.01
SLO,HAY,11.87,8.9
SLO,LNY,3.47,2.6
SLO,MAI,9.11,6.83
SLO,PAD,28.71,21.53
SLO,RDG,27.0,20.25
SLO,WDT,8.26,6.19
SLO,WNC,3.44,2.58
SLQ,BAT,7.85,5.89
SLQ,BEX,6.09,4.57
SLQ,HGS,1.14,0.86
SLQ,WLD,1.48,1.11
SLR,ANC,8.43,6.32
SLR,GRA,18.44,13.83
SLR,HEC,8.05,6.04
SLR,RAU,3.3,2.47
SLR,RKT,5.49,4.12
SLR,SPA,28.6,21.45
SLS,BAI,7.5,5.62
SLS,CAY,1.17,0.88
SLS,CBS,8.36,6.27
SLS,GAR,1.92,1.44
SLS,HST,5.04,3.78
SLT,ASB,1.35,1.01
SLT,STV,2.1,1.58
SLV,EDR,1.34,1.01
SLV,WHL,1.14,0.86
SLW,KKM,4.13,3.1
SLW,PRE,7.84,5.88
SLY,BRV,1.79,1.34
SLY,UNI,1.03,0.77
SMA,BMO,2.82,2.11
SMA,TYS,1.74,1.3
SMB,LTL,1.66,1.24
SMB,RCD,3.66,2.74
SMD,OKM,17.34,13.0
SMD,PBO,17.54,13.16
SMG,RMD,1.61,1.21
SMG,TWI,0.81,0.61
SMH,SKW,1.06,0.8
SMH,SVS,0.9,0.68
SMK,BSE,20.79,15.59
SMK,DIS,22.12,16.59
SMK,ESW,8.02,6.02
SMK,IPS,18.35,13.76
SMK,NMT,5.59,4.19
SML,CFN,3.14,2.36
SML,SHH,2.03,1.52
SMN,BUU,3.34,2.5
SMO,MDS,0.85,0.64
SMO,WBO,0.92,0.69
SMR,BHM,5.3,3.98
SMR,SGB,0.9,0.68
SMT,RYH,2.07,1.55
SMT,WAR,3.05,2.29
SMY,BKL,4.42,3.32
SMY,BMS,6.2,4.65
SMY,DMK,15.89,11.92
SMY,LGF,13.4,10.05
SMY,MEP,17.36,13.02
SMY,RTR,27.99,20.99
SMY,SAY,4.3,3.22
SMY,VIC,20.73,15.55
SNA,FZW,7.89,5.92
SNA,WKF,2.6,1.95
SND,BAW,2.48,1.86
SND,CRN,2.49,1.87
SNE,SOT,11.21,8.41
SNE,STA,11.83,8.87
SNF,BIC,6.13,4.6
SNF,BRE,2.81,2.11
SNF,CHM,15.14,11.36
SNF,INT,5.5,4.12
SNF,LST,31.12,23.34
SNF,RMF,11.89,8.92
SNF,SRA,25.11,18.83
SNG,ACT,3.37,2.53
SNG,LNG,2.77,2.08
SNG,VIR,5.04,3.78
SNH,GSW,5.51,4.13
SNH,HUY,8.89,6.67
SNH,LIV,17.17,12.88
SNH,THH,2.66,2.0
SNH,WGN,11.93,8.95
SNI,HEL,5.7,4.28
SNI,RWC,4.48,3.36
SNK,WAW,0.8,0.6
SNK,WID,5.73,4.3
SNL,EWW,1.59,1.19
SNL,WCP,2.0,1.5
SNN,MSD,1.03,0.77
SNN,SLD,5.15,3.86
SNN,WKD,3.93,2.95
SNO,BIW,16.37,12.28
SNO,HUN,11.44,8.58
SNO,SDY,12.1,9.07
SNR,ECR,2.97,2.23
SNR,RDD,1.78,1.34
SNS,AFS,2.47,1.85
SNS,DAT,7.72,5.79
SNS,EGH,3.02,2.26
SNS,FEL,6.69,5.02
SNS,WRY,3.89,2.92
SNW,BUO,2.93,2.2
SNW,FRM,5.76,4.32
SNW,NTL,5.33,4.0
SNW,SOU,10.95,8.21
SNY,DAT,2.04,1.53
SNY,WRY,1.8,1.35
SOA,ESL,2.24,1.68
SOA,SOU,5.98,4.49
SOA,SWG,1.42,1.06
SOA,WIN,13.3,9.98
SOB,BOH,4.31,3.23
SOB,CCH,9.06,6.8
SOB,EMS,2.18,1.64
SOB,NUT,1.78,1.34
SOC,SOE,1.41,1.06
SOC,WCF,1.4,1.05
SOE,SOC,1.41,1.06
SOE,TPB,2.08,1.56
SOF,BLB,3.95,2.96
SOF,NFA,5.18,3.88
SOG,ETC,5.59,4.19
SOG,WAD,6.93,5.2
SOH,EUS,3.37,2.53
SOH,KBN,1.04,0.78
SOI,GAL,9.01,6.76
SOI,GBG,20.03,15.02
SOJ,BSE,27.71,20.78
SOJ,ELY,7.58,5.68
SOJ,KNE,12.75,9.56
SOK,KNT,1.39,1.04
SOK,NWB,0.9,0.68
SOL,BMO,10.08,7.56
SOL,DDG,5.29,3.97
SOL,OLT,2.89,2.17
SOL,WMR,2.26,1.69
SOM,MIK,4.91,3.68
SOM,SBY,12.29,9.22
SON,CEY,4.79,3.59
SON,KEI,4.57,3.43
SON,SKI,8.42,6.32
SOO,CUX,3.67,2.75
SOO,GRV,10.52,7.89
SOO,HGM,4.08,3.06
SOO,RTR,1.41,1.06
SOO,SDA,8.21,6.16
SOP,BDL,1.66,1.24
SOP,MEC,1.78,1.34
SOR,MEP,1.51,1.13
SOR,RTR,9.18,6.88
SOT,CRE,19.14,14.36
SOT,KDG,9.73,7.3
SOT,LGN,3.58,2.68
SOT,LPT,4.43,3.32
SOT,LTV,43.93,32.95
SOT,MAC,28.24,21.18
SOT,NUN,72.1,54.08
SOT,RUG,93.96,70.47
SOT,SNE,11.21,8.41
SOT,SPT,44.24,33.18
SOT,STA,23.04,17.28
SOU,BCU,15.09,11.32
SOU,BMH,37.44,28.08
SOU,FRM,16.69,12.52
SOU,GLD,68.81,51.61
SOU,MBK,1.49,1.12
SOU,NWM,24.06,18.04
SOU,POK,34.94,26.2
SOU,RDB,4.2,3.15
SOU,ROM,10.98,8.24
SOU,SDN,2.41,1.81
SOU,SNW,10.95,8.21
SOU,SOA,5.98,4.49
SOU,TTN,4.95,3.71
SOV,PRL,1.02,0.76
SOW,BGH,8.46,6.35
SOW,HBD,7.49,5.62
SOW,HFX,3.72,2.79
SOW,MYT,5.44,4.08
SPA,PBO,24.6,18.45
SPA,SLR,28.6,21.45
SPB,KPA,1.07,0.8
SPB,WIJ,3.46,2.6
SPB,WMB,7.56,5.67
SPF,CUP,3.64,2.73
SPF,LDY,4.91,3.68
SPH,AYH,4.55,3.41
SPH,KSN,5.24,3.93
SPH,SWO,3.2,2.4
SPI,BMR,1.15,0.86
SPI,BOM,2.05,1.54
SPI,PSL,1.07,0.8
SPK,KKB,1.64,1.23
SPK,MFT,4.52,3.39
SPN,ATL,4.9,3.68
SPN,WMD,3.93,2.95
SPO,DBY,3.52,2.64
SPO,LGE,8.77,6.58
SPR,BLG,2.74,2.06
SPR,BNL,0.52,0.39
SPR,GLQ,2.57,1.93
SPR,RRN,3.51,2.63
SPS,GRH,3.85,2.89
SPS,RRN,2.01,1.51
SPT,CHU,3.7,2.78
SPT,CLY,16.22,12.16
SPT,DOR,43.85,32.89
SPT,DVN,1.78,1.34
SPT,HTC,2.47,1.85
SPT,LVM,4.75,3.56
SPT,MAC,16.5,12.38
SPT,MAN,9.04,6.78
SPT,NVR,12.03,9.02
SPT,SHF,46.59,34.94
SPT,SOT,44.24,33.18
SPT,STA,66.98,50.24
SPT,WML,9.71,7.28
SPU,HCN,5.41,4.06
SPU,MRN,4.02,3.01
SPY,DBD,3.26,2.44
SPY,SSM,1.41,1.06
SQE,NWX,2.11,1.58
SQE,NXG,2.02,1.52
SQE,QRP,2.18,1.64
SQE,ZCW,0.63,0.47
SQH,DMF,38.84,29.13
SQH,KRK,5.09,3.82
SQU,BPB,1.31,0.98
SQU,SAS,2.92,2.19
SRA,BIC,30.77,23.08
SRA,BKG,5.84,4.38
SRA,CHM,39.16,29.37
SRA,COL,73.61,55.21
SRA,HKW,1.55,1.16
SRA,INT,30.23,22.67
SRA,LEB,3.66,2.74
SRA,LST,6.01,4.51
SRA,MYL,0.84,0.63
SRA,RMF,13.45,10.09
SRA,SNF,25.11,18.83
SRA,ZLW,4.58,3.44
SRC,BAL,2.95,2.21
SRC,NRB,1.27,0.95
SRC,STE,0.85,0.64
SRD,FIT,4.17,3.13
SRD,LWH,1.04,0.78
SRD,MTP,1.47,1.1
SRG,BCF,2.52,1.89
SRG,GER,4.27,3.2
SRG,MYB,32.18,24.14
SRH,BAL,1.77,1.33
SRH,WNW,1.84,1.38
SRI,BMO,5.45,4.09
SRI,HLG,0.92,0.69
SRI,TYS,1.2,0.9
SRL,WTE,1.36,1.02
SRL,YRD,2.1,1.58
SRN,MPL,3.29,2.47
SRN,NMC,2.12,1.59
SRO,KVP,4.92,3.69
SRO,WRK,3.37,2.53
SRR,TDU,1.04,0.78
SRR,WMI,2.11,1.58
SRS,CLJ,9.88,7.41
SRS,ECR,1.88,1.41
SRS,NWD,1.06,0.8
SRS,TTH,1.23,0.92
SRS,WCY,1.79,1.34
SRT,BKJ,2.18,1.64
SRT,BMS,1.25,0.94
SRT,RVB,1.14,0.86
SRU,NLT,2.76,2.07
SRU,WRU,3.02,2.26
SRY,TPB,2.44,1.83
SSC,DRI,3.4,2.55
SSC,RAV,6.63,4.97
SSC,SEL,2.86,2.14
SSD,AUD,13.4,10.05
SSD,BIS,7.02,5.26
SSD,CBG,35.06,26.3
SSD,LST,47.51,35.63
SSD,SST,4.42,3.32
SSE,LAC,3.7,2.78
SSE,PLD,4.67,3.5
SSE,SWK,2.44,1.83
SSE,WRH,7.55,5.66
SSM,BHS,3.11,2.33
SSM,SPY,1.41,1.06
SSS,QBR,2.89,2.17
SST,AUD,11.48,8.61
SST,BIS,4.53,3.4
SST,ESM,2.89,2.17
SST,HWN,15.18,11.38
SST,SSD,4.42,3.32
STA,CRE,38.01,28.51
STA,EUS,196.24,147.18
STA,NUN,54.07,40.55
STA,PKG,8.94,6.7
STA,RGL,13.49,10.12
STA,SNE,11.83,8.87
STA,SOT,23.04,17.28
STA,WFJ,172.92,129.69
STA,WVH,24.03,18.02
STC,ACH,8.74,6.56
STC,ATT,3.53,2.65
STD,KEM,15.52,11.64
STD,SHU,4.14,3.1
STE,MTC,2.48,1.86
STE,SRC,0.85,0.64
STE,TOO,2.15,1.61
STE,TUH,2.4,1.8
STF,ATT,7.3,5.48
STF,DCG,5.52,4.14
STG,ALO,9.03,6.77
STG,BEA,4.31,3.23
STG,DBL,7.58,5.68
STG,FKG,16.04,12.03
STG,GLE,21.39,16.04
STG,GLQ,34.7,26.02
STG,HYM,48.59,36.44
STG,LBT,12.62,9.46
STG,PTH,43.11,32.33
STH,FXN,1.81,1.36
STH,MEL,3.02,2.26
STJ,CDT,1.2,0.9
STJ,FIT,17.34,13.0
STJ,NWP,15.27,11.45
STJ,PWY,16.25,12.19
STK,BIL,4.78,3.59
STK,EAG,4.95,3.71
STK,TBY,1.68,1.26
STL,EAL,5.41,4.06
STL,HAN,2.84,2.13
STL,HAY,2.93,2.2
STM,AIG,2.1,1.58
STM,BRW,1.68,1.26
STN,ABD,21.07,15.8
STN,LAU,21.74,16.3
STN,MTS,32.0,24.0
STN,PLN,12.1,9.07
STO,BHO,2.21,1.66
STO,HRY,1.84,1.38
STP,BFR,2.6,1.95
STP,FPK,4.04,3.03
STP,KET,104.59,78.44
STP,KTN,2.36,1.77
STP,LEI,140.22,105.16
STP,LTN,42.39,31.79
STP,MHR,118.48,88.86
STP,SAC,28.15,21.11
STP,SFA,8.25,6.19
STP,WHP,5.04,3.78
STP,ZFD,1.81,1.36
STR,BRL,25.97,19.48
STS,DPT,4.2,3.15
STS,PLY,5.71,4.28
STS,SBF,1.73,1.3
STS,SGM,7.19,5.39
STT,DNL,3.43,2.57
STT,KLM,5.06,3.8
STU,CBW,3.76,2.82
STU,MSR,13.91,10.43
STV,KWN,3.52,2.64
STV,SLT,2.1,1.58
STW,FLW,0.94,0.7
STW,TED,1.76,1.32
STW,TWI,1.39,1.04
STY,BER,4.25,3.19
STY,DDG,18.33,13.75
STY,LPW,14.86,11.14
STY,SAV,1.88,1.41
STY,WMC,2.27,1.7
SUC,SIH,1.61,1.21
SUC,WSU,1.18,0.88
SUG,CYN,5.41,4.06
SUG,LLV,12.51,9.38
SUG,LNW,4.5,3.38
SUM,GSC,0.64,0.48
SUM,MYH,0.67,0.5
SUN,HEW,12.21,9.16
SUN,HPL,26.8,20.1
SUN,NCL,16.55,12.41
SUN,SEA,8.11,6.08
SUO,BLM,1.81,1.36
SUO,CHE,1.66,1.24
SUO,CSB,1.51,1.13
SUO,CSH,1.99,1.49
SUO,WSU,1.19,0.89
SUP,BMN,0.54,0.4
SUP,GRP,1.9,1.42
SUR,BRS,1.77,1.33
SUR,CLJ,12.23,9.17
SUR,ESH,3.7,2.78
SUR,HYW,3.2,2.4
SUR,RAY,5.47,4.1
SUR,THD,2.46,1.84
SUR,WAL,7.98,5.98
SUR,WAT,18.06,13.54
SUR,WBY,15.2,11.4
SUR,WIM,7.5,5.62
SUR,WOK,19.41,14.56
SUT,FOK,1.66,1.24
SUT,WYL,2.11,1.58
SUU,HMP,3.18,2.39
SUU,KMP,0.63,0.47
SUU,UPH,1.08,0.81
SUY,BUE,7.62,5.72
SVB,SAR,5.66,4.24
SVG,BIW,20.69,15.52
SVG,FPK,38.12,28.59
SVG,GRA,115.6,86.7
SVG,HFN,13.91,10.43
SVG,HIT,6.92,5.19
SVG,KBW,4.11,3.08
SVG,KGX,41.65,31.24
SVG,PBO,74.95,56.21
SVG,WAS,7.84,5.88
SVK,GMY,1.09,0.82
SVK,IFD,1.99,1.49
SVK,SRA,7.36,5.52
SVL,BUD,4.11,3.08
SVL,WDM,5.46,4.1
SVR,ARN,3.9,2.92
SVR,CNF,4.95,3.71
SVS,BCV,1.22,0.92
SVS,EDR,4.81,3.61
SVS,LST,7.19,5.39
SVS,SMH,0.9,0.68
SWA,GWN,7.02,5.26
SWA,LAS,5.64,4.23
SWA,LLE,16.11,12.08
SWA,NTH,10.15,7.61
SWD,CLM,4.26,3.2
SWD,HKM,7.53,5.65
SWE,HBB,5.2,3.9
SWE,HEC,7.2,5.4
SWG,SDN,2.28,1.71
SWG,SOA,1.42,1.06
SWI,BPW,52.69,39.52
SWI,CNM,42.79,32.09
SWI,CPM,25.55,19.16
SWI,DID,37.84,28.38
SWI,KEM,20.52,15.39
SWI,NWP,83.9,62.92
SWI,RDG,57.56,43.17
SWI,WSB,43.88,32.91
SWK,FSG,1.26,0.94
SWK,PLD,2.26,1.69
SWK,SSE,2.44,1.83
SWL,KML,3.09,2.32
SWL,QBR,2.94,2.2
SWM,GNH,2.14,1.61
SWM,NFL,1.09,0.82
SWN,BTD,3.67,2.75
SWN,MEX,1.26,0.94
SWN,MRP,12.04,9.03
SWN,RMC,7.01,5.26
SWO,AYH,1.36,1.02
SWO,SPH,3.2,2.4
SWR,BSJ,7.64,5.73
SWR,KMH,2.82,2.11
SWR,LID,4.03,3.02
SWR,MLB,1.88,1.41
SWS,LEI,5.5,4.12
SWS,NBR,4.84,3.63
SWT,HUD,6.92,5.19
SWT,MSN,3.97,2.98
SWY,BCU,4.4,3.3
SWY,NWM,4.66,3.5
SXY,GBL,14.94,11.2
SXY,LCN,9.44,7.08
SYA,MIA,2.85,2.14
SYA,WML,2.57,1.93
SYB,AHN,2.22,1.67
SYB,HUD,25.83,19.37
SYB,MAN,11.09,8.32
SYB,MCV,11.96,8.97
SYB,MSL,3.61,2.71
SYD,CYP,1.63,1.22
SYD,FOH,1.3,0.98
SYD,PNW,1.17,0.88
SYH,PNE,2.35,1.76
SYH,WDU,1.15,0.86
SYL,BFD,1.3,0.98
SYL,ISL,1.13,0.85
SYS,LEI,7.61,5.71
SYS,SIL,4.45,3.34
SYT,HAD,2.9,2.17
SYT,OUN,5.61,4.21
TAB,BHM,9.84,7.38
TAB,BSC,1.48,1.11
TAB,HSD,4.02,3.01
TAB,WSL,3.55,2.66
TAB,WVH,10.44,7.83
TAC,HYD,4.22,3.16
TAC,OXF,14.34,10.76
TAD,KND,1.74,1.3
TAD,TAT,2.01,1.51
TAF,RDR,2.89,2.17
TAF,TRE,3.59,2.69
TAF,TRF,7.09,5.32
TAI,ARD,19.82,14.86
TAI,FRN,5.31,3.98
TAI,IGD,15.79,11.84
TAL,LLC,1.97,1.48
TAL,TYG,1.37,1.03
TAM,ATH,11.15,8.36
TAM,BHM,22.72,17.04
TAM,BUT,19.01,14.26
TAM,DBY,34.51,25.88
TAM,LTV,9.42,7.06
TAM,MKC,91.36,68.52
TAM,WNE,2.97,2.23
TAP,BNM,2.42,1.82
TAP,MAI,2.91,2.18
TAT,TAD,2.01,1.51
TAU,BRI,59.63,44.72
TAU,BWT,14.0,10.5
TAU,CLC,41.37,31.03
TAU,EXD,45.09,33.82
TAU,RDG,156.03,117.02
TAU,TVP,21.57,16.18
TAU,WSB,68.57,51.43
TAU,WSM,36.81,27.61
TAY,CON,9.28,6.96
TAY,FOC,8.84,6.63
TAY,LHA,12.57,9.43
TBD,BAB,7.04,5.28
TBD,CRW,1.86,1.4
TBD,GTW,4.4,3.3
TBD,HHE,13.02,9.76
TBW,FRT,3.66,2.74
TBW,HIB,2.36,1.77
TBW,WAD,7.23,5.42
TBY,BIL,5.41,4.06
TBY,EAG,4.59,3.44
TBY,MBR,4.78,3.59
TBY,STK,1.68,1.26
TBY,YRK,68.25,51.19
TBY,YRM,8.05,6.04
TCR,BDS,19.42,14.57
TCR,ZFD,1.83,1.37
TDU,GMG,6.32,4.74
TDU,SRR,1.04,0.78
TED,FLW,1.57,1.18
TED,HMW,1.79,1.34
TED,SHP,8.49,6.37
TED,STW,1.76,1.32
TEN,PNA,1.89,1.42
TEN,SDF,5.51,4.13
TEO,CHN,1.38,1.03
TEO,TUR,2.36,1.77
TEY,FAV,6.29,4.72
TEY,SIT,5.14,3.86
TFC,OKN,1.5,1.12
TFC,SFN,4.95,3.71
TFC,WLN,5.61,4.21
TFC,WVH,24.05,18.04
TGM,DWL,4.22,3.16
TGM,NTA,7.67,5.75
TGS,BCG,0.48,0.36
TGS,HLL,1.2,0.9
THA,MDG,4.55,3.41
THA,NBY,5.55,4.16
THA,NRC,4.51,3.38
THA,THE,12.47,9.35
THB,GFN,1.37,1.03
THB,PWW,1.57,1.18
THC,GOE,1.33,1.0
THC,MRP,5.5,4.12
THD,HMC,1.53,1.15
THD,SUR,2.46,1.84
THE,AMT,5.64,4.23
THE,RDG,7.68,5.76
THE,RDW,6.36,4.77
THE,THA,12.47,9.35
THH,ECL,1.51,1.13
THH,SNH,2.66,2.0
THI,NTR,12.49,9.37
THI,YRK,35.15,26.36
THL,BKW,3.12,2.34
THL,CNL,3.38,2.53
THL,COV,5.7,4.28
THO,YET,1.82,1.36
THO,YVP,4.32,3.24
THS,GGJ,9.56,7.17
THT,BUS,1.47,1.1
THT,HMY,2.09,1.57
THU,BSB,1.91,1.43
THU,LOW,3.44,2.58
THW,JEQ,3.87,2.9
THW,SGB,1.19,0.89
TIL,ETL,4.78,3.59
TIL,GRY,2.71,2.03
TIL,UPM,12.9,9.68
TIP,CSY,2.12,1.59
TIP,DDP,1.27,0.95
TIR,BHD,1.69,1.27
TIR,PLT,3.64,2.73
TIS,GIL,13.86,10.4
TIS,SAL,19.09,14.32
TLB,DYF,1.88,1.41
TLB,LLA,3.7,2.78
TLC,DLG,4.68,3.51
TLC,GCW,4.55,3.41
TLH,PAN,4.48,3.36
TLH,RDG,4.26,3.2
TLK,EWD,1.31,0.98
TLK,HNL,8.68,6.51
TLK,WDE,1.68,1.26
TLK,WYT,2.69,2.02
TLS,CLT,6.0,4.5
TLS,GRB,6.64,4.98
TLS,KBX,3.74,2.8
TLS,WEE,3.23,2.42
TLS,WIV,14.15,10.61
TMC,GIL,10.78,8.08
TMC,SHE,9.23,6.92
TNA,GOX,2.68,2.01
TNA,ULC,4.13,3.1
TNF,LLW,6.4,4.8
TNF,TYW,3.72,2.79
TNN,GOO,11.81,8.86
TNN,HFS,4.56,3.42
TNP,DMG,0.81,0.61
TNP,LLY,1.62,1.22
TNS,CWE,9.2,6.9
TNS,HFS,4.87,3.65
TOD,BYM,12.61,9.46
TOD,HBD,6.52,4.89
TOD,LTL,7.88,5.91
TOD,RCD,12.05,9.04
TOD,WDN,1.99,1.49
TOK,DLH,2.0,1.5
TOK,ORE,4.07,3.05
TOK,RYE,10.02,7.52
TOK,WSE,7.23,5.42
TOL,CSN,2.01,1.51
TOL,MAL,1.55,1.16
TOM,AUD,49.8,37.35
TOM,BMD,7.71,5.78
TOM,BXB,17.96,13.47
TOM,CHN,12.98,9.74
TOM,ENL,9.44,7.08
TOM,HAC,4.4,3.3
TOM,HWN,23.96,17.97
TOM,LEB,2.85,2.14
TOM,LST,7.97,5.98
TOM,NUM,1.55,1.16
TOM,PON,6.3,4.72
TOM,WLC,11.01,8.26
TON,HIB,4.7,3.53
TON,HLB,3.95,2.96
TON,LIH,4.21,3.16
TON,PDW,8.32,6.24
TON,SEV,11.35,8.51
TOO,HYR,2.03,1.52
TOO,STE,2.15,1.61
TOP,EXN,2.41,1.81
TOP,LYM,4.74,3.56
TOP,NCO,1.91,1.43
TOT,IVY,16.0,12.0
TOT,NTA,12.2,9.15
TOT,PLY,32.87,24.65
TPB,SOE,2.08,1.56
TPB,SRY,2.44,1.83
TPC,BSN,22.28,16.71
TPC,WFL,3.06,2.3
TPN,TRY,1.73,1.3
TPN,YSR,1.42,1.06
TQY,NTA,8.56,6.42
TQY,PGN,3.29,2.47
TQY,TRR,1.35,1.01
TRA,DGT,4.54,3.4
TRA,HUP,1.09,0.82
TRA,MCO,5.05,3.79
TRA,URM,2.89,2.17
TRB,YNW,1.3,0.98
TRD,MEV,2.95,2.21
TRD,PTB,1.76,1.32
TRE,TAF,3.59,2.69
TRE,TRF,3.53,2.65
TRF,PPD,1.43,1.07
TRF,TAF,7.09,5.32
TRF,TRE,3.53,2.65
TRH,POR,1.83,1.37
TRH,PPD,2.99,2.24
TRI,BKM,5.9,4.43
TRI,CED,6.92,5.19
TRI,LBZ,13.39,10.04
TRM,DBR,12.48,9.36
TRM,FLX,2.36,1.77
TRN,AYR,9.58,7.18
TRN,BSS,2.05,1.54
TRN,IRV,7.67,5.75
TRN,KMK,12.51,9.38
TRN,PRA,4.56,3.42
TRN,PTW,5.22,3.92
TRO,BOA,3.84,2.88
TRO,MKM,8.25,6.19
TRO,WSB,5.97,4.48
TRR,NTA,7.3,5.48
TRR,TQY,1.35,1.01
TRS,BSE,6.56,4.92
TRS,ESW,7.15,5.36
TRU,PRW,6.24,4.68
TRU,PYN,10.91,8.18
TRU,RED,11.95,8.96
TRU,SAU,21.3,15.98
TRY,TPN,1.73,1.3
TRY,YNW,1.37,1.03
TTF,ATL,21.58,16.18
TTF,BND,9.04,6.78
TTF,ELY,32.6,24.45
TTF,NRW,44.51,33.38
TTF,PBO,69.57,52.18
TTH,NRB,1.99,1.49
TTH,SRS,1.23,0.92
TTN,ANF,4.42,3.32
TTN,BCU,12.95,9.71
TTN,SOU,4.95,3.71
TUH,HNH,1.51,1.13
TUH,NDL,2.03,1.52
TUH,STE,2.4,1.8
TUL,CRR,13.81,10.36
TUL,RYB,8.27,6.2
TUR,SBU,2.72,2.04
TUR,TEO,2.36,1.77
TUT,DBY,15.79,11.84
TUT,PEA,14.55,10.91
TUT,UTT,12.31,9.23
TVP,EXD,24.61,18.46
TVP,TAU,21.57,16.18
TWB,GAL,3.26,2.44
TWI,FEL,5.6,4.2
TWI,HOU,2.64,1.98
TWI,RMD,2.41,1.81
TWI,SMG,0.81,0.61
TWI,STW,1.39,1.04
TWI,WTN,1.98,1.48
TWN,AUG,1.44,1.08
TWN,MNS,3.2,2.4
TWY,MAI,10.86,8.14
TWY,RDG,7.75,5.81
TWY,WGV,2.68,2.01
TYC,BOR,4.29,3.22
TYC,RHO,2.53,1.9
TYG,HRL,4.15,3.11
TYG,TAL,1.37,1.03
TYL,CNR,7.61,5.71
TYL,DAL,16.92,12.69
TYS,ACG,1.46,1.1
TYS,BMO,4.56,3.42
TYS,SMA,1.74,1.3
TYS,SRI,1.2,0.9
TYW,AVY,5.25,3.94
TYW,TNF,3.72,2.79
UCK,BXD,3.41,2.56
UDD,BLH,3.92,2.94
UDD,CBL,5.41,4.06
UDD,GLC,11.41,8.56
UDD,MTH,6.77,5.08
UDD,RUT,7.87,5.9
UHA,EDP,12.16,9.12
UHA,LSN,3.28,2.46
UHL,CRH,1.19,0.89
UHL,GPO,1.76,1.32
ULC,HAB,2.71,2.03
ULC,TNA,4.13,3.1
ULL,CHF,3.16,2.37
ULL,MIK,10.2,7.65
ULL,YRK,14.05,10.54
ULV,CAK,8.29,6.22
ULV,DLT,6.72,5.04
UMB,BNP,10.26,7.7
UMB,CPN,3.59,2.69
UMB,EGG,14.3,10.73
UMB,KGN,8.66,6.5
UMB,PMA,4.97,3.73
UNI,BHM,3.97,2.98
UNI,BMV,16.18,12.14
UNI,FWY,2.73,2.05
UNI,SLY,1.03,0.77
UNI,WOP,36.24,27.18
UPH,SHP,2.12,1.59
UPH,SUU,1.08,0.81
UPL,ORR,2.13,1.6
UPL,RNF,3.42,2.56
UPM,BKG,12.03,9.02
UPM,BSO,14.2,10.65
UPM,EMP,2.41,1.81
UPM,GRY,10.43,7.82
UPM,LAI,11.91,8.93
UPM,OCK,4.94,3.71
UPM,PFL,8.78,6.58
UPM,RNM,6.3,4.72
UPM,TIL,12.9,9.68
UPM,WEH,17.36,13.02
UPM,WHR,6.21,4.66
UPT,BID,2.59,1.94
UPT,HSW,6.32,4.74
UPW,DCH,7.09,5.32
UPW,DCW,7.17,5.38
UPW,WEY,3.67,2.75
URM,CSR,0.98,0.74
URM,DGT,7.38,5.54
URM,FLI,2.05,1.54
URM,HUP,1.79,1.34
URM,IRL,5.49,4.12
URM,MCO,7.9,5.93
UTT,BYB,16.13,12.1
UTT,TUT,12.31,9.23
UTY,BRO,9.74,7.3
UTY,CNR,7.19,5.39
UWL,RDD,3.07,2.3
UWL,WOH,2.73,2.05
VAL,BNG,29.2,21.9
VAL,HHD,5.37,4.03
VAL,LPG,24.51,18.38
VAL,RHO,6.4,4.8
VIC,BAK,2.01,1.51
VIC,BMS,15.49,11.62
VIC,BRX,4.13,3.1
VIC,CLJ,3.89,2.92
VIC,DMK,4.87,3.65
VIC,GTW,37.7,28.28
VIC,SAY,24.53,18.4
VIC,SMY,20.73,15.55
VIR,CHY,4.0,3.0
VIR,EGH,3.27,2.45
VIR,LNG,2.92,2.19
VIR,SNG,5.04,3.78
VXH,CLJ,4.09,3.07
VXH,QRB,2.1,1.58
VXH,WAT,2.02,1.52
WAC,BWD,4.82,3.62
WAC,LPY,20.07,15.05
WAC,MCO,24.92,18.69
WAC,PDG,2.82,2.11
WAC,SNK,3.85,2.89
WAC,WAW,3.07,2.3
WAC,WID,9.48,7.11
WAD,BAT,21.92,16.44
WAD,ETC,11.43,8.57
WAD,FRT,3.64,2.73
WAD,SOG,6.93,5.2
WAD,TBW,7.23,5.42
WAE,CHX,1.13,0.85
WAE,LBG,1.65,1.24
WAF,MUB,3.7,2.78
WAF,PST,2.88,2.16
WAL,HER,1.78,1.34
WAL,SUR,7.98,5.98
WAL,WYB,3.24,2.43
WAM,DEA,2.46,1.84
WAM,MTM,4.36,3.27
WAN,ASH,3.2,2.4
WAN,GLD,6.13,4.6
WAO,KKD,2.03,1.52
WAO,OPK,0.65,0.49
WAR,HFE,3.2,2.4
WAR,SMT,3.05,2.29
WAS,HFN,6.68,5.01
WAS,SVG,7.84,5.88
WAT,BSK,72.45,54.34
WAT,CLJ,5.86,4.4
WAT,GLD,43.91,32.93
WAT,SUR,18.06,13.54
WAT,VXH,2.02,1.52
WAT,WOK,36.99,27.74
WAV,BGE,1.99,1.49
WAV,EDG,1.57,1.18
WAV,LIV,3.6,2.7
WAW,HGN,9.36,7.02
WAW,LPY,17.11,12.83
WAW,WAC,3.07,2.3
WAW,WID,6.52,4.89
WBC,CMB,5.15,3.86
WBC,ELY,15.08,11.31
WBD,HEL,2.88,2.16
WBD,KNO,6.69,5.02
WBL,EMS,2.01,1.51
WBL,HAV,1.02,0.76
WBO,SMO,0.92,0.69
WBO,WIM,1.44,1.08
WBP,IMW,1.75,1.31
WBP,KPA,1.46,1.1
WBQ,CRE,34.8,26.1
WBQ,CTR,27.94,20.96
WBQ,ERL,7.65,5.74
WBQ,EUS,265.79,199.34
WBQ,MCO,25.83,19.37
WBQ,MKC,194.35,145.76
WBQ,NUN,122.3,91.72
WBQ,RUE,7.72,5.79
WBQ,RUG,144.12,108.09
WBQ,WGN,17.68,13.26
WBR,CEF,4.81,3.61
WBR,FNV,2.08,1.56
WBY,BFN,2.05,1.54
WBY,SUR,15.2,11.4
WBY,WOK,4.26,3.2
WCB,CTN,0.95,0.71
WCB,MZH,1.02,0.76
WCF,CHW,1.45,1.09
WCF,SOC,1.4,1.05
WCH,ADV,11.11,8.33
WCH,OVR,5.75,4.31
WCK,GGJ,22.09,16.57
WCL,ADW,2.72,2.04
WCL,LVG,4.54,3.4
WCL,SHS,14.97,11.23
WCM,MES,6.63,4.97
WCM,SAX,9.45,7.09
WCP,MOT,1.6,1.2
WCP,SNL,2.0,1.5
WCR,PTT,1.55,1.16
WCR,WLM,1.32,0.99
WCX,DNM,14.87,11.15
WCX,GER,19.01,14.26
WCX,MYB,9.19,6.89
WCX,WRU,10.63,7.97
WCY,NWD,2.81,2.11
WCY,SRS,1.79,1.34
WCY,WDO,1.6,1.2
WDB,IPS,12.65,9.49
WDB,MES,2.09,1.57
WDB,WFI,10.42,7.82
WDD,ACK,7.65,5.74
WDD,PEG,7.31,5.48
WDE,DZY,2.73,2.05
WDE,TLK,1.68,1.26
WDH,DAN,4.02,3.01
WDH,KIV,6.51,4.88
WDL,LGB,4.43,3.32
WDL,PTG,2.16,1.62
WDM,KEN,11.86,8.9
WDM,SVL,5.46,4.1
WDN,LTL,5.95,4.46
WDN,TOD,1.99,1.49
WDO,WCY,1.6,1.2
WDO,WLT,2.45,1.84
WDS,CFD,6.85,5.14
WDS,LDS,8.07,6.05
WDT,EAL,11.81,8.86
WDT,HAY,3.65,2.74
WDT,IVR,2.39,1.79
WDT,LNY,4.82,3.62
WDT,SLO,8.26,6.19
WDU,HNH,1.58,1.18
WDU,SYH,1.15,0.86
WEA,DRG,0.73,0.55
WEA,EAL,1.26,0.94
WEA,HAN,1.32,0.99
WEE,GRB,3.46,2.6
WEE,TLS,3.23,2.42
WEH,BKG,5.34,4.0
WEH,FST,6.14,4.6
WEH,LAI,29.22,21.92
WEH,LHS,3.59,2.69
WEH,SRA,1.57,1.18
WEH,UPM,17.36,13.02
WEL,BDM,22.98,17.24
WEL,KET,10.66,8.0
WEL,STP,93.94,70.46
WEM,CRE,32.25,24.19
WEM,PRS,5.2,3.9
WEM,SHR,16.25,12.19
WEM,WTC,12.83,9.62
WEM,YRT,5.4,4.05
WES,ANL,1.89,1.42
WES,BRN,1.38,1.03
WES,DMC,1.75,1.31
WET,HRS,9.01,6.76
WET,PNL,5.01,3.76
WEY,DCH,10.45,7.84
WEY,UPW,3.67,2.75
WFF,CBC,1.36,1.02
WFF,KWD,1.86,1.4
WFF,MTH,7.06,5.3
WFH,BSH,0.89,0.67
WFH,WFJ,1.25,0.94
WFI,DBR,3.56,2.67
WFI,IPS,3.68,2.76
WFI,WDB,10.42,7.82
WFJ,APS,8.94,6.7
WFJ,BSH,2.12,1.59
WFJ,EUS,23.53,17.65
WFJ,HML,10.91,8.18
WFJ,HRW,9.09,6.82
WFJ,KGL,5.57,4.18
WFJ,LBZ,34.1,25.58
WFJ,MKC,48.72,36.54
WFJ,WFH,1.25,0.94
WFJ,WFN,1.43,1.07
WFL,BSN,22.7,17.02
WFL,HVN,2.77,2.08
WFL,SKG,7.85,5.89
WFL,TPC,3.06,2.3
WFN,GSN,1.35,1.01
WFN,WFJ,1.43,1.07
WGA,BCH,2.6,1.95
WGA,MAR,2.38,1.78
WGC,HAT,4.21,3.16
WGC,SVG,11.2,8.4
WGC,WLW,2.63,1.97
WGN,BYN,4.99,3.74
WGN,EBA,14.35,10.76
WGN,INC,1.44,1.08
WGN,NLW,10.14,7.6
WGN,PRE,24.25,18.19
WGN,SNH,11.93,8.95
WGN,WBQ,17.68,13.26
WGN,WHG,7.35,5.51
WGR,BKG,2.65,1.99
WGR,WNP,1.35,1.01
WGT,ASP,13.26,9.94
WGT,CAR,16.26,12.2
WGT,DLS,11.4,8.55
WGV,SHI,1.51,1.13
WGV,TWY,2.68,2.01
WGW,DSY,7.78,5.84
WGW,GST,4.36,3.27
WGW,INC,1.5,1.12
WGW,PEM,2.88,2.16
WGW,WHG,7.33,5.5
WHA,AFK,12.52,9.39
WHA,SDG,2.04,1.53
WHC,SJS,0.93,0.7
WHC,WST,1.31,0.98
WHD,BSY,0.85,0.64
WHD,FNY,0.64,0.48
WHE,CLH,5.6,4.2
WHE,LHO,3.17,2.38
WHG,BON,6.79,5.09
WHG,HIN,3.73,2.8
WHG,INC,6.15,4.61
WHG,WGN,7.35,5.51
WHG,WGW,7.33,5.5
WHI,CSW,2.41,1.81
WHI,FAV,11.12,8.34
WHI,HNB,5.92,4.44
WHL,BCV,1.34,1.01
WHL,SLV,1.14,0.86
WHM,CBK,5.2,3.9
WHM,FNT,5.27,3.95
WHM,HON,12.21,9.16
WHN,HUY,3.12,2.34
WHN,RNH,2.02,1.52
WHP,CRI,1.77,1.33
WHP,KTN,3.67,2.75
WHP,MIL,8.17,6.13
WHP,SAC,24.31,18.23
WHP,STP,5.04,3.78
WHR,LAI,5.74,4.31
WHR,OCK,6.18,4.64
WHR,UPM,6.21,4.66
WHR,WEH,23.57,17.68
WHS,CAT,2.38,1.78
WHS,WHY,0.78,0.58
WHT,COY,0.65,0.49
WHT,RHI,0.57,0.43
WHY,KLY,2.14,1.61
WHY,WHS,0.78,0.58
WIC,BIC,7.11,5.33
WIC,BLB,3.4,2.55
WIC,RLG,6.3,4.72
WID,HGN,2.84,2.13
WID,HNX,8.3,6.22
WID,LPY,10.6,7.95
WID,SNK,5.73,4.3
WID,WAC,9.48,7.11
WID,WAW,6.52,4.89
WIH,ENC,2.21,1.66
WIH,GPK,0.99,0.74
WIH,PAL,1.8,1.35
WIJ,ACC,2.95,2.21
WIJ,HDN,1.15,0.86
WIJ,KNL,1.35,1.01
WIJ,KNR,1.57,1.18
WIJ,SPB,3.46,2.6
WIL,BUT,7.52,5.64
WIL,DBY,9.68,7.26
WIM,CLJ,5.36,4.02
WIM,EAD,2.59,1.94
WIM,HYR,1.3,0.98
WIM,RAY,2.12,1.59
WIM,SUR,7.5,5.62
WIM,WBO,1.44,1.08
WIM,WCP,5.23,3.92
WIM,WOK,26.9,20.18
WIN,BSK,27.63,20.72
WIN,ESL,11.1,8.32
WIN,MIC,13.46,10.1
WIN,SHW,5.08,3.81
WIN,SOA,13.3,9.98
WIN,WOK,60.07,45.05
WIV,ALR,2.8,2.1
WIV,COL,6.52,4.89
WIV,HYH,3.79,2.84
WIV,TLS,14.15,10.61
WKB,ASB,6.86,5.14
WKB,FRL,6.21,4.66
WKD,ATN,5.51,4.13
WKD,MSD,2.91,2.18
WKD,SNN,3.93,2.95
WKF,DON,29.98,22.49
WKF,KGX,256.81,192.61
WKF,LDS,12.89,9.67
WKF,OUT,3.71,2.78
WKF,SHF,33.88,25.41
WKF,SNA,2.6,1.95
WKF,WKK,1.17,0.88
WKG,FLM,5.51,4.13
WKG,HRR,3.56,2.67
WKG,MRY,8.46,6.35
WKI,HYK,1.92,1.44
WKK,BNY,13.85,10.39
WKK,DON,28.89,21.67
WKK,DRT,10.48,7.86
WKK,LDS,13.47,10.1
WKK,MIR,13.44,10.08
WKK,NOR,4.86,3.65
WKK,PFM,12.43,9.32
WKK,SHC,5.83,4.37
WKK,WKF,1.17,0.88
WKM,BAW,9.94,7.46
WKM,BCE,6.31,4.73
WKM,CRN,5.21,3.91
WKM,RDG,10.41,7.81
WKM,WNS,3.19,2.39
WLC,BXB,6.96,5.22
WLC,CHN,1.99,1.49
WLC,ENL,1.58,1.18
WLC,NUM,9.46,7.1
WLC,TOM,11.01,8.26
WLD,BAT,7.37,5.53
WLD,CWU,4.78,3.59
WLD,SLQ,1.48,1.11
WLE,MCH,14.21,10.66
WLE,PBO,9.32,6.99
WLF,AUD,11.39,8.54
WLF,CBG,10.3,7.72
WLF,GRC,5.23,3.92
WLF,SED,5.33,4.0
WLG,NBN,1.71,1.28
WLG,WLV,0.57,0.43
WLI,BXH,2.2,1.65
WLI,FCN,1.73,1.3
WLM,MUI,2.08,1.56
WLM,WCR,1.32,0.99
WLN,OKN,4.6,3.45
WLN,SHR,15.66,11.74
WLN,TFC,5.61,4.21
WLO,BLN,1.7,1.27
WLO,SFL,1.66,1.24
WLP,NWT,19.88,14.91
WLP,SHR,27.03,20.27
WLS,BTE,2.17,1.63
WLS,SHO,0.92,0.69
WLS,SOU,2.73,2.05
WLT,CSB,1.36,1.02
WLT,WDO,2.45,1.84
WLV,BKN,2.15,1.61
WLV,WLG,0.57,0.43
WLW,KBW,4.83,3.62
WLW,WGC,2.63,1.97
WLY,HYC,2.55,1.91
WLY,RML,1.7,1.27
WMA,BRG,7.82,5.86
WMA,EML,1.59,1.19
WMA,MDE,7.31,5.48
WMB,HRW,5.09,3.82
WMB,NWB,1.26,0.94
WMB,SBP,1.69,1.27
WMB,SPB,7.56,5.67
WMC,DDG,16.64,12.48
WMC,STY,2.27,1.7
WMC,WWW,5.21,3.91
WMD,ATL,8.54,6.4
WMD,NRW,14.54,10.9
WMD,SPN,3.93,2.95
WME,CDN,1.44,1.08
WME,CHP,1.51,1.13
WMG,BPK,1.75,1.31
WMG,HAT,3.08,2.31
WMI,BGN,1.57,1.18
WMI,SRR,2.11,1.58
WML,ALD,2.66,2.0
WML,CRE,29.76,22.32
WML,HTH,2.34,1.76
WML,SPT,9.71,7.28
WML,SYA,2.57,1.93
WMN,DMH,5.06,3.8
WMN,SAL,29.96,22.47
WMN,WSB,6.88,5.16
WMR,DDG,3.03,2.27
WMR,SOL,2.26,1.69
WMS,INP,3.49,2.62
WMW,BHO,1.31,0.98
WMW,LEM,1.78,1.34
WNC,SLO,3.44,2.58
WND,GMN,6.99,5.24
WND,SKM,3.84,2.88
WNE,BHM,20.9,15.68
WNE,TAM,2.97,2.23
WNF,FLE,5.34,4.0
WNF,HOK,3.84,2.88
WNG,FRW,0.7,0.52
WNG,NNP,2.35,1.76
WNH,HRH,3.07,2.3
WNH,OLY,6.54,4.9
WNL,DFR,1.78,1.34
WNL,PTG,3.58,2.68
WNM,WOR,2.56,1.92
WNM,WSM,2.03,1.52
WNN,BEN,5.03,3.77
WNN,CNF,12.03,9.02
WNP,LER,1.83,1.37
WNP,WGR,1.35,1.01
WNR,DAT,1.9,1.42
WNR,HOU,17.15,12.86
WNR,KWB,22.01,16.51
WNS,WKM,3.19,2.39
WNS,WTI,1.23,0.92
WNT,CLJ,1.29,0.97
WNT,PUT,1.96,1.47
WNW,GIP,1.61,1.21
WNW,SRH,1.84,1.38
WNY,CES,1.93,1.45
WNY,WTM,4.72,3.54
WOB,APG,1.53,1.15
WOB,BWB,3.26,2.44
WOB,RID,4.18,3.14
WOF,DTW,9.22,6.92
WOF,MVL,10.23,7.67
WOF,WOS,0.84,0.63
WOH,OXT,4.86,3.65
WOH,UWL,2.73,2.05
WOK,AHT,16.23,12.17
WOK,AHV,12.56,9.42
WOK,BKO,5.72,4.29
WOK,BSK,37.3,27.98
WOK,CLJ,31.35,23.51
WOK,FNB,14.03,10.52
WOK,GLD,9.21,6.91
WOK,SUR,19.41,14.56
WOK,WAT,36.99,27.74
WOK,WBY,4.26,3.2
WOK,WIN,60.07,45.05
WOK,WPL,3.73,2.8
WOK,WYB,8.41,6.31
WOL,MKC,4.07,3.05
WOL,NMP,20.33,15.25
WOM,BNY,5.75,4.31
WOM,ELR,2.23,1.67
WON,FRI,1.95,1.46
WOO,DCH,15.51,11.63
WOO,MTN,6.8,5.1
WOO,WRM,7.59,5.69
WOP,ASC,17.79,13.34
WOP,BHM,40.07,30.05
WOP,CNM,29.05,21.79
WOP,EVE,15.96,11.97
WOP,PSH,6.76,5.07
WOP,UNI,36.24,27.18
WOP,WOS,5.43,4.07
WOR,WNM,2.56,1.92
WOR,WSM,4.57,3.43
WOR,YAT,6.76,5.07
WOS,ASC,22.81,17.11
WOS,CNM,33.91,25.43
WOS,DTW,8.88,6.66
WOS,PSH,11.83,8.87
WOS,SWI,75.8,56.85
WOS,WOF,0.84,0.63
WOS,WOP,5.43,4.07
WPE,ROE,0.36,0.27
WPE,SDE,0.81,0.61
WPL,GLD,5.79,4.34
WPL,WOK,3.73,2.8
WRB,HPQ,5.77,4.33
WRB,MIS,6.22,4.66
WRE,NAN,7.07,5.3
WRE,WTC,7.64,5.73
WRH,ANG,7.96,5.97
WRH,DUR,2.48,1.86
WRH,EWR,1.54,1.16
WRH,FOD,14.28,10.71
WRH,LAC,3.85,2.89
WRH,SSE,7.55,5.66
WRH,WWO,1.18,0.88
WRK,CWD,8.16,6.12
WRK,RET,11.61,8.71
WRK,SRO,3.37,2.53
WRK,WWL,6.18,4.64
WRL,BMP,9.82,7.36
WRL,CAR,6.58,4.94
WRL,HWH,25.32,18.99
WRM,DCH,22.76,17.07
WRM,HAM,7.65,5.74
WRM,HOL,3.34,2.5
WRM,WOO,7.59,5.69
WRN,CMR,3.23,2.42
WRN,SHM,2.36,1.77
WRP,DDG,13.53,10.15
WRP,HTN,4.27,3.2
WRP,LMS,5.16,3.87
WRP,SOL,18.63,13.97
WRP,WRW,2.06,1.55
WRS,HOW,4.27,3.2
WRS,SBY,9.23,6.92
WRT,HXM,6.87,5.15
WRT,NWA,4.6,3.45
WRU,DNM,4.25,3.19
WRU,GER,8.4,6.3
WRU,MYB,19.68,14.76
WRU,SRU,3.02,2.26
WRU,WCX,10.63,7.97
WRW,LMS,3.11,2.33
WRW,WRP,2.06,1.55
WRX,CTR,18.24,13.68
WRX,GWE,2.69,2.02
WRX,RUA,10.37,7.78
WRX,WXC,0.5,0.38
WRY,SNS,3.89,2.92
WRY,SNY,1.8,1.35
WSA,LPY,1.74,1.3
WSA,MSH,1.24,0.93
WSB,CLC,29.24,21.93
WSB,DMH,2.19,1.64
WSB,FRO,8.89,6.67
WSB,HGD,50.48,37.86
WSB,PEW,30.95,23.21
WSB,SWI,43.88,32.91
WSB,TRO,5.97,4.48
WSB,WMN,6.88,5.16
WSE,DLH,6.63,4.97
WSE,ORE,10.75,8.06
WSE,RYE,2.87,2.15
WSE,TOK,7.23,5.42
WSF,CRE,11.95,8.96
WSF,HTF,6.92,5.19
WSH,CLU,6.64,4.98
WSH,HLY,5.43,4.07
WSH,SDM,2.01,1.51
WSL,BLX,4.17,3.13
WSL,BSC,2.45,1.84
WSL,TAB,3.55,2.66
WSM,BRI,29.49,22.12
WSM,BWT,24.09,18.07
WSM,HIG,14.03,10.52
WSM,WNM,2.03,1.52
WSM,WOR,4.57,3.43
WSM,YAT,11.26,8.44
WSR,DVN,0.92,0.69
WSR,HAZ,1.59,1.19
WST,HIP,2.47,1.85
WST,WHC,1.31,0.98
WSU,SUC,1.18,0.88
WSU,SUO,1.19,0.89
WSW,BAL,0.83,0.62
WSW,CLJ,2.06,1.55
WTA,CUH,2.64,1.98
WTA,KGE,1.29,0.97
WTB,RUS,1.79,1.34
WTC,NAN,14.69,11.02
WTC,PRS,7.71,5.78
WTC,SHR,29.02,21.76
WTC,WEM,12.83,9.62
WTC,WRE,7.64,5.73
WTE,SRL,1.36,1.02
WTE,WYT,1.64,1.23
WTG,DOW,7.77,5.83
WTG,KLN,9.07,6.8
WTH,CKL,1.3,0.98
WTH,PRN,1.9,1.42
WTI,EAR,1.91,1.43
WTI,WNS,1.23,0.92
WTL,CMN,21.56,16.17
WTL,CUW,8.45,6.34
WTL,NAR,8.03,6.02
WTM,CHM,14.06,10.55
WTM,COL,20.4,15.3
WTM,HAP,4.35,3.26
WTM,KEL,5.82,4.36
WTM,MKT,12.95,9.71
WTM,WNY,4.72,3.54
WTN,FEL,3.62,2.72
WTN,HOU,1.47,1.1
WTN,TWI,1.98,1.48
WTO,BHM,11.43,8.57
WTO,CEH,2.37,1.78
WTO,WNE,11.13,8.35
WTR,EFL,4.38,3.28
WTR,YAL,2.68,2.01
WTS,AMB,2.97,2.23
WTS,CMF,4.45,3.34
WTT,AST,1.14,0.86
WTT,PRY,1.3,0.98
WTY,HSL,7.12,5.34
WTY,MLF,3.41,2.56
WVF,BUG,1.23,0.92
WVF,HHE,4.74,3.56
WVF,PMP,5.77,4.33
WVH,BBK,6.01,4.51
WVH,BHM,19.31,14.48
WVH,CSY,5.28,3.96
WVH,PKG,15.09,11.32
WVH,SAD,11.44,8.58
WVH,SGB,13.42,10.07
WVH,STA,24.03,18.02
WVH,TAB,10.44,7.83
WVH,TFC,24.05,18.04
WWA,CTN,2.71,2.03
WWA,PLU,1.0,0.75
WWA,WLI,3.56,2.67
WWA,WWD,1.06,0.8
WWC,ABW,3.36,2.52
WWC,CUS,3.76,2.82
WWD,CTN,1.71,1.28
WWD,ELW,3.95,2.96
WWD,WWA,1.06,0.8
WWI,EDN,1.35,1.01
WWI,HYS,1.81,1.36
WWL,CWD,2.12,1.59
WWL,WRK,6.18,4.64
WWO,DUR,1.3,0.98
WWO,LIT,10.79,8.09
WWO,WRH,1.18,0.88
WWR,BAK,1.1,0.82
WWR,CLJ,2.34,1.76
WWR,CLP,0.61,0.46
WWW,HNL,2.8,2.1
WWW,WMC,5.21,3.91
WXC,WRX,0.5,0.38
WYB,ASN,2.24,1.68
WYB,BFN,2.12,1.59
WYB,WAL,3.24,2.43
WYB,WOK,8.41,6.31
WYE,AFK,5.9,4.43
WYE,CIL,7.38,5.54
WYL,CRD,1.2,0.9
WYL,SUT,2.11,1.58
WYM,BLO,6.56,4.92
WYM,MCE,9.65,7.24
WYM,PRU,3.39,2.54
WYT,EWD,1.55,1.16
WYT,TLK,2.69,2.02
WYT,WTE,1.64,1.23
YAE,BPW,8.18,6.14
YAE,CDU,20.33,15.25
YAL,BEG,2.5,1.88
YAL,WTR,2.68,2.01
YAT,BRI,18.28,13.71
YAT,BWT,31.36,23.52
YAT,NLS,6.22,4.66
YAT,WOR,6.76,5.07
YEO,CDI,5.62,4.22
YEO,COP,4.55,3.41
YET,CNO,3.3,2.47
YET,THO,1.82,1.36
YNW,TRB,1.3,0.98
YNW,TRY,1.37,1.03
YOK,CYK,1.37,1.03
YOK,GRS,1.51,1.13
YRD,HLG,1.8,1.35
YRD,SRL,2.1,1.58
YRK,CHF,17.08,12.81
YRK,DAR,69.18,51.89
YRK,DON,48.65,36.49
YRK,GRA,120.71,90.53
YRK,GRF,26.13,19.6
YRK,KGX,277.75,208.31
YRK,LDS,34.88,26.16
YRK,MIK,24.14,18.1
YRK,MLT,27.36,20.52
YRK,NCL,117.37,88.03
YRK,NTR,47.49,35.62
YRK,PBO,163.74,122.81
YRK,POP,4.15,3.11
YRK,RET,72.14,54.1
YRK,SBY,19.52,14.64
YRK,SVG,236.31,177.23
YRK,TBY,68.25,51.19
YRK,THI,35.15,26.36
YRK,ULL,14.05,10.54
YRM,NTR,18.76,14.07
YRM,TBY,8.05,6.04
YRT,SHR,10.88,8.16
YRT,WEM,5.4,4.05
YSM,HNG,1.39,1.04
YSM,LNB,4.23,3.17
YSR,LLY,1.41,1.06
YSR,TPN,1.42,1.06
YVJ,CKN,12.99,9.74
YVJ,SAL,58.76,44.07
YVJ,SHE,7.34,5.5
YVJ,YVP,2.2,1.65
YVP,CLC,18.4,13.8
YVP,THO,4.32,3.24
YVP,YVJ,2.2,1.65
ZCW,ROE,0.36,0.27
ZCW,SQE,0.63,0.47
ZFD,BFR,0.98,0.74
ZFD,CTK,0.74,0.55
ZFD,LST,1.62,1.22
ZFD,STP,1.81,1.36
ZFD,TCR,1.83,1.37
ZLW,CWX,5.44,4.08
ZLW,LST,1.55,1.16
ZLW,SDC,1.17,0.88
ZLW,SDE,0.96,0.72
ZLW,SRA,4.58,3.44
