code,lat,long,name,transfer_time
AAP,51.59829,-0.12014,Alexandra Palace,5
AAT,57.60981331,-4.914216676,Achanalt,10
ABA,51.71505747,-3.443099147,Aberdare,5
ABC,58.38832585,-3.705268158,Altnabreac,7
ABD,57.14304825,-2.097480496,Aberdeen,9
ABE,51.57496069,-3.229838935,Aber,6
ABH,52.89860046,-4.374195955,Abererch,9
ABW,51.49077059,0.12032557,Abbey Wood,5
ABY,53.47139715,-2.194298663,Ashburys,8
ACB,53.26598504,-2.60266626,Acton Bridge (Cheshire),5
ACC,51.5087756014,-0.2636165401,Acton Central,5
ACG,52.44933057,-1.818984792,Acocks Green,8
ACH,57.4820548,-5.33306294,Achnashellach,5
ACK,55.3071,-1.65184,Acklington,9
ACL,52.63470623,1.543930278,Acle,7
ACN,57.57910082,-5.072367544,Achnasheen,9
ACR,53.7532,-2.37001,Accrington,5
ACT,51.40624634,-0.675830536,Ascot (Berks),10
ACY,51.644706,-3.327000754,Abercynon,10
ADC,53.31957,-2.13356,Adlington (Cheshire),10
ADD,52.48309476,-1.85593993,Adderley Park,5
ADK,53.4713637,-2.21388356,Ardwick,5
ADL,53.6129455,-2.603061143,Adlington (Lancashire),9
ADM,51.24120466,1.19910096,Adisham,10
ADN,55.63969607,-4.812669742,Ardrossan Town,5
ADR,55.86397274,-3.982897473,Airdrie,8
ADS,55.63986185,-4.821105156,Ardrossan Harbour,8
ADV,51.21154584,-1.49223998,Andover,6
ADW,55.84340123,-3.606517263,Addiewell,8
AFK,51.14370672,0.876213658,Ashford International,8
AFS,51.43651024,-0.468062256,Ashford (Surrey),5
AFV,53.74157235,-2.993056487,Ansdell & Fairhaven,8
AGL,53.29459094,-3.582632062,Abergele & Pensarn,5
AGS,55.85730754,-4.250671495,Argyle Street,8
AGT,50.83636472,-0.181209698,Aldrington,8
AGV,51.81669124,-3.009664242,Abergavenny,6
AHD,51.31788158,-0.308147338,Ashtead,7
AHN,53.49128474,-2.093404009,Ashton-under-Lyne,8
AHS,51.12865582,0.152661963,Ashurst (Kent),7
AHT,51.24641674,-0.759860484,Aldershot,10
AHV,51.27224595,-0.72164797,Ash Vale,10
AIG,53.3645833,-2.927160737,Aigburth,5
AIN,53.47400907,-2.956664741,Aintree,8
AIR,55.78282474,-3.994178739,Airbles,7
ALB,52.63795639,-2.268906298,Albrighton,8
ALD,53.30379521,-2.236800428,Alderley Edge,6
ALF,53.10045706,-1.369688632,Alfreton,8
ALK,52.95139426,-0.898543361,Aslockton,5
ALM,55.39241161,-1.636879701,Alnmouth,6
ALN,51.64787695,0.752499154,Althorne (Essex),8
ALO,56.11778079,-3.79004938,Alloa,8
ALP,53.58528974,-0.732586396,Althorpe,9
ALR,51.85400474,0.996704746,Alresford (Essex),7
ALT,53.3874545,-2.347281454,Altrincham,5
ALV,52.34608475,-1.967659996,Alvechurch,8
ALW,54.52411689,-1.36342611,Allens West,10
ALX,55.98507321,-4.577469118,Alexandria,8
AMB,53.06054078,-1.48069344,Ambergate,9
AMF,51.79597767,-3.996765792,Ammanford,10
AML,51.51692832,-0.267630485,Acton Main Line,7
AMR,51.6742069133,-0.607590127,Amersham,9
AMT,51.40201112,-1.138770296,Aldermaston,5
AMY,50.896668,-0.541989047,Amberley,6
ANC,52.98793249,-0.535615122,Ancaster,7
AND,55.85986476,-4.271929947,Anderston,7
ANF,50.88984033,-1.526640531,Ashurst New Forest,7
ANG,50.8165699,-0.4893894,Angmering,5
ANL,55.88949536,-4.321640769,Anniesland,7
ANN,54.98383786,-3.262584309,Annan,10
ANS,53.60183287,-3.042669326,Ainsdale,10
ANZ,51.413054424,-0.0659143281,Anerley,5
AON,51.15196497,-0.966920228,Alton,10
APB,53.578696,-2.719239,Appley Bridge,9
APD,51.0332352,0.816355536,Appledore (Kent),7
APF,51.63964272,-1.242139074,Appleford,6
APG,52.02124786,-0.632327027,Aspley Guise,5
APP,54.58035366,-2.486692409,Appleby,6
APS,51.73252418,-0.462924369,Apsley,7
APY,53.84138,-1.703065,Apperley Bridge,7
ARB,56.55956606,-2.5889364,Arbroath,5
ARD,57.88101054,-4.362578076,Ardgay,6
ARG,56.9125214,-5.839071397,Arisaig,7
ARL,52.02604,-0.26632,Arlesey,6
ARM,55.88639,-3.685049,Armadale (West Lothian),9
ARN,54.20210888,-2.827766101,Arnside,5
ARR,53.88458217,-0.42685721,Arram,5
ART,56.2039585,-4.722756857,Arrochar & Tarbet,6
ARU,50.84820145,-0.546171346,Arundel,10
ASB,55.6414058,-4.801205601,Ardrossan South Beach,9
ASC,51.99916912,-2.109057444,Ashchurch for Tewkesbury,6
ASF,55.88890808,-4.249206392,Ashfield,8
ASG,53.09275298,-2.298612158,Alsager,8
ASH,51.24959566,-0.712804737,Ash,6
ASK,54.18904409,-3.204522253,Askam,10
ASN,51.37304695,-0.484448913,Addlestone,10
ASP,54.75932254,-3.331737575,Aspatria,10
ASS,57.69437787,-4.249725543,Alness,7
AST,52.50513897,-1.871779432,Aston,9
ASY,53.35601141,-2.341015897,Ashley,7
ATB,52.9063664,-1.231269105,Attenborough,5
ATH,52.5789821,-1.552812353,Atherstone,6
ATL,52.51426479,1.022679778,Attleborough,7
ATN,53.52901633,-2.478177715,Atherton,7
ATT,57.39476556,-5.456481075,Attadale,10
AUD,52.00445153,0.2071621,Audley End,9
AUG,53.55448798,-2.895078195,Aughton Park,6
AUI,56.3019481,-4.721642823,Ardlui,8
AUK,55.47026554,-4.295346631,Auchinleck,5
AUR,56.05458044,-3.300556443,Aberdour,6
AUW,51.86734048,-1.564058135,Ascott-under-Wychwood,5
AVF,51.33964614,-2.281339394,Avoncliff,5
AVM,57.18905401,-3.828333974,Aviemore,7
AVN,51.50012646,-2.698421372,Avonmouth,6
AVP,51.830795,-0.860787,Aylesbury Vale Parkway,9
AVY,52.54397223,-4.057080835,Aberdovey,6
AWK,53.57302304,-1.181475098,Adwick,6
AWM,52.03078,-0.10978,Ashwell & Morden,6
AWT,54.8091136,-2.771682007,Armathwaite,7
AXM,50.7785826,-3.00522804,Axminster,7
AXP,55.86366362,-4.211419355,Alexandra Parade,8
AYH,51.227257,1.209464797,Aylesham,6
AYL,51.30131524,0.466175982,Aylesford,7
AYP,51.43580211,0.126411748,Albany Park,8
AYR,55.45820439,-4.626820483,Ayr,10
AYS,51.81389614,-0.815094966,Aylesbury,9
AYW,52.41405692,-4.081908698,Aberystwyth,8
BAA,50.83089289,-0.639679689,Barnham,7
BAB,51.05551334,-0.136932431,Balcombe,6
BAC,53.20933376,-2.892360673,Bache,7
BAD,51.32934844,-0.213158063,Banstead,9
BAG,51.36436905,-0.688659892,Bagshot,10
BAH,53.43780206,-2.987464984,Bank Hall,10
BAI,55.86658923,-4.042166208,Blairhill,5
BAJ,51.61553822,-3.811162313,Baglan,5
BAK,51.47733308,-0.148162967,Battersea Park,9
BAL,51.44322754,-0.152421221,Balham,7
BAM,53.33901464,-1.689082177,Bamford,10
BAN,52.06031282,-1.328130455,Banbury,9
BAR,54.07533066,-2.835940378,Bare Lane,9
BAS,50.4855868,-4.200398271,Bere Alston,6
BAT,50.91291092,0.494707026,Battle,7
BAU,53.68883974,-0.443251195,Barton-on-Humber,9
BAV,53.6971445,-0.391442806,Barrow Haven,5
BAW,51.33181014,-0.777022615,Blackwater,8
BAY,51.75772,-0.0956,Bayford,10
BBG,55.90386474,-4.224906239,Bishopbriggs,5
BBK,52.6237314,-2.186091807,Bilbrook,10
BBL,51.28975825,0.194239522,Bat & Ball,6
BBN,53.74652637,-2.479127511,Blackburn,8
BBS,52.47188154,-1.877764833,Bordesley,7
BBW,53.62105489,-1.79343383,Berry Brow,9
BCB,53.60521267,-2.841741809,Burscough Bridge,9
BCC,52.45854162,1.569508099,Beccles,9
BCE,51.41309494,-0.751703019,Bracknell,8
BCF,51.61129066,-0.643817675,Beaconsfield,7
BCG,51.52174013,-3.203468175,Birchgrove,10
BCH,51.37749929,1.301424075,Birchington-on-Sea,8
BCJ,53.59803326,-2.840087989,Burscough Junction,5
BCK,53.16304869,-3.05593636,Buckley,7
BCN,55.94058491,-4.803539699,Branchton,6
BCS,51.90349153,-1.150376878,Bicester North,10
BCU,50.81682895,-1.573542545,Brockenhurst,6
BCV,51.592976158,-0.0698302996,Bruce Grove,6
BCY,51.464746523,-0.037813935,Brockley,9
BDA,52.61980542,1.439275107,Brundall,5
BDB,53.44099228,-2.016514951,Broadbottom,5
BDG,55.84892913,-4.22607907,Bridgeton,5
BDH,50.85394444,-0.995823664,Bedhampton,5
BDI,53.79108522,-1.749595186,Bradford Interchange,9
BDK,51.99288,-0.18756,Baldock,9
BDL,53.63353433,-3.014715579,Birkdale,5
BDM,52.1362,-0.47944,Bedford,6
BDN,50.67835504,-1.138722649,Brading,9
BDQ,53.79693456,-1.752961084,Bradford Forster Square,9
BDS,51.514,0.15,Bond Street (Elizabeth line),5
BDT,54.08414656,-0.198719149,Bridlington,6
BDW,51.37963498,-1.598795279,Bedwyn,10
BDY,53.42296542,-2.109807325,Bredbury,9
BEA,56.15661923,-3.957226282,Bridge of Allan,5
BEB,53.35767221,-3.003642726,Bebington,7
BEC,51.42481875,-0.016509356,Beckenham Hill,10
BEE,52.92077475,-1.207661803,Beeston,10
BEF,51.5439490855,0.561723002,Benfleet,9
BEG,51.20470355,0.403498536,Beltring,10
BEH,52.47931356,-1.467391189,Bedworth,10
BEL,57.47820537,-4.469945682,Beauly,10
BEM,54.12829569,-0.180427625,Bempton,10
BEN,54.11579786,-2.510912928,Bentham,8
BEP,52.504479,-1.473879,Bermuda Park,7
BER,52.24442123,-1.750263853,Bearley,7
BES,53.62355392,-2.914683023,Bescar Lane,7
BET,51.524464761,-0.0597548173,Bethnal Green,9
BEU,50.85503752,-1.504758891,Beaulieu Road,8
BEV,53.84230315,-0.42388287,Beverley,9
BEX,50.84103549,0.477034087,Bexhill,5
BEY,53.92617737,-1.79742789,Ben Rhydding,5
BFD,51.48785748,-0.309064381,Brentford,8
BFE,50.45085678,-4.181881299,Bere Ferrers,8
BFF,52.99456764,-3.938602387,Blaenau Ffestiniog,8
BFN,51.34979727,-0.481381942,Byfleet & New Haw,10
BFR,51.51181,-0.10333,London Blackfriars,10
BGA,52.62309579,1.418842092,Brundall Gardens,6
BGD,51.69230767,-3.229689376,Bargoed,5
BGE,53.40618138,-2.893466308,Broad Green,6
BGG,53.54916351,-0.48611936,Brigg,7
BGH,53.69821366,-1.779439708,Brighouse,10
BGI,55.8517241,-4.071741852,Bargeddie,10
BGL,50.39994328,-4.791841896,Bugle,8
BGM,51.43387812,-0.020433206,Bellingham,5
BGN,51.50697643,-3.575296481,Bridgend,5
BGS,55.93703054,-4.711389983,Bogston,6
BGV,51.519108,0.114764,Barking Riverside,7
BHC,56.00291529,-4.583469732,Balloch,5
BHD,51.71030148,-3.2287299,Brithdir,10
BHG,55.89911208,-3.640968553,Bathgate,8
BHI,52.45081461,-1.725863394,Birmingham International,5
BHK,51.6415266174,-0.0692142536,Bush Hill Park,6
BHM,52.47819419,-1.898360826,Birmingham New Street,8
BHO,51.5862075528,-0.0412458332,Blackhorse Road,10
BHR,52.16932565,-3.427045119,Builth Road,10
BHS,53.59716619,-1.770295861,Brockholes,9
BIA,54.65747215,-1.677565289,Bishop Auckland,5
BIC,51.62889045,0.418635763,Billericay,10
BID,53.40914752,-3.078570263,Bidston,9
BIF,54.1190048,-3.226129301,Barrow-in-Furness,9
BIG,51.01519557,-0.450295608,Billingshurst,10
BIK,51.40390126,-0.056235874,Birkbeck,5
BIL,54.60632344,-1.278542318,Billingham,8
BIN,52.95457509,-0.952051798,Bingham,5
BIO,55.84470543,-4.114497793,Baillieston,10
BIP,50.78013589,0.082763046,Bishopstone (Sussex),8
BIS,51.86669627,0.164908628,Bishops Stortford,8
BIT,51.89349443,-1.148065862,Bicester Village,6
BIW,52.08469,-0.26118,Biggleswade,10
BIY,53.84840967,-1.836944749,Bingley,9
BKA,51.28873731,-0.384010514,Bookham,8
BKC,53.38900094,-3.019416498,Birkenhead Central,5
BKD,52.40618415,-2.17635507,Blakedown,10
BKG,51.5400412345,0.0807933827,Barking,8
BKH,51.46576408,0.008302376,Blackheath,8
BKJ,51.41150888,-0.027152,Beckenham Junction,8
BKL,51.40039232,0.044255507,Bickley,9
BKM,51.76313738,-0.562005134,Berkhamsted,10
BKN,53.40484222,-3.057401666,Birkenhead North,5
BKO,51.30375762,-0.635744681,Brookwood,8
BKP,53.3978198,-3.039179402,Birkenhead Park,7
BKQ,53.39471293,-3.013687789,Birkenhead Hamilton Square,6
BKR,55.883679,-3.750483,Blackridge,10
BKS,51.26136142,1.136717912,Bekesbourne,8
BKT,52.604897,-1.844908831,Blake Street,10
BKW,52.39589581,-1.642844919,Berkswell,9
BLA,56.7655294,-3.850217553,Blair Atholl,5
BLB,51.62486557,0.56580343,Battlesbridge,5
BLD,53.84969683,-1.753714588,Baildon,8
BLE,53.80599077,-1.63810801,Bramley (West Yorkshire),6
BLG,55.85711966,-4.225428982,Bellgrove,10
BLH,55.81655045,-4.025178029,Bellshill,9
BLK,53.59153702,-2.569533036,Blackrod,10
BLL,54.97449387,-2.346497864,Bardon Mill,8
BLM,51.34413926,-0.199487206,Belmont,8
BLN,53.48769659,-3.03986789,Blundellsands & Crosby,10
BLO,54.96578715,-1.712587399,Blaydon,10
BLP,53.02459133,-1.482616227,Belper,6
BLT,55.79755181,-4.086413678,Blantyre,6
BLV,53.46216055,-2.180399301,Belle Vue,8
BLW,52.99971765,-1.196233543,Bulwell,7
BLX,52.61821329,-2.011476946,Bloxwich,8
BLY,51.99534498,-0.736316135,Bletchley,10
BMB,53.72678683,-2.660769189,Bamber Bridge,7
BMC,53.61376394,-2.409600356,Bromley Cross (Lancs),5
BMD,51.65528087,-0.03103974,Brimsdown,6
BME,52.42278098,-2.885217916,Broome,5
BMF,53.74015046,-0.673345968,Broomfleet,9
BMG,51.2848921,0.478963755,Barming,7
BMH,50.72752854,-1.863941342,Bournemouth,10
BML,53.35998386,-2.162236693,Bramhall,9
BMN,51.40895308,0.017315524,Bromley North,10
BMO,52.479088,-1.89246908,Birmingham Moor Street,5
BMP,54.93263673,-2.703813718,Brampton (Cumbria),8
BMR,53.32992372,-2.989476735,Bromborough Rake,10
BMS,51.39994205,0.018356648,Bromley South,10
BMT,51.44008674,-2.594156901,Bedminster,9
BMV,52.32270414,-2.048374392,Bromsgrove,9
BMY,51.33007866,-1.060987012,Bramley (Hampshire),6
BNA,53.42192326,-2.215140157,Burnage,5
BNC,53.79352327,-2.244969486,Burnley Central,7
BND,52.45402845,0.62473398,Brandon,5
BNE,51.57711651,-0.710471017,Bourne End,7
BNF,51.63789409,-3.819278922,Briton Ferry,8
BNG,53.22229978,-4.135891358,Bangor (Gwynedd),7
BNH,51.46484925,0.160876915,Barnehurst,6
BNI,51.47173404,-0.252064268,Barnes Bridge,6
BNL,55.87782761,-4.223416311,Barnhill,8
BNM,51.52350246,-0.646369826,Burnham (Buckinghamshire),9
BNP,51.07396111,-4.063153416,Barnstaple,5
BNS,51.46706806,-0.240724454,Barnes,9
BNT,53.43103407,-2.130899716,Brinnington,10
BNV,56.84328828,-5.095416228,Banavie,5
BNW,53.45301817,-2.995347712,Bootle New Strand,10
BNY,53.55462662,-1.477078446,Barnsley,9
BOA,51.34490956,-2.252339918,Bradford-on-Avon,8
BOC,54.29035629,-3.394902231,Bootle (Cumbria),9
BOD,50.44585588,-4.662971107,Bodmin Parkway,7
BOE,50.91680133,-1.258806196,Botley,6
BOG,50.78655324,-0.676179036,Bognor Regis,8
BOH,50.8427348,-0.847436637,Bosham,7
BOM,53.32184733,-2.987788553,Bromborough,5
BON,53.57415749,-2.42582971,Bolton,7
BOP,51.60728,-0.11977,Bowes Park,9
BOR,53.20431918,-4.418022835,Bodorgan,9
BOT,53.44762574,-2.995221639,Bootle Oriel Road,7
BOW,52.4392199,-4.0319599,Bow Street,5
BPB,53.78824428,-3.053813568,Blackpool Pleasure Beach,9
BPK,51.72106,-0.20455,Brookmans Park,10
BPN,53.82192857,-3.049280829,Blackpool North,10
BPS,53.7986229,-3.049063314,Blackpool South,10
BPT,55.9021483,-4.50156706,Bishopton (Renfrewshire),8
BPW,51.51383574,-2.542659527,Bristol Parkway,5
BRA,58.01293309,-3.852295093,Brora,9
BRC,55.82730421,-3.668117841,Breich,9
BRE,51.6136457809,0.3001535395,Brentwood,10
BRF,53.82454874,-2.236946834,Brierfield,8
BRG,51.29321653,0.306260165,Borough Green & Wrotham,5
BRH,52.4910411,-4.050190046,Borth,8
BRI,51.44914299,-2.581322795,Bristol Temple Meads,8
BRK,50.84037214,0.166026428,Berwick (Sussex),7
BRL,55.0969965,-4.781779564,Barrhill,6
BRM,52.7229113,-4.056608531,Barmouth,9
BRN,55.91714482,-4.332896496,Bearsden,6
BRO,56.51584582,-4.762977191,Bridge of Orchy,7
BRP,52.39545244,1.543824133,Brampton (Suffolk),10
BRR,55.80373712,-4.397280292,Barrhead,5
BRS,51.39904691,-0.28071427,Berrylands,10
BRT,52.94288578,-2.168112728,Barlaston,7
BRU,51.11162818,-2.447079134,Bruton,7
BRV,52.4269705,-1.926421682,Bournville,5
BRW,53.38217523,-2.975653248,Brunswick,7
BRX,51.46330207,-0.114179004,Brixton,7
BRY,51.39678181,-3.284997567,Barry,9
BSB,53.04169182,-0.942482306,Bleasby,7
BSC,52.56274493,-1.99110442,Bescot Stadium,7
BSD,51.27581786,0.577588734,Bearsted,9
BSE,52.25377846,0.713310161,Bury St Edmunds,5
BSH,51.6457512678,-0.3853236425,Bushey,10
BSI,56.4747536,-2.8402961,Balmossie,6
BSJ,52.12949203,-0.467502781,Bedford St Johns,6
BSK,51.26835654,-1.087259112,Basingstoke,6
BSL,56.8995283,-5.763793188,Beasdale,8
BSM,50.72757992,-1.919197826,Branksome,9
BSN,52.97811818,-0.031002264,Boston,5
BSO,51.5681114558,0.4567956956,Basildon,8
BSP,51.5403506936,-0.2104998266,Brondesbury Park,8
BSR,51.36068061,1.433579788,Broadstairs,9
BSS,55.5610457,-4.651129008,Barassie,9
BSU,55.94250459,-3.100977841,Brunstane,5
BSV,53.672825,-2.66447,Buckshaw Parkway,5
BSW,52.48358956,-1.899820964,Birmingham Snow Hill,10
BSY,51.5456328731,-0.2030812834,Brondesbury,10
BTB,53.57424146,-0.409705665,Barnetby,9
BTD,53.51901464,-1.312227491,Bolton-upon-Dearne,5
BTE,50.91844496,-1.376987648,Bitterne,9
BTF,52.94500577,-0.796014823,Bottesford,8
BTG,52.36109392,-1.992466617,Barnt Green,8
BTH,51.37768276,-2.357034178,Bath Spa,9
BTL,53.70914805,-1.622728738,Batley,5
BTN,50.82895322,-0.141225193,Brighton,8
BTO,51.24818664,-0.266974147,Betchworth,5
BTP,51.86901047,0.567449428,Braintree Freeport,7
BTR,51.87540511,0.556698654,Braintree,6
BTS,56.05706911,-3.233192254,Burntisland,5
BTT,54.45768979,-1.092979104,Battersby,10
BTY,51.18122986,-0.868130903,Bentley (Hampshire),8
BUB,53.79124886,-2.258010878,Burnley Barracks,10
BUC,52.59776177,1.47033814,Buckenham,6
BUD,54.35530768,-2.76621552,Burneside (Cumbria),6
BUE,51.97099242,0.769005125,Bures,5
BUG,50.95361465,-0.127769062,Burgess Hill,9
BUH,53.72724433,-0.579439167,Brough,5
BUI,55.81707035,-4.203986164,Burnside (South Lanarkshire),10
BUJ,52.98409116,-1.040713371,Burton Joyce,10
BUK,52.3575573,-2.948524727,Bucknell,9
BUL,52.59248151,-1.838014434,Butlers Lane,6
BUO,50.88438037,-1.305281384,Bursledon,6
BUS,55.78033154,-4.262194654,Busby,8
BUT,52.80583306,-1.642462026,Burton-on-Trent,7
BUU,51.63366373,0.814045173,Burnham-on-Crouch,8
BUW,53.90838882,-1.753521668,Burley-in-Wharfedale,5
BUX,53.26074338,-1.912870681,Buxton,8
BUY,53.81217572,-1.577912469,Burley Park,5
BVD,51.49199068,0.152076006,Belvedere,8
BWB,52.00431141,-0.696072267,Bow Brickhill,5
BWD,53.41196101,-2.528015343,Birchwood,7
BWG,55.93106773,-4.493824427,Bowling,10
BWK,55.77482692,-2.011127048,Berwick-upon-Tweed,8
BWN,52.62567399,-2.019161042,Bloxwich North,9
BWO,51.70542949,-0.359116315,Bricket Wood,10
BWS,52.75028353,-1.149568919,Barrow-upon-Soar,9
BWT,51.12807318,-2.99028809,Bridgwater,9
BXB,51.74691233,-0.011077941,Broxbourne,9
BXD,50.99001094,0.131447718,Buxted,9
BXH,51.46355285,0.133460723,Bexleyheath,7
BXW,51.25400939,-0.328478447,Box Hill & Westhumble,10
BXY,51.44080011,0.148229166,Bexley,5
BYA,52.58980986,1.630392836,Berney Arms,9
BYB,52.96816538,-2.066959695,Blythe Bridge,5
BYC,53.092088,-3.800879188,Betws-y-Coed,7
BYD,51.40244097,-3.260715837,Barry Docks,9
BYE,51.67203157,-4.098900663,Bynea,8
BYF,56.4671506,-2.873149715,Broughty Ferry,9
BYI,51.39241248,-3.273376317,Barry Island,5
BYK,53.54369067,-1.15155621,Bentley (South Yorkshire),7
BYL,56.49313971,-2.745435354,Barry Links,6
BYM,53.78497641,-2.248865862,Burnley Manchester Road,7
BYN,53.49945144,-2.648183788,Bryn,8
BYS,54.43954367,-3.543374836,Braystones,10
CAA,52.448457,-1.496628,Coventry Arena,9
CAC,55.88791,-3.889788,Caldercruix,6
CAD,51.41227913,-3.248907469,Cadoxton,5
CAG,57.27953805,-3.828007433,Carrbridge,5
CAK,54.17756612,-2.972830022,Cark & Cartmel,9
CAM,51.33645865,-0.744669753,Camberley,8
CAN,56.50055432,-2.706592848,Carnoustie,9
CAO,52.6861758,-2.022146266,Cannock,10
CAR,54.89064626,-2.933810228,Carlisle,10
CAS,53.5918608,-2.178231774,Castleton (Manchester),6
CAT,51.28213943,-0.078302765,Caterham,6
CAU,50.40568197,-4.466485305,Causeland,7
CAY,55.85503598,-4.178652587,Carntyne,5
CBB,50.19715063,-5.464037988,Carbis Bay,10
CBC,55.86315609,-4.032397297,Coatbridge Central,10
CBD,57.5617,-4.4404,Conon Bridge,9
CBE,51.27427221,1.075977014,Canterbury East,10
CBG,52.1945746,0.137554552,Cambridge,5
CBH,51.5319776527,-0.0572725582,Cambridge Heath,7
CBK,50.749689,-3.4222744,Cranbrook (Devon),10
CBL,55.81959915,-4.172999527,Cambuslang,9
CBN,50.21042369,-5.297472083,Camborne,6
CBP,51.52297874,-0.331404502,Castle Bar Park,8
CBR,50.90375256,-0.009198424,Cooksbridge,8
CBS,55.86690882,-4.028277989,Coatbridge Sunnyside,5
CBW,51.28427401,1.075311762,Canterbury West,5
CBY,51.8724362,-1.489697044,Charlbury,5
CCC,52.91842819,-4.237528403,Criccieth,8
CCH,50.83204016,-0.781752603,Chichester,10
CCT,55.81766156,-4.260529674,Cathcart,10
CDB,51.46710937,-3.16642678,Cardiff Bay,5
CDD,56.14124635,-3.261636609,Cardenden,6
CDF,51.47602662,-3.179311548,Cardiff Central,6
CDI,50.78342809,-3.646879885,Crediton,5
CDN,51.322434,-0.13432,Coulsdon Town,7
CDO,55.85255382,-4.340687563,Cardonald,5
CDQ,51.48196277,-3.170204472,Cardiff Queen Street,6
CDR,55.96036817,-4.653060397,Cardross,10
CDS,51.31583718,-0.137884398,Coulsdon South,7
CDT,51.58478457,-2.760585172,Caldicot,5
CDU,51.71761608,-2.359096838,Cam & Dursley,10
CDY,55.94220229,-4.731580258,Cartsdyke,6
CEA,55.80463945,-3.910243709,Cleland,8
CED,51.85792469,-0.662146256,Cheddington,7
CEF,53.31224546,-1.918769577,Chapel-en-le-Frith,5
CEH,52.5165359,-1.708183055,Coleshill Parkway,6
CEL,53.27086569,-2.279608703,Chelford (Cheshire),7
CES,51.85234942,0.577973167,Cressing (Essex),7
CET,51.8865294,0.904148555,Colchester Town,8
CEY,53.91726977,-2.011236378,Cononley,7
CFB,51.44474435,-0.024856205,Catford Bridge,7
CFC,50.6377527,-2.0553076,Corfe Castle,5
CFD,53.72409345,-1.354656247,Castleford,8
CFF,55.81824958,-4.22831733,Croftfoot,10
CFH,51.485645362,0.2872366517,Chafford Hundred Lakeside,10
CFL,53.85847792,-1.844887769,Crossflatts,8
CFN,51.46454417,-2.611749153,Clifton Down,10
CFO,51.6681092656,-0.5605191022,Chalfont & Latimer,9
CFR,50.98299772,-1.384401049,Chandlers Ford,6
CFT,51.45519193,-0.036496434,Crofton Park,5
CGD,55.9947777,-4.711231697,Craigendoran,9
CGM,53.78166481,-0.406425104,Cottingham,7
CGN,51.4459927,-3.189100075,Cogan,7
CGW,53.10788341,-3.032923324,Caergwrle,9
CHC,55.86466734,-4.269812977,Charing Cross (Glasgow),7
CHD,53.23824054,-1.420109085,Chesterfield,7
CHE,51.35547926,-0.214166523,Cheam,6
CHF,53.82633993,-1.227441339,Church Fenton,10
CHG,51.20810222,0.790345573,Charing (Kent),8
CHH,51.0506779,-0.363547086,Christs Hospital,6
CHI,51.6330943168,0.0099060858,Chingford,6
CHK,51.48114063,-0.267834947,Chiswick,7
CHL,51.21521009,-0.524818359,Chilworth,7
CHM,51.73638236,0.468580339,Chelmsford,5
CHN,51.70287691,-0.023951585,Cheshunt,8
CHO,51.57020166,-1.158018612,Cholsey,5
CHP,51.30932005,-0.169427771,Chipstead,6
CHR,50.73820038,-1.784549578,Christchurch,10
CHT,55.53672988,-1.706378108,Chathill,7
CHU,53.37594578,-2.188302225,Cheadle Hulme,6
CHW,51.538722717,0.6706052576,Chalkwell,6
CHX,51.50768803,-0.124105728,London Charing Cross,7
CHY,51.38716506,-0.509665587,Chertsey,6
CIL,51.24461449,0.97591547,Chilham,6
CIM,52.15053253,-3.456554526,Cilmeri,6
CIR,51.5433544064,-0.1151973117,Caledonian Road & Barnsbury,7
CIT,51.40555763,0.057426909,Chislehurst,6
CKH,55.83748586,-4.334287526,Corkerhill,7
CKL,54.54167907,-3.582164579,Corkickle,9
CKN,50.87203517,-2.778487421,Crewkerne,8
CKS,55.78934082,-4.27563799,Clarkston,10
CKT,55.84218387,-4.365941786,Crookston,7
CKY,51.62089796,-3.126191667,Crosskeys,8
CLA,51.26400351,-0.502759414,Clandon,7
CLC,51.09980387,-2.522802166,Castle Cary,6
CLD,51.3562555,0.109079893,Chelsfield,5
CLE,53.56192407,-0.029217393,Cleethorpes,8
CLG,51.36121463,-0.348236165,Claygate,7
CLH,53.87347985,-2.394338568,Clitheroe,10
CLI,53.52223401,-2.314143209,Clifton (Manchester),7
CLJ,51.46419065,-0.170247351,Clapham Junction,7
CLK,51.40858783,-0.040650863,Clock House,8
CLL,50.8392821,0.457878337,Collington,9
CLM,53.14411144,-0.750383181,Collingham,5
CLN,53.46235417,-1.466268507,Chapeltown (South Yorkshire),6
CLP,51.465484156,-0.1325177136,Clapham High Street,7
CLR,51.85167193,-4.883574493,Clarbeston Road,6
CLS,54.85459856,-1.578018751,Chester-le-Street,7
CLT,51.79401273,1.154105287,Clacton-on-Sea,9
CLU,55.73125448,-3.848923307,Carluke,10
CLV,52.27710206,-1.696566679,Claverdon,5
CLW,51.6542489506,-0.5183116683,Chorleywood,5
CLY,53.34030561,-1.944399045,Chinley,7
CMB,52.223,0.1577,Cambridge North,5
CMD,51.5419481621,-0.139772041,Camden Road,8
CME,51.83234296,-1.392901935,Combe (Oxon),8
CMF,53.11294781,-1.548786122,Cromford,10
CMH,51.70192641,-3.413738026,Cwmbach,6
CML,55.83433026,-4.15817078,Carmyle,10
CMN,51.85335799,-4.30598577,Carmarthen,6
CMO,56.00608001,-3.817600468,Camelon,9
CMR,52.9301088,1.292833615,Cromer,5
CMY,55.83393038,-4.284311038,Crossmyloof,7
CNE,53.85484616,-2.1811716,Colne,7
CNF,54.12969095,-2.771228496,Carnforth,5
CNG,53.15787409,-2.192581008,Congleton,9
CNL,52.39925568,-1.547576591,Canley,5
CNM,51.897399,-2.099625825,Cheltenham Spa,9
CNN,51.5483736002,-0.0919120646,Canonbury,6
CNO,50.86648406,-2.574046181,Chetnole,6
CNP,53.39337776,-3.022679178,Conway Park,10
CNR,56.39046001,-4.618415436,Crianlarich,7
CNS,53.48932729,-1.234332884,Conisbrough,7
CNW,53.28011971,-3.830541495,Conwy,10
CNY,52.57877082,1.513426069,Cantley,6
COA,55.86433402,-4.004970414,Coatdyke,5
COB,50.83336546,0.426874784,Cooden Beach,9
COE,50.44547073,-4.48193626,Coombe Junction Halt,10
COH,51.04638117,0.188023149,Crowborough,10
COI,55.83326984,-4.256804153,Crosshill,5
COL,51.90061619,0.89347015,Colchester,7
COM,54.48182216,-0.974983944,Commondale,7
CON,56.45233144,-5.385427005,Connel Ferry,7
COO,51.5574608,-0.722076986,Cookham,10
COP,50.81445919,-3.751601158,Copplestone,6
COR,52.488051,-0.689243,Corby,9
COS,52.644968,-2.306194661,Cosford,6
COT,53.76783456,-1.587702959,Cottingley,8
COV,52.40082838,-1.513460517,Coventry,9
COW,56.11208188,-3.343182977,Cowdenbeath,6
COY,51.52036973,-3.231538797,Coryton,6
CPA,56.84280695,-5.121947882,Corpach,8
CPH,51.57157215,-3.218492147,Caerphilly,7
CPK,51.628350627,-0.3859416057,Carpenders Park,10
CPM,51.46248638,-2.115402682,Chippenham,5
CPN,51.01582131,-4.02437053,Chapelton (Devon),9
CPT,51.5616497199,-0.0570179552,Clapton,5
CPU,53.26018901,-2.942291644,Capenhurst,8
CPW,51.64017494,-2.671914115,Chepstow,7
CPY,54.10539906,-2.409841839,Clapham (North Yorkshire),6
CRA,52.46966253,-2.090490391,Cradley Heath,7
CRB,54.96630507,-2.018556061,Corbridge,10
CRD,52.53565641,-1.832473808,Chester Road,9
CRE,53.08964325,-2.432977174,Crewe,9
CRF,55.80733107,-3.95625467,Carfin,10
CRG,53.80491752,-1.450295749,Cross Gates,7
CRH,51.5712596808,-0.1169292922,Crouch Hill,6
CRI,51.55872,-0.21223,Cricklewood,7
CRK,52.93310252,-3.065655601,Chirk,6
CRL,53.65255337,-2.626775381,Chorley,6
CRM,55.0877699,-1.598597623,Cramlington,7
CRN,51.36672944,-0.819274953,Crowthorne,8
CRO,55.95566505,-4.035961758,Croy,10
CRR,56.76019896,-4.690597107,Corrour,6
CRS,55.69103438,-3.668466894,Carstairs,5
CRT,51.25726956,1.01806042,Chartham,8
CRV,52.44201187,-2.837052833,Craven Arms,8
CRW,51.1122072,-0.186672649,Crawley,7
CRY,51.4483295,0.178807049,Crayford,9
CSA,50.84208432,-1.06754988,Cosham,5
CSB,51.35741124,-0.169794788,Carshalton Beeches,10
CSD,51.31810024,-0.389336167,Cobham & Stoke D'Abernon,7
CSG,53.35876717,-2.912008275,Cressington,5
CSH,51.3684549,-0.166366115,Carshalton,5
CSK,50.49757193,-4.208711079,Calstock,6
CSL,52.62730174,-2.201767313,Codsall,10
CSM,54.46728813,-0.946647941,Castleton Moor,8
CSN,51.36426238,-0.300405044,Chessington North,6
CSO,53.66756883,-2.77774904,Croston,7
CSR,53.44617874,-2.368237145,Chassen Road,10
CSS,51.35655091,-0.308159205,Chessington South,5
CST,51.51058265,-0.090609398,London Cannon Street,8
CSW,51.36032694,1.067706206,Chestfield & Swalecliffe,8
CSY,52.5450936,-2.085779159,Coseley,6
CTE,55.76520989,-4.004661095,Chatelherault,5
CTF,51.44440912,-0.026309768,Catford,6
CTH,51.568044268,0.1289703577,Chadwell Heath,7
CTK,51.51394,-0.10358,City Thameslink,9
CTL,53.99749566,-1.319772686,Cattal,10
CTM,51.38037808,0.521158168,Chatham,6
CTN,51.48686666,0.03098034,Charlton,9
CTO,52.96497797,-1.079253189,Carlton,7
CTR,53.19683958,-2.880125588,Chester,10
CTT,52.53743385,-2.803701777,Church Stretton,8
CTW,53.75035199,-2.390909816,Church & Oswaldtwistle,8
CUA,57.91949459,-4.404282053,Culrain,9
CUB,55.94201304,-3.980318658,Cumbernauld,7
CUD,53.23993338,-2.59930339,Cuddington,6
CUF,51.70872,-0.10978,Cuffley,10
CUH,55.90055849,-3.318749653,Curriehill,8
CUM,51.65379512,-1.236511134,Culham,7
CUP,56.31697353,-3.008758431,Cupar,9
CUS,51.509639,0.025894,Custom House (Elizabeth line),9
CUW,51.84054563,-4.731878812,Clunderwen,5
CUX,51.37392606,0.46171433,Cuxton,7
CWB,53.29637709,-3.725430748,Colwyn Bay,7
CWC,51.92592031,0.758518905,Chappel & Wakes Colne,10
CWD,53.26403988,-1.215873919,Creswell,10
CWE,53.58975345,-0.81736252,Crowle,10
CWH,51.68449,-0.10688,Crews Hill,5
CWL,52.07987584,-2.356962163,Colwall,6
CWM,51.65658282,-3.01622181,Cwmbran,10
CWN,51.15563114,0.110041555,Cowden (Kent),5
CWS,52.51613735,-3.43250893,Caersws,8
CWU,50.88857369,0.501354995,Crowhurst,5
CWX,51.5061,0.01578,Canary Wharf (Elizabeth line),10
CYB,53.09881997,-3.031063286,Cefn-y-Bedd,6
CYK,55.90067284,-4.404218143,Clydebank,7
CYN,52.05150756,-3.748233148,Cynghordy,6
CYP,51.4181107996,-0.0726045159,Crystal Palace,8
CYS,51.48890064,-3.178693049,Cathays,8
CYT,53.7328804,-2.518385495,Cherry Tree,9
DAG,56.0420829,-3.367718989,Dalgety Bay,6
DAK,55.84207011,-4.217700309,Dalmarnock,8
DAL,56.40117417,-4.983544174,Dalmally,6
DAM,55.98630536,-3.381618779,Dalmeny,10
DAN,53.38111164,-1.410652924,Darnall,5
DAR,54.52045136,-1.547328479,Darlington,5
DAT,51.48308149,-0.579416012,Datchet,6
DBC,55.94664381,-4.566905428,Dumbarton Central,7
DBD,53.57264355,-1.663208663,Denby Dale,7
DBE,55.94223566,-4.554121225,Dumbarton East,10
DBG,51.03379277,-1.546724812,Mottisfont & Dunbridge,10
DBL,56.18587463,-3.965483792,Dunblane,8
DBR,52.05057196,1.182659486,Derby Road (Ipswich),9
DBY,52.91618036,-1.463073262,Derby,5
DCG,57.33708399,-5.63692547,Duncraig,8
DCH,50.70927877,-2.437250357,Dorchester South,8
DCT,51.50050789,-3.233928033,Danescourt,9
DCW,50.71094047,-2.442548773,Dorchester West,9
DDG,52.37208286,-1.752908156,Dorridge,7
DDK,51.5262934247,0.1450431938,Dagenham Dock,6
DDP,52.52466179,-2.049480314,Dudley Port,7
DEA,51.22304659,1.398864195,Deal,10
DEE,56.45647618,-2.971204807,Dundee,6
DEN,51.0422304,-1.634809477,Dean (Wilts),9
DEP,51.4788514,-0.026263166,Deptford,5
DEW,53.69210344,-1.633482066,Dewsbury,8
DFD,51.44737254,0.219261557,Dartford,8
DFE,56.06817924,-3.452529288,Dunfermline City,7
DFI,52.98774917,-1.486035917,Duffield,6
DFL,56.08056397,-3.421467431,Dunfermline Queen Margaret,6
DFR,55.9412369,-4.774756808,Drumfrochar,10
DGC,51.58059592,-0.517778734,Denham Golf Club,5
DGL,51.44005367,-3.180614958,Dingle Road,8
DGT,53.47409585,-2.251066103,Deansgate,10
DGY,53.29476587,-3.833403597,Deganwy,7
DHM,54.77939227,-1.581756017,Durham,5
DHN,53.66885819,-1.75219726,Deighton,9
DID,51.61095504,-1.242891296,Didcot Parkway,5
DIG,50.71370499,-3.473885692,Digby & Sowton,10
DIN,57.59405759,-4.42206913,Dingwall,6
DIS,52.37367539,1.123713427,Diss,8
DKD,56.5570421,-3.578399065,Dunkeld & Birnam,8
DKG,51.240927,-0.32423924,Dorking (Main),7
DKT,51.23622304,-0.339967488,Dorking West,9
DLG,53.18636329,-3.822653706,Dolgarrog,6
DLH,50.9187472,0.610702875,Doleham,10
DLJ,51.544513,-0.076215,Dalston Junction,9
DLK,51.5482896253,-0.0757611164,Dalston Kingsland,7
DLM,53.2287892,-2.666559449,Delamere,10
DLR,55.94740397,-4.5778481,Dalreoch,8
DLS,54.84617418,-2.988848877,Dalston (Cumbria),7
DLT,54.15424234,-3.179010182,Dalton (Cumbria),6
DLW,56.93515882,-4.246197968,Dalwhinnie,5
DLY,55.70621143,-4.711070842,Dalry,10
DMC,55.90479898,-4.362874204,Drumchapel,10
DMF,55.07255321,-3.604300326,Dumfries,6
DMG,51.61783077,-3.437557147,Dinas (Rhondda),6
DMH,51.24799152,-2.207421924,Dilton Marsh,8
DMK,51.46820589,-0.08935568,Denmark Hill,6
DMP,51.34570515,1.425837546,Dumpton Park,7
DMR,55.91191657,-4.426678018,Dalmuir,7
DMS,51.15578598,-0.004302625,Dormans,8
DMY,55.90457891,-4.385468258,Drumry,7
DND,54.51473198,-1.467067384,Dinsdale,6
DNG,51.29648798,0.170948548,Dunton Green,8
DNL,55.71187096,-4.532374915,Dunlop,6
DNM,51.5788354,-0.497428347,Denham,5
DNO,57.98559779,-3.949447893,Dunrobin Castle,8
DNS,51.4316643,-3.218362695,Dinas Powys,6
DNT,54.28241606,-2.363597216,Dent,9
DNY,54.46643039,-0.910719291,Danby,7
DOC,50.38224968,-4.175917265,Dockyard (Devonport),6
DOD,53.54416241,-1.530932801,Dodworth,8
DOL,52.29535707,-3.263627535,Dolau,8
DON,53.5214971,-1.140234479,Doncaster,8
DOR,53.32746933,-1.515445314,Dore & Totley,10
DOT,54.95005031,-1.641034364,Dunston,9
DOW,52.60413,0.365691,Downham Market,8
DPD,51.23880129,-0.324631668,Dorking (Deepdene),8
DPT,50.3781945,-4.171511893,Devonport,7
DRF,54.00154161,-0.434671072,Driffield,8
DRG,51.51602938,-0.329640681,Drayton Green,10
DRI,54.37696312,-3.443410921,Drigg,9
DRM,56.00511747,-2.786046322,Drem,5
DRN,57.31938444,-5.692009059,Duirinish,9
DRO,53.30139118,-1.46877279,Dronfield,8
DRT,53.58838039,-1.531651865,Darton,7
DRU,55.86582675,-3.954080399,Drumgelloch,10
DSL,53.35819889,-2.042476966,Disley,6
DSM,52.27301314,1.523482074,Darsham,8
DST,55.85842168,-4.213039062,Duke Street,5
DSY,53.53946635,-2.515868885,Daisy Hill,5
DTG,53.44934927,-1.970306404,Dinting,9
DTN,53.45692242,-2.130226303,Denton,7
DTW,52.26821535,-2.158368535,Droitwich Spa,5
DUD,52.48837183,-1.871386376,Duddeston,9
DUL,52.20166503,0.366671696,Dullingham,9
DUM,55.84501703,-4.300936223,Dumbreck,8
DUN,55.99828768,-2.513352988,Dunbar,8
DUR,50.81752228,-0.411461916,Durrington-on-Sea,10
DVC,51.93875208,1.280629166,Dovercourt,5
DVH,53.29981804,-1.890433778,Dove Holes,6
DVN,53.39082838,-2.152579926,Davenport,5
DVP,51.12570009,1.305307618,Dover Priory,8
DVY,52.56437479,-3.923911977,Dovey Junction,10
DWD,53.05203317,-3.885137755,Dolwyddelan,5
DWL,50.58080594,-3.464647817,Dawlish,9
DWN,53.69804478,-2.464945018,Darwen,7
DWW,50.59905091,-3.444018179,Dawlish Warren,5
DYC,57.20564178,-2.192327933,Dyce,8
DYF,52.78886514,-4.104657014,Dyffryn Ardudwy,7
DYP,51.55309,-0.10571,Drayton Park,10
DZY,52.3243769,-1.821241229,Danzey,10
EAD,51.44199132,-0.188445946,Earlsfield,8
EAG,54.52943483,-1.349435972,Eaglescliffe,8
EAL,51.51484651,-0.301752259,Ealing Broadway,8
EAR,51.44109521,-0.917992325,Earley,10
EBA,53.67007956,-2.6750181,Euxton Balshaw Lane,6
EBB,51.777252,-3.202288,Ebbw Vale Town,6
EBD,51.442898,0.321002,Ebbsfleet International,7
EBK,51.43763559,-3.206148195,Eastbrook,10
EBN,50.76936955,0.281258504,Eastbourne,6
EBR,51.20843113,0.060654046,Edenbridge (Kent),6
EBT,51.20007799,0.067180931,Edenbridge Town,5
EBV,51.75714374,-3.196111233,Ebbw Vale Parkway,6
ECC,53.48537002,-2.334517274,Eccles (Manchester),5
ECL,53.43079708,-2.780042527,Eccleston Park,5
ECP,51.58376,-3.22973,Energlyn & Churchill Park,6
ECR,51.37500564,-0.092276539,East Croydon,10
ECS,52.47090467,0.969929467,Eccles Road,6
EDB,55.95238716,-3.188221921,Edinburgh,10
EDG,53.40262667,-2.946488903,Edge Hill,10
EDL,53.3648068,-1.816330371,Edale,7
EDN,51.39081565,-0.026605004,Eden Park,6
EDP,55.92754466,-3.307661937,Edinburgh Park,6
EDR,51.6249363459,-0.0611055096,Edmonton Green,10
EDW,51.46132011,-0.080717696,East Dulwich,6
EDY,53.40932638,-2.221996602,East Didsbury,7
EFF,51.29149416,-0.419956236,Effingham Junction,9
EFL,51.25523373,0.484734574,East Farleigh,8
EGF,53.7921293,-1.370310799,East Garforth,9
EGG,50.88773166,-3.874777657,Eggesford,8
EGH,51.42964981,-0.54650574,Egham,6
EGN,53.75517708,-0.787632643,Eastrington,7
EGR,51.12626697,-0.017895018,East Grinstead,7
EGT,54.43767437,-0.761919873,Egton,7
EGY,55.941,-3.32,Edinburgh Gateway,8
EKB,55.883801,-3.0314367,Eskbank,8
EKL,55.76599496,-4.180218692,East Kilbride,6
ELD,51.22732507,-0.170821639,Earlswood (Surrey),6
ELE,51.39830239,-0.049428828,Elmers End,9
ELG,57.6428985,-3.311246353,Elgin,8
ELO,52.95188523,-0.855364249,Elton & Orston,7
ELP,53.28220693,-2.896427988,Ellesmere Port,9
ELR,53.49867791,-1.427415692,Elsecar,9
ELS,51.65289,-0.2798,Elstree & Borehamwood,9
ELW,51.45564856,0.052337616,Eltham,5
ELY,52.39124961,0.266833823,Ely,7
EMD,52.864306,-1.264687,East Midlands Parkway,5
EML,51.28580685,0.439284828,East Malling,9
EMP,51.5689526394,0.2206477407,Emerson Park,8
EMS,50.85138028,-0.93878361,Emsworth,10
ENC,51.65276,-0.09071,Enfield Chase,7
ENF,51.65182349,-0.077450555,Enfield Town,8
ENL,51.67088281,-0.02833834,Enfield Lock,5
ENT,53.65599298,-2.414548972,Entwistle,6
EPD,51.323687,-0.238954739,Epsom Downs,10
EPH,51.49409,-0.09951,Elephant & Castle,8
EPH,51.49409,-0.09951,Elephant and Castle Und,10
EPS,51.3343926,-0.268778341,Epsom (Surrey),10
ERA,53.30759993,-2.981171169,Eastham Rake,6
ERD,52.52847373,-1.839281877,Erdington,8
ERH,51.48168188,0.174635475,Erith,10
ERI,51.08895742,0.201442672,Eridge,6
ERL,53.45114797,-2.637660072,Earlestown,9
ESD,51.41711905,0.044282703,Elmstead Woods,7
ESH,51.37989226,-0.353326233,Esher,6
ESL,50.96924196,-1.350088939,Eastleigh,6
ESM,51.92055206,0.228072408,Elsenham (Essex),9
EST,55.85974135,-4.107164856,Easterhouse,5
ESW,52.23805444,0.912598515,Elmswell,10
ETC,51.0105441,0.442373902,Etchingham,6
ETL,51.4848340787,0.4129328582,East Tilbury,7
EUS,51.52837626,-0.134558479,London Euston,10
EVE,52.09840414,-1.947313868,Evesham,9
EWD,52.36659566,-1.861165822,Earlswood (West Midlands),7
EWE,51.34529966,-0.241529469,Ewell East,5
EWR,50.82163957,-0.354885361,East Worthing,9
EWW,51.35004515,-0.256986854,Ewell West,7
EXC,50.72652351,-3.532947602,Exeter Central,8
EXD,50.72915216,-3.543660789,Exeter St David's,8
EXG,55.86153645,-4.283582169,Exhibition Centre (Glasgow),6
EXM,50.6216214,-3.41499267,Exmouth,6
EXN,50.66829151,-3.444117811,Exton,9
EXR,51.54071,-0.09627,Essex Road,9
EXT,50.71655803,-3.539818783,Exeter St Thomas,5
EYN,51.36271986,0.204405917,Eynsford,6
FAL,50.15069317,-5.056082925,Falmouth Docks,6
FAV,51.31171034,0.891062265,Faversham,5
FAZ,53.46878354,-2.93545612,Fazakerley,5
FBY,53.55349222,-3.070916313,Formby,5
FCN,51.45914359,0.078550785,Falconwood,5
FEA,53.67872705,-1.359437598,Featherstone,7
FEL,51.4479016,-0.409827793,Feltham,6
FEN,51.99989996,-0.717672768,Fenny Stratford,6
FER,51.68649362,-3.395897173,Fernhill,6
FFA,51.87247957,-3.992889832,Ffairfach,9
FFD,51.34202505,-2.301023075,Freshford,10
FGH,52.01155417,-4.985670915,Fishguard Harbour,6
FGT,51.09588376,-0.26302061,Faygate,5
FGW,52.004112,-4.9948377,Fishguard & Goodwick,6
FIL,54.20986844,-0.293850452,Filey,5
FIN,51.85279021,-1.469345759,Finstock,9
FIT,51.50493962,-2.562437257,Filton Abbey Wood,7
FKC,51.08288631,1.169492303,Folkestone Central,5
FKG,56.0026016,-3.785040515,Falkirk Grahamston,9
FKK,55.99180314,-3.792238796,Falkirk High,6
FKW,51.08458538,1.153912918,Folkestone West,9
FLD,55.82246535,-3.719312799,Fauldhouse,6
FLE,51.29063459,-0.830808013,Fleet,6
FLF,53.46164017,-2.080837509,Flowery Field,10
FLI,53.4439722,-2.383876093,Flixton,7
FLM,54.68968694,-3.521048022,Flimby,9
FLN,53.24953963,-3.133005514,Flint,8
FLT,52.00365,-0.49526,Flitwick,6
FLW,51.43393799,-0.349469931,Fulwell,6
FLX,51.96708668,1.35045546,Felixstowe,7
FML,51.31186216,-0.746991209,Frimley,10
FMR,50.86212415,-0.087383616,Falmer,7
FMT,50.14836368,-5.065272382,Falmouth Town,6
FNB,51.29660513,-0.755725906,Farnborough (Main),7
FNC,51.19715045,-0.604545436,Farncombe,6
FNH,51.21190211,-0.792428907,Farnham,9
FNN,51.30204484,-0.743026722,Farnborough North,7
FNR,51.40139519,0.235524653,Farningham Road,5
FNT,50.78644387,-3.285357243,Feniton,10
FNV,53.3487676,-1.98883855,Furness Vale,5
FNW,53.55001733,-2.387853772,Farnworth,8
FNY,51.5502716361,-0.1831375287,Finchley Road & Frognal,5
FOC,56.39386845,-5.112457321,Falls of Cruachan,8
FOD,50.82956237,-0.578615542,Ford,6
FOG,51.5494371822,0.0243617394,Forest Gate,5
FOH,51.4389253469,-0.0533101412,Forest Hill,10
FOK,52.57979147,-1.828040569,Four Oaks,8
FOR,57.61115529,-3.62414618,Forres,10
FOX,54.25876643,-3.216071991,Foxfield,6
FPK,51.56478,-0.10565,Finsbury Park,5
FRB,52.69606153,-4.049426098,Fairbourne,8
FRD,53.29587868,-2.723117879,Frodsham,9
FRE,53.56606861,-3.071838001,Freshfield,5
FRF,53.47146764,-2.144582995,Fairfield,8
FRI,51.83769342,1.243187057,Frinton-on-Sea,9
FRL,55.75192633,-4.853261694,Fairlie,8
FRM,50.85302175,-1.192037892,Fareham,8
FRN,57.77809525,-3.993733544,Fearn,6
FRO,51.22726268,-2.310012271,Frome,7
FRS,58.35688312,-3.89689083,Forsinard,10
FRT,51.10402068,0.2945567,Frant,7
FRW,51.49390844,-3.233850662,Fairwater,5
FRY,53.71716886,-0.507824927,Ferriby,8
FSB,50.83903838,-0.815088781,Fishbourne (Sussex),8
FSG,50.83422898,-0.219411,Fishersgate,9
FSK,53.06029715,-0.912182054,Fiskerton,7
FST,51.51157341,-0.078591579,London Fenchurch Street,5
FTM,55.95902085,-4.795258693,Fort Matilda,5
FTN,50.79632515,-1.073980501,Fratton,9
FTW,56.82042348,-5.106134421,Fort William,7
FWY,52.47110355,-1.912951496,Five Ways,6
FXN,52.11913,0.056536,Foxton,9
FYS,51.76837024,-4.369485229,Ferryside,8
FZH,53.81952623,-1.768625862,Frizinghall,10
FZP,51.53301767,-0.728471069,Furze Platt,8
FZW,53.63251073,-1.373597322,Fitzwilliam,6
GAL,55.617786,-2.8063991,Galashiels,5
GAR,55.85522344,-4.12944961,Garrowhill,10
GBD,53.74797918,-0.732244137,Gilberdyke,9
GBG,55.839779,-3.0474629,Gorebridge,10
GBK,53.2515743,-2.533067977,Greenbank,6
GBL,53.38611247,-0.768583076,Gainsborough Lea Road,8
GBS,50.8177157,-0.433076924,Goring-by-Sea,7
GCH,56.07984842,-4.825707052,Garelochhead,5
GCR,51.86541548,-2.238656564,Gloucester,7
GCT,53.57577255,-0.130229747,Great Coates,6
GCW,53.26743904,-3.797743818,Glan Conwy,8
GDH,51.66352,-0.09431,Gordon Hill,6
GDL,53.45172242,-2.054767562,Godley,9
GDN,51.21815351,-0.050080252,Godstone,10
GDP,51.5819097026,0.2059785609,Gidea Park,5
GEA,55.00190839,-3.064593507,Gretna Green,9
GER,51.58902157,-0.555268471,Gerrards Cross,10
GFD,51.542318953,-0.3445415183,Greenford,7
GFF,51.68424748,-3.226577833,Gilfach Fargoed,6
GFN,55.80401725,-4.293569377,Giffnock,6
GGJ,58.51361058,-3.452134326,Georgemas Junction,10
GGV,53.97842348,-2.105163634,Gargrave,9
GIG,54.06167264,-2.303990955,Giggleswick,8
GIL,51.03402105,-2.272639221,Gillingham (Dorset),9
GIP,51.42445509,-0.083830832,Gipsy Hill,6
GIR,55.2463088,-4.848380748,Girvan,10
GKC,55.94532922,-4.75262409,Greenock Central,6
GKW,55.94732563,-4.76782372,Greenock West,7
GLC,55.85974143,-4.257636004,Glasgow Central,10
GLD,51.23696786,-0.580420682,Guildford,5
GLE,56.27483656,-3.731158525,Gleneagles,10
GLF,56.87238389,-5.449620214,Glenfinnan,8
GLG,55.73887969,-4.674491627,Glengarnock,10
GLH,53.70919278,-1.34185485,Glasshoughton,9
GLM,51.38672166,0.550513828,Gillingham (Kent),10
GLO,53.44448819,-1.949080993,Glossop,7
GLQ,55.86232293,-4.250657943,Glasgow Queen Street,6
GLS,54.43943633,-0.793939477,Glaisdale,8
GLT,56.16234823,-3.143006549,Glenrothes With Thornton,8
GLY,50.85916668,0.07008355,Glynde,8
GLZ,53.42842041,-2.460492629,Glazebrook,5
GMB,53.56412028,-0.086951656,Grimsby Town,6
GMD,53.57433986,-0.075615006,Grimsby Docks,8
GMG,51.5964522,-3.64147185,Garth (Mid Glamorgan),9
GMN,51.70352072,-0.709137756,Great Missenden,6
GMT,54.43612153,-0.724962522,Grosmont,5
GMV,52.10920685,-2.318281662,Great Malvern,8
GMY,51.5661978709,0.1117127319,Goodmayes,7
GNB,53.3996081,-0.769697538,Gainsborough Central,9
GNF,53.53913992,-2.014440599,Greenfield,7
GNH,51.45076146,0.278856807,Greenhithe for Bluewater,5
GNL,53.38327334,-3.01642303,Green Lane,10
GNR,54.24453345,-3.245579599,Green Road,10
GNT,52.86613631,1.348766988,Gunton,8
GNW,51.47783848,-0.014209644,Greenwich,6
GOB,52.89353933,-3.035995531,Gobowen,8
GOD,51.18658296,-0.618859352,Godalming,9
GOE,53.53340407,-1.313503115,Goldthorpe,10
GOF,56.49778468,-2.719536374,Golf Street,9
GOL,57.97145203,-3.986876414,Golspie,8
GOM,51.21947014,-0.442056348,Gomshall,5
GOO,53.70492908,-0.874218535,Goole,5
GOR,51.52149065,-1.13304466,Goring & Streatley,8
GOS,54.1952789,-2.902736771,Grange-over-Sands,7
GOX,53.67671563,-0.337125453,Goxhill,9
GPK,51.64262,-0.09735,Grange Park,7
GPO,51.5553412717,-0.1507661702,Gospel Oak,9
GRA,52.90649078,-0.642452874,Grantham,6
GRB,51.85177166,1.065164898,Great Bentley,6
GRC,52.05982142,0.193523039,Great Chesterford,8
GRF,53.79622636,-1.382091266,Garforth,8
GRH,55.88564646,-4.079481648,Gartcosh,8
GRK,55.96229993,-4.816648842,Gourock,10
GRL,55.9349,-3.9937,Greenfaulds,7
GRN,53.30558428,-1.626295445,Grindleford,5
GRP,51.43044575,0.022578266,Grove Park,9
GRS,55.88768109,-4.365000058,Garscadden,8
GRT,51.17005721,-1.620784549,Grateley,7
GRV,51.44134993,0.366646481,Gravesend,5
GRY,51.4762505757,0.3218346029,Grays,5
GSC,55.89728307,-4.282003342,Gilshochill,5
GSD,54.32134985,-2.325888923,Garsdale,9
GSL,50.51606725,-4.219449323,Gunnislake,8
GSN,51.68672373,-0.381667092,Garston (Hertfordshire),9
GST,53.55941698,-2.694390961,Gathurst,6
GSW,53.48853256,-2.672132133,Garswood,7
GSY,53.87594659,-1.715077862,Guiseley,10
GTA,54.48931943,-1.116362099,Great Ayton,7
GTH,52.13324795,-3.529923047,Garth (Powys),9
GTN,51.46703478,-3.189071128,Grangetown (Cardiff),7
GTO,53.46874156,-2.167170456,Gorton,8
GTR,53.22257407,-2.326474795,Goostrey,7
GTW,51.15648532,-0.161040264,Gatwick Airport,8
GTY,53.39332787,-2.230635305,Gatley,10
GUI,53.47464705,-2.113707335,Guide Bridge,5
GUN,51.4918691216,-0.2757834472,Gunnersbury,7
GVE,57.61302353,-4.688400522,Garve,7
GVH,52.51500582,-1.852593623,Gravelly Hill,6
GWE,53.07259351,-3.017898398,Gwersyllt,7
GWN,51.6487243,-4.035967269,Gowerton,10
GYM,52.61218298,1.720906278,Great Yarmouth,5
GYP,54.53289438,-1.179386125,Gypsy Lane,8
HAB,53.60553503,-0.267975846,Habrough,8
HAC,51.548752152,-0.0601638893,Hackney Downs,5
HAD,52.52889004,1.622411116,Haddiscoe,9
HAF,51.4582712542,-0.4454539639,Heathrow Terminal 4 (Rail Station Only),8
HAG,52.42240686,-2.147009123,Hagley,7
HAI,51.35247674,0.44493691,Halling,9
HAL,53.37873505,-2.347360839,Hale (Manchester),5
HAM,50.72517822,-2.019367161,Hamworthy,6
HAN,51.51193192,-0.338725823,Hanwell,8
HAP,51.779875,0.592135742,Hatfield Peverel,7
HAS,52.34669719,1.505698126,Halesworth,8
HAT,51.76388,-0.21559,Hatfield (Herts),5
HAV,50.85441478,-0.981606362,Havant,9
HAY,51.50310042,-0.420673064,Hayes & Harlington,7
HAZ,53.37756004,-2.122016963,Hazel Grove,8
HBB,52.97564369,-0.110071823,Hubberts Bridge,10
HBD,53.73759649,-2.00906594,Hebden Bridge,6
HBN,51.26517489,0.627857882,Hollingbourne,10
HBP,53.97988387,-1.526829388,Hornbeam Park,10
HBY,52.33445625,-2.220685153,Hartlebury,5
HCB,51.37787262,-0.153904728,Hackbridge,9
HCH,53.19895238,-2.351145128,Holmes Chapel,8
HCN,51.16571639,0.627491294,Headcorn,8
HCT,53.77215217,-2.345896854,Huncoat,9
HDB,54.97486058,-2.247904442,Haydon Bridge,8
HDE,50.93231017,-1.294506472,Hedge End,7
HDF,53.46076361,-1.965328098,Hadfield,10
HDG,53.36974577,-2.237421508,Heald Green,7
HDH,51.5558372504,-0.1651719284,Hampstead Heath,5
HDL,51.6027314851,-0.3567854507,Headstone Lane,6
HDM,51.77085986,-0.942139967,Haddenham & Thame Parkway,7
HDN,51.5365728794,-0.2582328517,Harlesden,6
HDW,51.66841,-0.17653,Hadley Wood,8
HDY,53.81816231,-1.593649517,Headingley,5
HEC,52.97733733,-0.293936548,Heckington,8
HED,53.36533326,-2.824983416,Halewood,9
HEI,54.59696718,-1.582079768,Heighington,8
HEL,53.69855978,-1.114515549,Hensall,9
HEN,51.58008,-0.23867,Hendon,5
HER,51.37698201,-0.389799091,Hersham,5
HES,53.71759184,-0.442189469,Hessle,7
HEV,51.18140581,0.0950779,Hever,8
HEW,54.95156601,-1.555768445,Heworth,8
HEX,54.97417725,-2.095266842,Hexham,9
HFD,52.06116993,-2.708217764,Hereford,6
HFE,51.79903842,-0.07293406,Hertford East,7
HFN,51.79886,-0.09178,Hertford North,7
HFS,53.58892124,-1.024047613,Hatfield & Stainforth,7
HFX,53.72043967,-1.854488705,Halifax,7
HGD,51.41490602,-1.512293535,Hungerford,10
HGF,53.53386541,-2.494828846,Hag Fold,10
HGG,51.539121,-0.076443,Haggerston,6
HGM,51.42656006,0.466283903,Higham,9
HGN,53.37240964,-2.775067325,Hough Green,7
HGR,51.45243221,-0.002932,Hither Green,10
HGS,50.85759003,0.576461455,Hastings,8
HGT,53.99319216,-1.537615121,Harrogate,7
HGY,51.57737,-0.10513,Harringay,6
HHB,54.03315438,-2.91311509,Heysham Port,7
HHD,53.30770479,-4.631012675,Holyhead,10
HHE,51.00525294,-0.105306765,Haywards Heath,5
HHL,51.51656604,-3.181713068,Heath High Level,9
HHY,51.546739948,-0.1020766012,Highbury & Islington,8
HIA,52.42904908,-1.699936619,Hampton-in-Arden,6
HIB,51.14939826,0.277345661,High Brooms,6
HID,53.59756945,-2.413976805,Hall-i-th-Wood,8
HIG,51.21815016,-2.972173138,Highbridge & Burnham,10
HIL,53.62212307,-3.024723262,Hillside,9
HIN,53.54225044,-2.575496114,Hindley,8
HIP,51.6088901684,-0.0022847,Highams Park,10
HIR,54.14939839,-2.302030471,Horton-in-Ribblesdale,6
HIT,51.95329,-0.26348,Hitchin,8
HKC,51.5468832711,-0.0559164241,Hackney Central,7
HKH,55.8421756,-4.398847672,Hawkhead,5
HKM,53.19536728,-0.598164171,Hykeham,7
HKN,53.03830732,-1.195814321,Hucknall,10
HKW,51.543681835,-0.0257661725,Hackney Wick,5
HLB,51.21448142,0.227602385,Hildenborough,8
HLC,56.00419011,-4.732746326,Helensburgh Central,6
HLD,54.01087074,-2.227841167,Hellifield,6
HLE,55.85471276,-4.354719114,Hillington East,7
HLF,55.9200798,-4.320268221,Hillfoot,8
HLG,52.43678179,-1.845499724,Hall Green,6
HLI,53.5818177,-0.160630049,Healing,5
HLL,51.51566416,-3.181977972,Heath Low Level,9
HLM,51.18099754,-0.321090928,Holmwood,6
HLN,51.96207,-0.49568,Harlington (Bedfordshire),9
HLR,53.49838894,-3.050682508,Hall Road,6
HLS,50.82812716,-1.058584319,Hilsea,8
HLU,56.01234544,-4.729792381,Helensburgh Upper,9
HLW,55.85600676,-4.371575959,Hillington West,6
HLY,55.81289048,-3.973914426,Holytown,8
HMC,51.40255764,-0.342750055,Hampton Court,6
HMD,50.79639828,0.27936748,Hampden Park (Sussex),7
HME,50.8713636,-1.329166492,Hamble,9
HML,51.74233574,-0.490764101,Hemel Hempstead,7
HMM,53.99611366,-1.283031759,Hammerton,5
HMN,51.5465953441,-0.0386209062,Homerton,5
HMP,51.41590963,-0.372108616,Hampton (London),5
HMS,58.11773408,-3.65904757,Helmsdale,8
HMT,51.0683774,0.854521617,Ham Street,10
HMW,51.41452673,-0.31249094,Hampton Wick,10
HMY,55.76195707,-4.220003661,Hairmyres,7
HNA,50.75262651,-1.714128129,Hinton Admiral,9
HNB,51.36459088,1.117735579,Herne Bay,6
HNC,55.77318497,-4.038872459,Hamilton Central,5
HND,51.82516517,-1.373525679,Hanborough,5
HNF,52.70973133,-2.002323872,Hednesford,8
HNG,51.64740601,-3.224137826,Hengoed,9
HNH,51.45320752,-0.101640876,Herne Hill,8
HNK,52.53501671,-1.371919253,Hinckley (Leics),5
HNL,52.29105066,-1.784442316,Henley-in-Arden,9
HNT,57.444314,-2.776356684,Huntly,7
HNW,55.77895186,-4.054163603,Hamilton West,7
HNX,53.36062783,-2.854946075,Hunts Cross,5
HOC,51.60356168,0.65901386,Hockley,9
HOH,51.5790671372,-0.3359898856,Harrow-on-the-Hill,6
HOK,51.27999802,-0.961641845,Hook,8
HOL,50.71139466,-2.07785667,Holton Heath,7
HON,50.79657202,-3.186745856,Honiton,7
HOO,53.29721539,-2.977016928,Hooton,5
HOP,53.3459425,-1.728537541,Hope (Derbyshire),7
HOR,51.16877025,-0.161052239,Horley,5
HOT,51.53417793,-0.900215287,Henley-on-Thames,10
HOU,51.46252802,-0.361826888,Hounslow,9
HOV,50.8352109,-0.170687991,Hove,10
HOW,53.76455009,-0.860699734,Howden,8
HOX,51.531932,-0.076746,Hoxton,8
HOY,53.60824208,-1.780966774,Honley,8
HOZ,55.8105493,-4.563043704,Howwood (Renfrewshire),6
HPA,51.4504882441,-0.0456218436,Honor Oak Park,7
HPD,51.81488,-0.35198,Harpenden,6
HPE,53.117378,-3.03688641,Hope (Flintshire),7
HPL,54.68676301,-1.207310059,Hartlepool,8
HPN,53.78176047,-2.316685364,Hapton,9
HPQ,51.9473035,1.25514186,Harwich International,8
HPT,52.3913806,-2.91192311,Hopton Heath,8
HRD,52.45371021,0.909152671,Harling Road,8
HRE,54.7608,-1.3035,Horden,6
HRH,51.06605718,-0.319258917,Horsham,9
HRL,52.86134439,-4.109203586,Harlech,8
HRM,51.24482814,0.672410147,Harrietsham,5
HRN,51.58647,-0.11197,Hornsey,5
HRO,51.59324565,0.234249821,Harold Wood,5
HRR,54.61334851,-3.565741262,Harrington,9
HRS,53.84758338,-1.63060526,Horsforth,8
HRW,51.5916203758,-0.3340730185,Harrow & Wealdstone,7
HRY,51.5772479371,-0.0979191677,Harringay Green Lanes,6
HSB,53.27517482,-2.770757816,Helsby,7
HSC,53.59738358,-2.803809539,Hoscar,8
HSD,52.53107873,-1.928901297,Hamstead (Birmingham),10
HSG,53.32578602,-1.651192584,Hathersage,10
HSK,50.92461282,-0.145952423,Hassocks,10
HSL,51.08884213,-0.719371718,Haslemere,10
HST,55.8595495,-4.240110183,High Street (Glasgow),10
HSW,53.32973476,-3.07371296,Heswall,7
HSY,51.2793455,-0.435400001,Horsley,7
HTC,53.42557835,-2.17904046,Heaton Chapel,5
HTE,51.6101029612,-0.3695177068,Hatch End,9
HTF,53.24177232,-2.553625248,Hartford (Cheshire),10
HTH,53.34642025,-2.213257748,Handforth,6
HTN,52.29528991,-1.672981218,Hatton,6
HTO,53.52512005,-3.057076334,Hightown,6
HTW,55.81147256,-3.839319533,Hartwood,6
HTY,53.44530123,-2.040305376,Hattersley,8
HUB,54.17429747,-0.314773782,Hunmanby,10
HUD,53.64842819,-1.785145834,Huddersfield,8
HUL,53.744177,-0.346155,Hull,8
HUN,52.32866,-0.19206,Huntingdon,7
HUP,53.45224781,-2.32754077,Humphrey Park,7
HUR,51.24442735,0.003945749,Hurst Green,9
HUT,53.95568032,-0.433326239,Hutton Cranswick,5
HUY,53.40969455,-2.842991769,Huyton,10
HVF,51.80263756,-4.960232375,Haverfordwest,10
HVN,53.11449084,0.273177619,Havenhouse,5
HWB,53.2180884,-3.032727145,Hawarden Bridge,5
HWC,51.94415922,1.286700168,Harwich Town,9
HWD,53.18537204,-3.032090605,Hawarden,10
HWH,54.96784942,-2.463561774,Haltwhistle,6
HWI,53.57812052,-2.539674261,Horwich Parkway,7
HWM,51.79036827,0.132320656,Harlow Mill,9
HWN,51.78107298,0.095143791,Harlow Town,9
HWV,51.4700565929,-0.4905807301,Heathrow Terminal 5 (Rail Station Only),7
HWW,51.71774404,-0.344671247,How Wood (Hertfordshire),10
HWY,51.62958615,-0.74540803,High Wycombe,10
HXM,52.71559814,1.408008889,Hoveton & Wroxham,6
HXX,51.47273,-0.45072,Heathrow Terminals 2 & 3 (Rail Station only),7
HYB,52.10142923,-1.834981487,Honeybourne,10
HYC,53.45174912,-2.085788017,Hyde Central,5
HYD,51.91919985,-1.299267568,Heyford,5
HYH,51.88565263,0.927535333,Hythe (Essex),7
HYK,53.39022996,-3.178843698,Hoylake,8
HYL,50.18623531,-5.419529634,Hayle,10
HYM,55.945802,-3.218444586,Haymarket,8
HYN,55.87974019,-4.31466261,Hyndland,7
HYR,51.42545,-0.18881,Haydons Road,6
HYS,51.37580244,0.010109755,Hayes (Kent),7
HYT,53.46433332,-2.085813385,Hyde North,10
HYW,51.37499946,-0.340526968,Hinchley Wood,6
IFD,51.5591407316,0.068680603,Ilford,7
IFI,51.11561646,-0.214772632,Ifield,8
IGD,57.68848692,-4.175538138,Invergordon,5
ILK,53.92495813,-1.822103587,Ilkley,6
ILN,52.9794,-1.2949,Ilkeston,7
IMW,51.474251,-0.181411,Imperial Wharf,7
INC,53.53918986,-2.61257527,Ince (Manchester),9
INE,53.27676,-2.816228123,Ince & Elton (Cheshire),8
ING,56.45646374,-3.057400408,Invergowrie,7
INH,57.92488509,-4.399575827,Invershin,9
INK,56.03466521,-3.396186138,Inverkeithing,9
INP,55.90609286,-4.87257992,Inverkip,7
INR,57.28626199,-2.373553146,Inverurie,5
INS,57.3374863,-2.617112197,Insch,6
INT,51.66705103,0.384252139,Ingatestone,10
INV,57.48010225,-4.223186338,Inverness,5
IPS,52.05060957,1.144440623,Ipswich,8
IRL,53.43481373,-2.433467061,Irlam,8
IRV,55.6108626,-4.675136283,Irvine,8
ISL,51.47476682,-0.336908528,Isleworth,10
ISP,51.82576003,-1.238178071,Islip,9
IVA,57.533197,-4.055693,Inverness Airport,10
IVR,51.50850799,-0.506717928,Iver,8
IVY,50.39357854,-3.904458214,Ivybridge,7
JCH,54.5515,-1.2076,James Cook University Hospital,7
JEQ,52.48944377,-1.913209845,Jewellery Quarter,7
JHN,55.83469425,-4.503621119,Johnstone (Strathclyde),7
JOH,51.75675094,-4.996358684,Johnston (Pembs),10
JOR,55.8822227,-4.326003522,Jordanhill,10
KBC,58.25830535,-3.941050618,Kinbrace,9
KBF,54.23234259,-3.188906344,Kirkby-in-Furness,8
KBK,54.1729079,-2.925229232,Kents Bank,10
KBN,51.5373672145,-0.1918709234,Kilburn High Road,9
KBW,51.86686,-0.18728,Knebworth,10
KBX,51.84140899,1.215008216,Kirby Cross,9
KCK,51.34578876,0.130857676,Knockholt,5
KDB,51.46272143,0.028324303,Kidbrooke,9
KDG,53.08658326,-2.244818788,Kidsgrove,10
KDY,56.11204798,-3.1670206,Kirkcaldy,8
KEH,57.55089374,-2.954076816,Keith,5
KEI,53.86788507,-1.901120783,Keighley,8
KEL,51.84071438,0.702401142,Kelvedon,10
KEM,51.67627148,-2.023096483,Kemble,8
KEN,54.33210561,-2.73964031,Kendal,8
KET,52.39356783,-0.731555547,Kettering,8
KEY,50.38974606,-4.179074345,Keyham,9
KGE,55.91926752,-3.265617893,Kingsknowe,6
KGH,56.06932621,-3.17414684,Kinghorn,10
KGL,51.70635749,-0.438410982,Kings Langley,8
KGM,51.90225045,-1.6287933,Kingham,8
KGN,50.93597779,-3.905610885,Kings Nympton,9
KGP,55.81988233,-4.247248478,Kings Park,7
KGS,52.02135474,-1.280927148,Kings Sutton,5
KGT,51.73210916,-4.715192738,Kilgetty,7
KGX,51.53088842,-0.122921342,London Kings Cross,5
KID,52.38449634,-2.239447445,Kidderminster,10
KIL,58.17132307,-3.869995441,Kildonan,10
KIN,57.07776559,-4.052184734,Kingussie,7
KIR,53.48620351,-2.902833396,Kirkby (Merseyside),7
KIT,51.40251723,-1.445993627,Kintbury,5
KIV,53.34098096,-1.267182571,Kiveton Bridge,9
KKB,53.10012396,-1.253060759,Kirkby-in-Ashfield,6
KKD,53.4405479,-2.981506598,Kirkdale,6
KKH,55.81410272,-4.168702723,Kirkhill,10
KKM,53.78738537,-2.881813597,Kirkham & Wesham,10
KKN,55.8886839,-3.432513177,Kirknewton,9
KKS,53.56343733,-1.074913037,Kirk Sandall,5
KLD,54.47727129,-1.067852562,Kildale,6
KLF,53.82402819,-1.618512273,Kirkstall Forge,10
KLM,55.63719684,-4.53047696,Kilmaurs,7
KLN,52.75381,0.403525,Kings Lynn,6
KLY,51.32460105,-0.101215735,Kenley,8
KMH,52.09223124,-0.503916852,Kempston Hardwick,10
KMK,55.61210574,-4.498670613,Kilmarnock,7
KML,51.3624387,0.735371031,Kemsley,7
KMP,51.4209856,-0.409741053,Kempton Park,10
KMS,51.29718469,0.247441908,Kemsing,7
KNA,54.00877012,-1.470501209,Knaresborough,5
KND,51.29486144,-0.211456639,Kingswood,6
KNE,52.27728025,0.490476315,Kennett,7
KNF,53.30198471,-2.37209752,Knutsford,10
KNG,51.41275341,-0.301166881,Kingston,10
KNI,52.34508013,-3.042211012,Knighton,6
KNL,51.5306617884,-0.2238558628,Kensal Green,10
KNN,52.4134894,-1.933795298,Kings Norton,6
KNO,53.70655284,-1.259179166,Knottingley,5
KNR,51.5342130446,-0.2208338296,Kensal Rise,9
KNS,55.81304263,-4.325066123,Kennishead,9
KNT,51.5814960199,-0.3171373274,Kenton,8
KNU,52.35986953,-3.096894202,Knucklas,5
KNW,52.3422,-1.5724,Kenilworth,10
KPA,51.4971676952,-0.2093104275,Kensington Olympia,10
KPT,55.92468944,-4.453393762,Kilpatrick,6
KRK,55.38830158,-3.998490325,Kirkconnel,8
KSL,53.54466284,-2.375731616,Kearsley (Manchester),9
KSN,51.14937599,1.272074581,Kearsney (Kent),5
KSW,54.45512998,-2.368596626,Kirkby Stephen,6
KTH,51.4127206,-0.0457951,Kent House,6
KTL,53.48485675,-0.593911552,Kirton Lindsey,5
KTN,51.5500363746,-0.1394420761,Kentish Town,7
KTR,57.243511,-2.35025,Kintore,6
KTW,51.5465556931,-0.1467955756,Kentish Town West,8
KVD,55.89358274,-4.309808848,Kelvindale,8
KVP,53.33678062,-1.239500771,Kiveton Park,6
KWB,51.48936263,-0.28884221,Kew Bridge,5
KWD,55.85418229,-4.048385591,Kirkwood,9
KWG,51.4776154969,-0.2849616483,Kew Gardens,10
KWL,51.73434386,-4.317011245,Kidwelly,7
KWN,55.65594103,-4.710010141,Kilwinning,8
KYL,57.27974817,-5.713815801,Kyle of Lochalsh,9
KYN,51.41716993,-2.494633256,Keynsham,9
LAC,50.82707775,-0.323099956,Lancing,7
LAD,51.45624704,-0.019033585,Ladywell,5
LAG,53.23253667,-1.209707864,Langwith-Whaley Thorns,6
LAI,51.5677669135,0.4236436899,Laindon,5
LAK,52.4475127,0.533892607,Lakenheath,6
LAM,51.66719665,-4.87329867,Lamphey,9
LAN,54.04855789,-2.807909914,Lancaster,10
LAP,50.85743381,-3.811468159,Lapford,8
LAR,55.79272838,-4.867191898,Largs,7
LAS,51.66150151,-3.88471363,Llansamlet,7
LAU,56.828662,-2.478447,Laurencekirk,8
LAW,52.65713862,-2.020653193,Landywood,6
LAY,53.8356395,-3.030232722,Layton (Lancs),8
LBG,51.50509647,-0.085060385,London Bridge,8
LBK,52.29472704,-1.08647082,Long Buckby,9
LBO,52.77897038,-1.195932923,Loughborough,9
LBR,52.8208656,-4.110210769,Llanbedr,10
LBT,56.02269305,-3.830576234,Larbert,7
LBZ,51.91631391,-0.677001817,Leighton Buzzard,6
LCC,57.62117076,-4.809599793,Lochluichart,9
LCG,56.13532052,-3.312935958,Lochgelly,8
LCK,53.63461276,-1.800642023,Lockwood,10
LCL,56.88094612,-5.663384877,Lochailort,9
LCN,53.22610544,-0.539919855,Lincoln,5
LCS,56.8553877,-5.290032463,Locheilside,9
LDN,52.83617691,-4.123870362,Llandanwg,5
LDS,53.79489697,-1.547435079,Leeds,7
LDY,56.27377597,-3.122265019,Ladybank,7
LEA,51.90517,-0.45851,Leagrave,7
LEB,51.567669,-0.035556,Lea Bridge,5
LED,52.04494532,-2.424982138,Ledbury,7
LEE,51.44949014,0.013345094,Lee (London),5
LEG,53.42710585,-2.72383801,Lea Green,6
LEH,52.48065151,-1.786020071,Lea Hall,10
LEI,52.63144566,-1.125278584,Leicester,6
LEL,50.18411125,-5.436611903,Lelant,10
LEM,51.5693546712,-0.0070488322,Leyton Midland Road,9
LEN,51.234481,0.70777074,Lenham,10
LEO,52.22514507,-2.730485737,Leominster,5
LER,51.5637872962,0.0082906756,Leytonstone High Road,10
LES,51.5413668098,0.6404283175,Leigh-on-Sea,6
LET,51.97997,-0.22926,Letchworth Garden City,9
LEU,56.37509038,-2.89371168,Leuchars,10
LEW,51.46569471,-0.014017114,Lewisham,10
LEY,53.69886394,-2.687141641,Leyland,8
LFD,51.17644755,-0.007158941,Lingfield,8
LGB,55.92450786,-4.58526005,Langbank,8
LGD,52.62223679,1.489863333,Lingwood,5
LGE,52.88514513,-1.288104264,Long Eaton,6
LGF,51.39615545,0.300379852,Longfield,5
LGG,52.4938807,-2.004963724,Langley Green,8
LGJ,51.46671,-0.10252,Loughborough Junction,7
LGK,54.58922624,-1.030941986,Longbeck,5
LGM,53.01808321,-1.331236345,Langley Mill,10
LGN,52.989671,-2.137010067,Longton,8
LGO,52.34963317,-3.161373191,Llangynllo,10
LGS,55.82112633,-4.277334114,Langside,6
LGW,54.69435932,-2.663688074,Langwathby,6
LHA,56.40200122,-5.041969116,Loch Awe,7
LHD,51.29875147,-0.333064888,Leatherhead,5
LHE,56.85524832,-5.191569775,Loch Eil Outward Bound,9
LHM,54.46060115,-0.825714934,Lealholm,10
LHO,53.80498135,-2.447905464,Langho,9
LHS,51.512794432,-0.0393527349,Limehouse,7
LHW,55.78714041,-4.616062634,Lochwinnoch,6
LIC,52.68038568,-1.825427009,Lichfield City,8
LID,52.04154787,-0.558918711,Lidlington,10
LIH,51.19389559,0.210506799,Leigh (Kent),8
LIN,55.97643947,-3.595841381,Linlithgow,8
LIP,51.07130974,-0.800231253,Liphook,7
LIS,51.04356403,-0.892872687,Liss,6
LIT,50.81010344,-0.545991819,Littlehampton,8
LIV,53.40731898,-2.977732837,Liverpool Lime Street,10
LKE,50.64646818,-1.166349574,Lake,10
LLA,52.74152431,-4.07718901,Llanaber,9
LLC,52.92070224,-4.057045956,Llandecwyn,5
LLD,53.32093562,-3.827018135,Llandudno,6
LLE,51.67386671,-4.161325167,Llanelli,8
LLF,53.25730522,-3.98320943,Llanfairfechan,8
LLG,51.9402199,-3.893174289,Llangadog,10
LLH,51.69113653,-4.078948655,Llangennech,9
LLI,51.82103914,-4.003678245,Llandybie,5
LLJ,53.2839619,-3.809118503,Llandudno Junction,7
LLL,51.8853498,-3.986919994,Llandeilo,9
LLM,52.11430955,-3.554833328,Llangammarch,7
LLN,51.5085276,-3.228913858,Llandaf,6
LLO,52.2423651,-3.379148724,Llandrindod,10
LLR,51.53758926,-3.440795127,Llanharan,10
LLS,51.53274008,-3.18198768,Llanishen,8
LLT,52.33643285,-3.213426306,Llanbister Road,5
LLV,51.99532071,-3.802853279,Llandovery,7
LLW,52.66680067,-4.08769294,Llwyngwril,5
LLY,51.63399985,-3.453529864,Llwynypia,5
LMR,53.7500232,-1.7528767,Low Moor,5
LMS,52.28450186,-1.536212243,Leamington Spa,5
LNB,51.60325188,-3.233057973,Llanbradach,7
LND,55.9764786,-2.888344638,Longniddry,8
LNG,51.38517473,-0.594565138,Longcross,6
LNK,55.67307101,-3.772865657,Lanark,5
LNR,51.96259418,-3.871700406,Llanwrda,9
LNW,52.10472191,-3.632182357,Llanwrtyd,8
LNY,51.50806754,-0.541749056,Langley (Berks),6
LNZ,55.92130529,-4.1538798,Lenzie,7
LOB,52.39642483,-1.981291124,Longbridge,10
LOC,55.12305093,-3.353538081,Lockerbie,8
LOF,51.5411581907,-0.0577468217,London Fields,9
LOH,53.72385234,-2.687094284,Lostock Hall,8
LOO,50.3592157,-4.456201102,Looe,10
LOS,50.40749717,-4.665464131,Lostwithiel,6
LOT,53.57299748,-2.493775435,Lostock,9
LOW,53.00692902,-0.997582237,Lowdham,5
LPG,53.22096236,-4.209228885,Llanfairpwll,10
LPR,54.01684584,-2.255589281,Long Preston,7
LPT,53.04169194,-2.216225493,Longport,9
LPW,52.34127509,-1.725484472,Lapworth,7
LPY,53.35758121,-2.889294039,Liverpool South Parkway,6
LRB,50.83665742,-0.136501977,London Road (Brighton),5
LRD,51.24064745,-0.565064166,London Road (Guildford),10
LRG,58.00159502,-4.400985065,Lairg,7
LRH,55.73858564,-3.975497722,Larkhall,9
LSK,50.44684832,-4.467498917,Liskeard,5
LSN,55.90137746,-3.544339538,Livingston North,5
LST,51.51802304,-0.081995697,London Liverpool Street,8
LSW,53.40805676,-3.099603994,Leasowe,6
LSY,51.42483262,-0.033338978,Lower Sydenham,8
LTG,53.26767922,-2.465211107,Lostock Gralam,8
LTH,51.70029929,-3.135209173,Llanhilleth,10
LTK,51.75223562,-0.808451583,Little Kimble,8
LTL,53.64301072,-2.094646493,Littleborough,7
LTM,53.7392924,-2.964043873,Lytham,8
LTN,51.87286,-0.3962,Luton Airport Parkway,5
LTP,52.4624,0.316567,Littleport,10
LTS,50.1792896,-5.441449302,Lelant Saltings,7
LTT,53.28553102,-2.943299129,Little Sutton,8
LTV,52.68690855,-1.800236348,Lichfield Trent Valley,8
LUD,52.37088713,-2.715261521,Ludlow,6
LUT,51.88231,-0.41404,Luton,6
LUX,50.39029491,-4.74751507,Luxulyan,5
LVC,53.40461053,-2.979159936,Liverpool Central,8
LVG,55.87168588,-3.501556828,Livingston South,7
LVJ,53.40477452,-2.991964872,Liverpool James Street,6
LVM,53.44443357,-2.192670025,Levenshulme,10
LVN,51.0797438,-0.307969555,Littlehaven,5
LVT,51.54457308,-3.185611182,Lisvane & Thornhill,10
LWH,51.45821869,-2.564165806,Lawrence Hill,7
LWM,51.40974773,-3.481635835,Llantwit Major,8
LWR,53.14419979,-3.80305891,Llanrwst,10
LWS,50.87062711,0.011335211,Lewes,9
LWT,52.47445691,1.749727847,Lowestoft,8
LYC,50.66222519,-3.440861256,Lympstone Commando,10
LYD,51.7146265,-2.531163478,Lydney,8
LYE,52.45993087,-2.115932275,Lye (West Midlands),10
LYM,50.64867164,-3.431393476,Lympstone Village,7
LYP,50.75828671,-1.529457537,Lymington Pier,7
LYT,50.76089855,-1.537172813,Lymington Town,10
LZB,54.7502215,-2.702200095,Lazonby & Kirkoswald,5
MAC,53.25935609,-2.121380478,Macclesfield,10
MAG,53.50648347,-2.930857798,Maghull,5
MAI,51.51866595,-0.722658698,Maidenhead,7
MAL,51.38463927,-0.261133898,Malden Manor,6
MAN,53.47671998,-2.228977818,Manchester Piccadilly,8
MAO,51.40759741,-0.724677798,Martins Heron,7
MAR,51.38543564,1.372020955,Margate,7
MAS,54.97276358,-1.604744532,Manors,7
MAT,53.13815608,-1.558986118,Matlock,6
MAU,53.43361928,-2.20917839,Mauldeth Road,8
MAX,55.83771381,-4.288685601,Maxwell Park,5
MAY,55.35472644,-4.68528221,Maybole,9
MBK,50.91148638,-1.433849643,Millbrook (Hants),7
MBR,54.57911045,-1.234712568,Middlesbrough,7
MCB,50.84671673,-0.118840894,Moulsecoomb,8
MCE,54.9587475,-1.665631298,Metrocentre,7
MCH,52.55990987,0.091199581,March,9
MCM,54.07035269,-2.869964906,Morecambe,7
MCN,52.5951531,-3.854549885,Machynlleth,8
MCO,53.47399664,-2.242522887,Manchester Oxford Road,9
MCV,53.48747956,-2.242599788,Manchester Victoria,5
MDB,51.27716608,0.513966736,Maidstone Barracks,7
MDE,51.27782671,0.521301857,Maidstone East,5
MDG,51.39596936,-1.177708473,Midgham,9
MDL,53.35997512,-2.08334968,Middlewood,5
MDN,50.77999537,-2.569440541,Maiden Newton,10
MDS,51.39631,-0.20031,Morden South,8
MDW,51.2704626,0.515780027,Maidstone West,10
MEC,53.646167,-2.975382686,Meols Cop,5
MEL,52.09073,0.008953,Meldreth,10
MEN,50.42622082,-4.40925881,Menheniot,9
MEO,53.39945033,-3.154281087,Meols,8
MEP,51.3864239,0.356954369,Meopham,8
MER,51.74458569,-3.377291952,Merthyr Tydfil,5
MES,52.10445728,1.338257583,Melton (Suffolk),6
MEV,51.68664396,-3.336588445,Merthyr Vale,9
MEW,51.60533889,-3.64901298,Maesteg (Ewenny Road),8
MEX,53.49101072,-1.288564361,Mexborough,10
MEY,55.74869713,-3.978239595,Merryton,6
MFA,52.70714813,-4.032181673,Morfa Mawddach,5
MFF,52.92614937,-4.084977496,Minffordd,9
MFH,51.71497622,-5.041000361,Milford Haven,6
MFL,55.82679274,-4.262017463,Mount Florida,9
MFT,53.14255896,-1.197157497,Mansfield,7
MGM,53.13890433,-0.391447021,Metheringham,10
MGN,52.46719715,-1.755614357,Marston Green,8
MHM,51.26415181,-0.150223451,Merstham,7
MHR,52.48040756,-0.908871723,Market Harborough,6
MHS,53.41690227,-1.41361886,Meadowhall,10
MIA,53.36505845,-2.272981546,Manchester Airport,9
MIC,51.18239077,-1.260678431,Micheldever,6
MIH,53.55052249,-2.17202063,Mills Hill (Manchester),5
MIJ,51.39294461,-0.157322869,Mitcham Junction,9
MIK,53.78909282,-1.324363018,Micklefield,10
MIL,51.61288,-0.24954,Mill Hill Broadway,7
MIM,51.99228415,-1.700388972,Moreton-in-Marsh,5
MIN,55.82509709,-4.533342722,Milliken Park,7
MIR,53.67159426,-1.691785436,Mirfield,8
MIS,51.94364535,1.081412598,Mistley,10
MKC,52.03429998,-0.774142566,Milton Keynes Central,9
MKM,51.37981906,-2.144507047,Melksham,6
MKR,53.38447725,-0.337094278,Market Rasen,10
MKT,51.88095194,0.783345532,Marks Tey,10
MLB,52.05384836,-0.532692607,Millbrook (Bedfordshire),5
MLD,53.23181982,-2.732225441,Mouldsworth,9
MLF,51.163315,-0.636946048,Milford (Surrey),10
MLG,57.00596656,-5.829589323,Mallaig,10
MLH,53.73546799,-2.501741498,Mill Hill (Lancs),10
MLM,54.21083074,-3.271093719,Millom,6
MLN,55.94084886,-4.315104558,Milngavie,8
MLT,54.13208477,-0.797222763,Malton,8
MLW,51.57099199,-0.766429862,Marlow,6
MLY,53.74994099,-1.590971837,Morley,9
MMO,52.7606833,-0.885577764,Melton Mowbray,8
MNC,56.2010078,-3.130777483,Markinch,7
MNE,52.49785289,0.177697575,Manea,8
MNG,51.94906612,1.045251421,Manningtree,7
MNN,53.89235171,-1.735508485,Menston,9
MNP,51.5523565062,0.0452924304,Manor Park,5
MNR,53.39479742,-3.171450295,Manor Road,6
MNS,53.516,-2.922,Maghull North,8
MOB,53.32996527,-2.333300348,Mobberley,9
MOG,51.519563,-0.09024,Moorgate,9
MON,56.48010302,-2.818243249,Monifieth,5
MOO,57.51791206,-4.460939805,Muir of Ord,6
MOR,51.37207211,-1.03550347,Mortimer,7
MOS,53.76444408,-2.943532624,Moss Side,10
MOT,51.39510266,-0.239174525,Motspur Park,10
MPK,55.84082364,-4.347809296,Mosspark,5
MPL,53.40070996,-2.057258911,Marple,7
MPT,55.1625058,-1.682921137,Morpeth,7
MRB,51.66016796,-4.791870151,Manorbier,9
MRD,50.83189161,-3.776395869,Morchard Road,5
MRF,53.40857308,-2.989179871,Moorfields,8
MRN,51.17516959,0.493174606,Marden (Kent),5
MRP,53.59446929,-1.304958873,Moorthorpe,5
MRR,56.96969552,-5.821910524,Morar,8
MRS,51.73576572,-0.829333579,Monks Risborough,6
MRT,53.40793134,-3.113140165,Moreton (Merseyside),8
MRW,51.6110012,-0.0493156,Meridian Water,7
MRY,54.71158569,-3.494701885,Maryport,9
MSD,53.51596879,-2.352855774,Moorside,9
MSH,53.37905641,-2.915448411,Mossley Hill,9
MSK,54.58742173,-1.0189143,Marske,8
MSL,53.5146843,-2.042180876,Mossley (Manchester),6
MSN,53.60320016,-1.930755584,Marsden (Yorks),6
MSO,53.52265793,-2.171907727,Moston,10
MSR,51.32917959,1.31723234,Minster,5
MSS,53.55599573,-2.401192526,Moses Gate,8
MST,51.60993535,-3.654667781,Maesteg,10
MSW,53.16145454,-1.199796358,Mansfield Woodhouse,8
MTA,51.68132902,-3.376355225,Mountain Ash,10
MTB,53.12197042,-1.557657491,Matlock Bath,8
MTC,51.40840457,-0.15396924,Mitcham Eastfields,9
MTG,51.4398558,0.050334368,Mottingham,5
MTH,55.79166603,-3.994311557,Motherwell,5
MTL,51.46835266,-0.266591584,Mortlake,8
MTM,51.17067872,1.348232601,Martin Mill,7
MTN,50.70110851,-2.312902315,Moreton (Dorset),9
MTO,54.54380222,-1.197717189,Marton,8
MTP,51.46889519,-2.587332548,Montpelier,9
MTS,56.71278581,-2.472074707,Montrose,7
MTV,55.83982986,-4.136593827,Mount Vernon,10
MUB,55.93358441,-3.073191904,Musselburgh,7
MUI,55.81040572,-4.273834935,Muirend,5
MVL,52.12538603,-2.319857656,Malvern Link,6
MYB,51.5225401,-0.163627749,London Marylebone,9
MYH,55.89714547,-4.301942516,Maryhill,9
MYL,51.5458397394,0.0060578399,Maryland,7
MYT,53.72902055,-1.981432246,Mytholmroyd,7
MZH,51.48293643,0.003295611,Maze Hill,8
NAN,53.06322887,-2.519249351,Nantwich,6
NAR,51.79937326,-4.727212166,Narberth,8
NAY,54.61370904,-1.589650446,Newton Aycliffe,6
NBA,51.64857,-0.17299,New Barnet,10
NBC,51.41677126,-0.035267105,New Beckenham,7
NBE,51.66581285,-3.142907128,Newbridge,9
NBN,53.43727598,-3.049174288,New Brighton,9
NBR,52.57131212,-1.203351787,Narborough,5
NBT,51.41249564,-0.28409246,Norbiton,9
NBW,56.0570324,-2.730738187,North Berwick,6
NBY,51.39764427,-1.322862459,Newbury,6
NCE,53.57446029,-0.05914558,New Clee,10
NCK,55.40272967,-4.184335551,New Cumnock,10
NCL,54.96822056,-1.617285496,Newcastle,8
NCM,51.27579399,-0.731198355,North Camp,9
NCO,50.7023,-3.472551,Newcourt,6
NCT,53.08002714,-0.81315172,Newark Castle,7
NDL,51.45451316,-0.087912394,North Dulwich,7
NEG,55.864925,-3.0685446,Newtongrange,10
NEH,51.43770471,0.070382648,New Eltham,9
NEI,55.78303028,-4.426950811,Neilston,6
NEL,53.83501859,-2.213756609,Nelson,6
NEM,51.40407643,-0.255939507,New Malden,10
NES,53.29242791,-3.063775319,Neston,10
NET,52.96147483,-1.07962538,Netherfield,10
NEW,55.93485014,-3.092756701,Newcraighall,9
NFA,51.64859041,0.681672508,North Fambridge,10
NFD,52.40819871,-1.965850518,Northfield,6
NFL,51.44584818,0.3243358,Northfleet,5
NFN,54.01169775,-0.386978527,Nafferton,6
NGT,51.35334004,0.668581912,Newington,7
NHD,51.46697308,-0.052692347,Nunhead,10
NHE,51.3130007,0.454934662,New Hythe,6
NHL,53.70193475,-0.360203766,New Holland,9
NIT,55.81191946,-4.359954594,Nitshill,6
NLN,53.61132045,-2.867559911,New Lane,5
NLR,53.14384493,-3.802744992,North Llanrwst,7
NLS,51.41940681,-2.750646299,Nailsea & Backwell,9
NLT,51.55763535,-0.359421311,Northolt Park,9
NLW,53.45307176,-2.613594198,Newton-le-Willows,9
NMC,53.36485808,-2.00566548,New Mills Central,6
NMK,52.23795928,0.406217482,Newmarket,7
NMN,53.35964437,-2.008519722,New Mills Newtown,8
NMP,52.23750925,-0.906652319,Northampton,7
NMT,52.15260095,1.05527234,Needham Market,6
NNG,53.08191008,-0.800110846,Newark Northgate,6
NNP,51.47644072,-3.201411567,Ninian Park,9
NNT,54.52788343,-1.169442639,Nunthorpe,6
NOA,55.47404673,-4.625817279,Newton-on-Ayr,7
NOR,53.69990584,-1.423491413,Normanton,10
NOT,52.94717947,-1.14688808,Nottingham,8
NPD,53.80449407,-1.680789733,New Pudsey,5
NQU,56.01248816,-3.394583946,North Queensferry,10
NQY,50.41508811,-5.075708631,Newquay,6
NRB,51.41144749,-0.121922189,Norbury,9
NRC,51.39845548,-1.307799999,Newbury Racecourse,9
NRD,54.53620358,-1.553954408,North Road (Darlington),5
NRN,57.58012963,-3.872998212,Nairn,9
NRT,54.45695431,-3.566398862,Nethertown,9
NRW,52.62717818,1.306828331,Norwich,10
NSB,50.82609675,0.389476518,Normans Bay,8
NSD,53.07171822,-1.22235722,Newstead,9
NSG,51.61412,-0.14303,New Southgate,5
NSH,51.46540691,-0.286427277,North Sheen,6
NTA,50.52956986,-3.599193375,Newton Abbot,9
NTC,50.77891926,-3.589414088,Newton St Cyres,7
NTH,51.66235974,-3.807245183,Neath,10
NTL,50.8748526,-1.341766118,Netley,5
NTN,55.81877088,-4.133044742,Newton (Lanark),8
NTR,54.3330789,-1.441275691,Northallerton,6
NUF,51.22686567,-0.133758333,Nutfield,10
NUM,51.60170041,-0.05357565,Northumberland Park (London),6
NUN,52.52638876,-1.463873901,Nuneaton,10
NUT,50.8460569,-0.882951949,Nutbourne,5
NVH,50.78978441,0.054998379,Newhaven Harbour,5
NVN,50.79484885,0.054950925,Newhaven Town,8
NVR,53.39546529,-2.343587,Navigation Road,10
NWA,52.81691581,1.384466116,North Walsham,7
NWB,51.5626022528,-0.3039843835,North Wembley,10
NWD,51.397020224,-0.0752164235,Norwood Junction,10
NWE,51.97987781,0.215142617,Newport (Essex),9
NWI,53.26146564,-2.496926038,Northwich,6
NWM,50.75573929,-1.65781268,New Milton,6
NWN,53.45670495,-2.066972742,Newton for Hyde,6
NWP,51.58974436,-2.998648615,Newport (South Wales),5
NWR,57.05912906,-4.119103389,Newtonmore,6
NWT,52.51232684,-3.311399078,Newtown (Powys),6
NWX,51.47635659,-0.032995347,New Cross,6
NXG,51.475311265,-0.0403846644,New Cross Gate,9
OBN,56.41246429,-5.473920404,Oban,8
OCK,51.5219961849,0.2904709275,Ockendon,8
OHL,52.47094242,-2.056191934,Old Hill,8
OKE,50.737521,-3.995299,Okehampton,7
OKL,51.63769,-0.16621,Oakleigh Park,6
OKM,52.67223558,-0.73416278,Oakham,9
OKN,52.69341403,-2.45019074,Oakengates,6
OLD,51.5258365574,-0.0885295811,Old Street,9
OLF,51.37920116,-2.3802945,Oldfield Park,7
OLT,52.43851888,-1.804318398,Olton,5
OLY,51.15150662,-0.336003059,Ockley,7
OMS,53.56896888,-2.88179342,Ormskirk,7
OPK,53.46191022,-2.963321542,Orrell Park,8
ORE,50.86694236,0.591574525,Ore,8
ORN,53.48690801,-2.951077083,Old Roan,5
ORP,51.37352201,0.089038526,Orpington,7
ORR,53.52993615,-2.70929685,Orrell,8
OTF,51.31315635,0.196790978,Otford,7
OUN,52.47777986,1.715729717,Oulton Broad North,5
OUS,52.46974778,1.707982367,Oulton Broad South,5
OUT,53.71503172,-1.509941857,Outwood,10
OVE,53.28414758,-2.924818617,Overpool,9
OVR,51.25405532,-1.260016842,Overton,9
OXF,51.75350075,-1.270151173,Oxford,10
OXN,54.30524797,-2.722253183,Oxenholme Lake District,10
OXP,51.8042,-1.2745,Oxford Parkway,6
OXS,51.33639577,-0.362408246,Oxshott,10
OXT,51.25790506,-0.004812996,Oxted,9
PAD,51.51645141,-0.176844743,London Paddington,6
PAL,51.61882,-0.11034,Palmers Green,7
PAN,51.4853982,-1.090464668,Pangbourne,6
PAR,50.35531723,-4.704719639,Par,6
PAT,53.48512529,-2.35697017,Patricroft,10
PBL,53.59095037,-2.770600227,Parbold,8
PBO,52.57499236,-0.249830061,Peterborough,7
PBR,51.69729,-0.19236,Potters Bar,6
PBY,51.68352802,-4.247865203,Pembrey & Burry Port,8
PCD,51.52461118,-3.50049761,Pencoed,10
PCN,55.84006858,-4.423795846,Paisley Canal,7
PDG,53.40580767,-2.556805552,Padgate,8
PDW,51.18226074,0.389165396,Paddock Wood,5
PEA,52.89806425,-1.472677646,Peartree,5
PEB,50.81745345,0.342920162,Pevensey Bay,5
PEG,55.17767637,-1.644487291,Pegswood,6
PEM,53.53034636,-2.66932411,Pemberton,10
PEN,51.43588909,-3.174465022,Penarth,7
PER,51.66992031,-3.359957291,Penrhiwceiber,7
PES,52.83072115,-4.112173075,Pensarn (Gwynedd),9
PET,51.38861936,0.074490155,Petts Wood,6
PEV,50.81579197,0.324820485,Pevensey & Westham,8
PEW,51.34218734,-1.770675036,Pewsey,10
PFL,51.4810161506,0.2367813953,Purfleet,9
PFM,53.69908348,-1.302630611,Pontefract Monkhill,6
PFR,53.69189685,-1.303355158,Pontefract Baghill,9
PFY,53.84814637,-2.990287393,Poulton-le-Fylde,7
PGM,51.67045291,-3.230109732,Pengam,10
PGN,50.43470781,-3.564338773,Paignton,8
PHG,52.54570208,-4.03503834,Penhelig,9
PHR,51.19733253,0.173483045,Penshurst,10
PIL,51.55662016,-2.627119757,Pilning,6
PIN,50.73756769,-3.47151678,Pinhoe,5
PIT,56.70249117,-3.735573831,Pitlochry,10
PKG,52.72351572,-2.119295161,Penkridge,8
PKS,50.72310029,-1.948956257,Parkstone (Dorset),8
PKT,51.72546034,-0.340277192,Park Street,8
PLC,51.15647459,0.747408729,Pluckley,10
PLD,50.83567693,-0.205323859,Portslade,8
PLE,55.84105199,-4.268595988,Pollokshields East,6
PLG,50.82121828,0.245732124,Polegate,5
PLK,57.3335421,-5.666000294,Plockton,8
PLM,53.27468889,-2.419668513,Plumley,5
PLN,57.06136367,-2.126616063,Portlethen,6
PLS,53.73096858,-2.544130993,Pleasington,7
PLT,51.74663206,-3.278966771,Pontlottyn,6
PLU,51.48979844,0.084266668,Plumstead,10
PLW,55.83768428,-4.27574678,Pollokshields West,5
PLY,50.37781736,-4.143363131,Plymouth,5
PMA,50.95699912,-3.950613811,Portsmouth Arms,9
PMB,51.67294658,-4.906065725,Pembroke,5
PMD,51.69391548,-4.93807661,Pembroke Dock,6
PMH,50.79694873,-1.10783895,Portsmouth Harbour,5
PMP,50.9286601,-0.060178055,Plumpton,6
PMR,51.47003714,-0.069394247,Peckham Rye,6
PMS,50.79848174,-1.090909302,Portsmouth & Southsea,5
PMT,55.98472465,-3.714965487,Polmont,7
PMW,53.27048358,-3.923515874,Penmaenmawr,5
PNA,51.65892008,-4.722092618,Penally,9
PNC,52.902882,-4.33872,Penychain,7
PNE,51.41933448,-0.054142784,Penge East,6
PNF,53.14311037,-3.054849214,Penyffordd,8
PNL,53.95833848,-1.533459179,Pannal,5
PNM,50.1497831,-5.083003855,Penmere,10
PNR,54.6618117,-2.758035421,Penrith (North Lakes),6
PNS,53.52552057,-1.622552219,Penistone,6
PNW,51.4175568838,-0.0608342187,Penge West,10
PNY,52.27394924,-3.321940024,Pen-y-Bont,8
PNZ,50.12168229,-5.532467153,Penzance,10
POK,50.73107393,-1.825106845,Pokesdown,9
POL,50.73106987,-3.501496022,Polsloe Bridge,8
PON,51.64274862,-0.034473536,Ponders End,5
POO,50.71941418,-1.983326736,Poole,5
POP,53.97609158,-1.148589239,Poppleton,8
POR,51.61253349,-3.407203552,Porth,9
POT,53.6941436,-1.318917563,Pontefract Tanshelf,10
PPD,51.59936625,-3.341388164,Pontypridd,9
PPK,55.89022945,-4.25803113,Possilpark & Parkhouse,5
PPL,51.69796197,-3.014254502,Pontypool & New Inn,9
PRA,55.5090299591,-4.614160474,Prestwick International Airport,10
PRB,53.29339747,-2.145481304,Prestbury,6
PRE,53.75687052,-2.708124657,Preston (Lancs),10
PRH,52.92884346,-4.064573948,Penrhyndeudraeth,7
PRL,51.55069115,0.71068991,Prittlewell,7
PRN,54.56990389,-3.582020124,Parton,9
PRP,50.84593878,-0.155167744,Preston Park,8
PRR,51.71786322,-0.843881476,Princes Risborough,10
PRS,52.89965046,-2.689744248,Prees,8
PRT,53.33651635,-3.407136515,Prestatyn,5
PRU,54.96614154,-1.864859902,Prudhoe,7
PRW,50.21648441,-5.111839596,Perranwell,7
PRY,52.51649543,-1.90195665,Perry Barr,5
PSC,53.42356928,-2.799172819,Prescot,9
PSE,51.5603638481,0.5063012148,Pitsea,5
PSH,52.13029348,-2.07154008,Pershore,7
PSL,53.3492693,-2.99803707,Port Sunlight,9
PSN,51.43353995,-2.608313932,Parson Street,7
PST,55.95309226,-2.974772045,Prestonpans,7
PSW,52.6259325,-1.609950777,Polesworth,10
PTA,51.59171473,-3.781340109,Port Talbot Parkway,6
PTB,51.72501373,-3.362333939,Pentre-Bach,7
PTC,50.84873765,-1.124238788,Portchester,9
PTD,51.71762164,-4.045576015,Pontarddulais,5
PTF,51.77888001,-3.997460445,Pantyffynnon,8
PTG,55.93350378,-4.689814129,Port Glasgow,6
PTH,56.39268166,-3.4400422,Perth,6
PTK,55.86987384,-4.30880039,Partick,9
PTL,55.81216496,-4.342890613,Priesthill & Darnley,10
PTM,52.93093493,-4.134459787,Porthmadog,10
PTR,51.00671834,-0.941143838,Petersfield,7
PTT,55.79038666,-4.334882502,Patterton,7
PTW,55.50169183,-4.615146801,Prestwick Town,9
PUL,50.95734852,-0.516553376,Pulborough,5
PUO,51.34704533,-0.098851969,Purley Oaks,5
PUR,51.33739162,-0.113608701,Purley,9
PUT,51.46130596,-0.216473031,Putney,6
PWE,55.82470459,-4.287442409,Pollokshaws East,10
PWL,52.88785158,-4.41671931,Pwllheli,9
PWW,55.82381126,-4.30159977,Pollokshaws West,10
PWY,51.52592522,-2.562695774,Patchway,6
PYC,51.5237707,-3.39293339,Pontyclun,8
PYE,51.579513,-3.038295,Pye Corner,5
PYG,55.84733502,-4.424503877,Paisley Gilmour Street,6
PYJ,55.85210338,-4.442440916,Paisley St James,10
PYL,51.525739,-3.698076385,Pyle,5
PYN,50.17026855,-5.110935401,Penryn (Cornwall),10
PYP,53.06515277,-3.862740369,Pont-y-Pant,10
PYT,53.35040033,-2.134408257,Poynton,10
QBR,51.41563685,0.749680178,Queenborough,7
QPK,55.83568277,-4.26732499,Queens Park (Glasgow),7
QPW,51.5339715337,-0.2049825011,Queens Park (London),9
QRB,51.47461422,-0.146833069,Queenstown Road,8
QRP,51.47406855,-0.057574233,Queens Road (Peckham),9
QUI,50.40396942,-5.029806255,Quintrell Downs,10
QYD,51.6607231,-3.322813042,Quakers Yard,10
RAD,51.68620873,-1.240479351,Radley,8
RAI,51.36630481,0.611346972,Rainham (Kent),8
RAM,51.34102927,1.406056398,Ramsgate,8
RAN,56.68602884,-4.576863849,Rannoch,6
RAU,52.98522476,-0.456602942,Rauceby,5
RAV,54.35561861,-3.408961525,Ravenglass for Eskdale,7
RAY,51.40935291,-0.22999932,Raynes Park,7
RBR,50.98493079,0.468786411,Robertsbridge,6
RCA,51.60584265,-3.092230162,Risca & Pontymister,9
RCC,54.6162319,-1.070873487,Redcar Central,7
RCD,53.61032152,-2.153521182,Rochdale,7
RCE,54.60925751,-1.052297613,Redcar East,9
RDA,51.46838591,-2.599131362,Redland,7
RDB,50.91993012,-1.470167863,Redbridge,10
RDC,52.3063387,-1.945248706,Redditch,7
RDD,51.33266611,-0.099446924,Riddlesdown,5
RDF,52.94890755,-1.036580335,Radcliffe (Nottinghamshire),6
RDG,51.45878189,-0.971854374,Reading,9
RDH,51.24019809,-0.165898311,Redhill,7
RDM,54.94904894,-1.970772673,Riding Mill,6
RDN,53.44943056,-2.156253115,Reddish North,5
RDR,51.51650886,-3.248009062,Radyr,8
RDS,53.43693407,-2.157863127,Reddish South,8
RDT,51.68519,-0.31724,Radlett,6
RDW,51.45545321,-0.990294679,Reading West,8
REC,51.5587800243,-0.0683933373,Rectory Road,5
RED,50.2332413,-5.225974546,Redruth,10
REE,52.5645259,1.559666375,Reedham (Norfolk),6
REI,51.24195549,-0.203824541,Reigate,10
RET,53.31517556,-0.947878147,Retford,5
RFD,51.58173343,0.702317091,Rochford,6
RFY,53.37289259,-3.010914905,Rock Ferry,6
RGL,52.77003211,-1.92955021,Rugeley Trent Valley,8
RGP,51.4266639,-0.9996331,Reading Green park,9
RGT,52.75439398,-1.936835706,Rugeley Town,9
RGW,53.78005445,-2.478750546,Ramsgreave & Wilpshire,5
RHD,54.20584998,-2.360854841,Ribblehead,7
RHI,51.52118226,-3.213975661,Rhiwbina,6
RHL,53.31844074,-3.489112507,Rhyl,9
RHM,51.33216069,-0.12387235,Reedham (London),8
RHO,53.23485594,-4.506663917,Rhosneigr,8
RHY,51.75883789,-3.289309476,Rhymney,8
RIA,51.38706545,-3.34939894,Rhoose Cardiff International Airport,10
RIC,51.6402466027,-0.4732729561,Rickmansworth,5
RID,52.02641391,-0.594548449,Ridgmont,10
RIL,53.45778328,-2.962324455,Rice Lane,5
RIS,53.76355579,-2.420158645,Rishton,5
RKT,53.04148456,-0.380756379,Ruskington,8
RLG,51.58945508,0.600638611,Rayleigh,8
RLN,50.89216101,-0.957464705,Rowlands Castle,6
RMB,53.044436,-3.921654634,Roman Bridge,6
RMC,53.43227009,-1.360440012,Rotherham Central,6
RMD,51.46310164,-0.301039568,Richmond (London),8
RMF,51.57483462,0.183250919,Romford,8
RML,53.4141736,-2.089172777,Romiley,6
RNF,53.51711894,-2.789469813,Rainford,7
RNH,53.4171322,-2.766400942,Rainhill,7
RNM,51.5173546284,0.1907490215,Rainham (Essex),6
RNR,52.91804369,1.299803414,Roughton Road,6
ROB,53.41005192,-2.855936847,Roby,8
ROC,50.41826529,-4.830229067,Roche,9
ROE,51.500975,-0.053555,Rotherhithe,9
ROG,57.98869553,-4.158188999,Rogart,9
ROL,53.06574736,-0.898762153,Rolleston,5
ROM,50.99252174,-1.493151814,Romsey,10
ROO,54.11516949,-3.194576777,Roose,5
ROR,51.59561144,-3.066632694,Rogerstone,5
ROS,56.04550554,-3.427306152,Rosyth,9
ROW,52.47733479,-2.030875441,Rowley Regis,9
RRB,53.45713715,-2.173450235,Ryder Brow,5
RRN,55.887438,-4.172747,Robroyston,5
RSG,53.78670009,-2.28226806,Rose Grove,7
RSH,53.39611526,-2.075900869,Rose Hill Marple,10
RSN,55.8506,-2.1972,Reston,8
RTN,55.97042084,-4.586110938,Renton,6
RTR,51.38554918,0.510288532,Rochester,6
RUA,52.96018774,-3.04250099,Ruabon,10
RUE,53.3269412,-2.665085335,Runcorn East,6
RUF,53.63502533,-2.806944757,Rufford,6
RUG,52.37910798,-1.250477907,Rugby,9
RUN,53.33871197,-2.739251703,Runcorn,6
RUS,54.47019987,-0.627765603,Ruswarp,9
RUT,55.83058595,-4.212096258,Rutherglen,7
RVB,51.41386433,-0.006916653,Ravensbourne,10
RVN,53.6755404,-1.655576289,Ravensthorpe,7
RWC,53.68905567,-0.960855694,Rawcliffe,8
RYB,56.88834445,-4.837241562,Roy Bridge,10
RYD,50.73285421,-1.159772507,Ryde Esplanade,9
RYE,50.95236602,0.730706155,Rye (Sussex),7
RYH,51.76941544,0.005637565,Rye House,8
RYN,51.77548937,0.036262005,Roydon,10
RYP,50.73916991,-1.160127176,Ryde Pier Head,7
RYR,50.72435057,-1.156566865,Ryde St Johns Road,9
RYS,52.05309,-0.02691,Royston,10
SAA,51.74473607,-0.342569292,St Albans Abbey,9
SAB,50.71120981,-1.155074725,Smallbrook Junction,5
SAC,51.75048,-0.32754,St Albans City,5
SAD,52.50862411,-2.01174306,Sandwell & Dudley,8
SAE,53.83889296,-1.791618606,Saltaire,5
SAF,51.20174387,-0.162487674,Salfords (Surrey),5
SAH,52.67560081,1.391426504,Salhouse,5
SAJ,51.46899802,-0.023232814,St Johns (London),8
SAL,51.07054404,-1.806389093,Salisbury,9
SAM,53.7223492,-0.810007666,Saltmarshe,6
SAN,50.65685392,-1.162388386,Sandown,9
SAR,51.51279724,-2.696698481,St Andrews Road,10
SAS,53.75340279,-3.02912925,St Annes-on-the-Sea,6
SAT,51.4996997762,-0.2701569616,South Acton,10
SAU,50.33950737,-4.789405571,St Austell,7
SAV,52.19425764,-1.71629633,Stratford-upon-Avon,7
SAW,51.81435127,0.160425068,Sawbridgeworth,8
SAX,52.21491694,1.490176361,Saxmundham,6
SAY,51.39338728,0.169237354,Swanley,6
SBE,53.99901434,-1.501135911,Starbeck,8
SBF,50.40138693,-4.186644684,St Budeaux Ferry Road,5
SBJ,52.4475953,-2.133850619,Stourbridge Junction,5
SBK,54.58383426,-1.176660612,South Bank,5
SBM,51.48813928,-0.054671432,South Bermondsey,8
SBP,51.5441168147,-0.2758280111,Stonebridge Park,8
SBR,56.8899942,-4.921608593,Spean Bridge,10
SBS,54.49258108,-3.591384658,St Bees,6
SBT,52.45558734,-2.141821696,Stourbridge Town,5
SBU,51.6484532766,-0.0530188969,Southbury,8
SBV,50.4021693,-4.188088002,St Budeaux Victoria Road,5
SBY,53.78338472,-1.063555365,Selby,6
SCA,54.27980423,-0.405706875,Scarborough,7
SCF,52.48482961,-1.811034254,Stechford,9
SCG,51.45133235,0.263786194,Stone Crossing,8
SCH,55.8851271,-4.352883014,Scotstounhill,7
SCR,50.39905812,-4.940828131,St Columb Road,5
SCS,50.62778455,-3.447726133,Starcross,6
SCT,58.48297756,-3.552066936,Scotscalder,9
SCU,53.58619519,-0.650979553,Scunthorpe,10
SCY,51.36296514,-0.093452155,South Croydon,8
SDA,51.33022897,0.448246314,Snodland,10
SDB,53.15018835,-2.3935123,Sandbach,6
SDC,51.522922,-0.075684,Shoreditch High Street,6
SDE,51.510931,-0.057454,Shadwell,10
SDF,51.72209314,-4.716619622,Saundersfoot,10
SDG,51.0903696,1.066064128,Sandling,9
SDH,51.55838698,-0.336167829,Sudbury Hill Harrow,9
SDL,53.42994809,-2.991497322,Sandhills,9
SDM,55.77748196,-3.956991069,Shieldmuir,5
SDN,50.92204734,-1.388193499,St Denys,8
SDP,50.38674429,-4.464517438,Sandplace,6
SDR,51.67590446,-0.825468633,Saunderton,10
SDW,51.26990727,1.342584118,Sandwich,9
SDY,52.12475,-0.28119,Sandy,9
SEA,54.83664804,-1.340923595,Seaham,5
SEC,54.65831825,-1.200423075,Seaton Carew,6
SED,52.14884103,0.139981977,Shelford (Cambs),10
SEE,50.83134913,0.030650137,Southease,6
SEF,50.77283582,0.100140227,Seaford (Sussex),10
SEG,51.27735954,0.94088939,Selling,7
SEH,51.3322173,0.188901812,Shoreham (Kent),6
SEL,54.41659024,-3.51045609,Sellafield,9
SEM,54.24076317,-0.417034229,Seamer,5
SEN,52.63905886,-1.84478804,Shenstone,5
SER,50.1704777,-5.444317521,St Erth,5
SES,53.59462052,-1.284860698,South Elmsall,7
SET,54.06692419,-2.280711727,Settle,9
SEV,51.27686256,0.18168053,Sevenoaks,5
SFA,51.545037,-0.008613,Stratford International,5
SFD,53.48277848,-2.255532721,Salford Central,8
SFI,55.915359,-3.0884433,Shawfair,8
SFL,53.46611293,-3.005295121,Seaforth & Litherland,9
SFN,52.66608646,-2.371848866,Shifnal,8
SFO,51.5143671372,0.4230412837,Stanford-le-Hope,10
SFR,51.21431997,-0.566799182,Shalford (Surrey),10
SGB,52.50179056,-1.980495105,Smethwick Galton Bridge,5
SGL,55.93634763,-3.299473655,South Gyle,6
SGM,50.39426531,-4.30845147,St Germans,9
SGN,51.53321485,-0.336653369,South Greenford,7
SGR,51.46778867,0.190504422,Slade Green,8
SHB,53.20426177,-1.202442721,Shirebrook,10
SHC,53.67632991,-1.399894276,Streethouse,5
SHD,54.62680318,-1.637535646,Shildon,6
SHE,50.94400636,-2.513081696,Sherborne,9
SHF,53.37823538,-1.462104529,Sheffield,9
SHH,51.48458989,-2.678266118,Shirehampton,8
SHI,51.51121587,-0.882524379,Shiplake,10
SHJ,53.43354101,-2.699863587,St Helens Junction,9
SHL,55.82919724,-4.29233699,Shawlands,8
SHM,52.94088541,1.211327178,Sheringham,7
SHN,50.63390141,-1.179835636,Shanklin,6
SHO,50.89674031,-1.364351502,Sholing,9
SHP,51.39680664,-0.446776819,Shepperton,7
SHR,52.71141159,-2.74894276,Shrewsbury,8
SHS,55.81863947,-3.798315601,Shotts,5
SHT,53.2125552,-3.038434376,Shotton,10
SHU,51.74588546,-2.279510293,Stonehouse,5
SHW,51.02181488,-1.328195204,Shawford,8
SHY,53.83274772,-1.773263392,Shipley (Yorks),6
SIA,51.568691,0.704052,Southend Airport,7
SIC,54.22622466,-3.335366346,Silecroft,9
SID,51.4344201,0.103326599,Sidcup,10
SIE,53.79717016,-1.232684076,Sherburn-in-Elmet,6
SIH,51.39,-0.19912,St Helier (London),7
SIL,52.73102158,-1.10966224,Sileby,5
SIN,55.90765879,-4.405482609,Singer,10
SIP,51.86565386,-1.5926996,Shipton,10
SIT,51.34197466,0.734697529,Sittingbourne,5
SIV,50.20864501,-5.47678695,St Ives (Cornwall),6
SJP,50.73068086,-3.523164103,St James Park (Exeter),8
SJS,51.5806709779,-0.032823574,St James Street (Walthamstow),7
SKE,51.66138872,-3.846536024,Skewen,8
SKG,53.1430765,0.333903847,Skegness,6
SKI,53.95870219,-2.025878431,Skipton,8
SKM,51.78780029,-0.784084548,Stoke Mandeville,10
SKN,50.42305549,-4.461615382,St Keyne Wishing Well Halt,7
SKS,54.94704693,-1.916756206,Stocksfield,8
SKW,51.5652387025,-0.0728811564,Stoke Newington,6
SLA,55.92668195,-3.243452507,Slateford,6
SLB,54.58345549,-0.974136266,Saltburn,5
SLD,53.48659869,-2.275750605,Salford Crescent,6
SLH,54.46106173,-0.662475769,Sleights,6
SLK,53.53493739,-1.563474153,Silkstone Common,7
SLL,53.58711418,-0.183667548,Stallingborough,8
SLO,51.51187689,-0.591504981,Slough,10
SLQ,50.8558633,0.560522005,St Leonards Warrior Square,5
SLR,52.99549349,-0.41034233,Sleaford,6
SLS,55.85352186,-4.160033636,Shettleston,6
SLT,55.63387161,-4.784284143,Saltcoats,10
SLV,51.6152343768,-0.0726416423,Silver Street,5
SLW,53.78171338,-2.819773179,Salwick,10
SLY,52.44198975,-1.935812243,Selly Oak,6
SMA,52.46376991,-1.859388416,Small Heath,8
SMB,53.63301726,-2.113376557,Smithy Bridge,10
SMD,52.64740704,-0.480499424,Stamford (Lincs),9
SMG,51.45510669,-0.320350685,St Margarets (London),9
SMH,51.5744735869,-0.0766757768,Stamford Hill,7
SMK,52.18972565,1.000016541,Stowmarket,9
SML,51.47953406,-2.650110484,Sea Mills,10
SMN,51.66063093,0.835210668,Southminster,7
SMO,51.40323,-0.20551,South Merton,10
SMR,52.49639441,-1.97064313,Smethwick Rolfe Street,9
SMT,51.7878436,0.001278525,St Margarets (Herts),7
SMY,51.39477941,0.107257724,St Mary Cray,6
SNA,53.66313829,-1.481487026,Sandal & Agbrigg,7
SND,51.34647568,-0.803914472,Sandhurst (Berks),6
SNE,52.9083927,-2.155042811,Stone (Staffs),10
SNF,51.63088441,0.329854866,Shenfield,6
SNG,51.39194259,-0.633036903,Sunningdale,9
SNH,53.45313449,-2.730304246,St Helens Central,9
SNI,53.69312867,-1.028454207,Snaith,8
SNK,53.39247998,-2.650467264,Sankey For Penketh,6
SNL,51.3634013,-0.248665136,Stoneleigh,5
SNN,53.51484469,-2.337463925,Swinton (Manchester),9
SNO,52.23158,-0.24741,St Neots,7
SNR,51.34828313,-0.093673971,Sanderstead,8
SNS,51.43245842,-0.503156805,Staines,8
SNT,53.27829475,-2.841153819,Stanlow & Thornton,7
SNW,50.87565884,-1.265855068,Swanwick,9
SNY,51.46990139,-0.559005825,Sunnymeads,9
SOA,50.95080673,-1.363101804,Southampton Airport Parkway,10
SOB,50.84826453,-0.90811384,Southbourne,5
SOC,51.5370680411,0.7117404187,Southend Central,6
SOE,51.5389761049,0.7318291094,Southend East,7
SOF,51.64966861,0.6066729,South Woodham Ferrers,10
SOG,51.01996612,0.363883611,Stonegate,8
SOH,51.5414759012,-0.1784404686,South Hampstead,9
SOI,55.691624,-2.8654726,Stow,6
SOJ,52.334139,0.327694,Soham,8
SOK,51.570220608,-0.3084627894,South Kenton,5
SOL,52.41440643,-1.788399215,Solihull,5
SOM,53.7823442,-1.250529513,South Milford,9
SON,53.90026989,-1.944114862,Steeton & Silsden,6
SOO,51.39654864,0.50019436,Strood (Kent),7
SOP,53.64652777,-3.00244063,Southport,5
SOR,51.38314549,0.378100359,Sole Street,10
SOT,53.00799558,-2.180988926,Stoke-on-Trent,5
SOU,50.90743864,-1.413602474,Southampton Central,6
SOV,51.54151627,0.711514592,Southend Victoria,9
SOW,53.70790822,-1.906950154,Sowerby Bridge,7
SPA,52.78882937,-0.156873182,Spalding,9
SPB,51.5052892923,-0.2176522962,Shepherd's Bush,8
SPF,56.29495602,-3.052451731,Springfield,10
SPH,51.18840091,1.229922503,Shepherds Well,8
SPI,53.33995485,-2.993914447,Spital,8
SPK,53.11420865,-1.245645184,Sutton Parkway,9
SPN,52.53501919,1.086491641,Spooner Row,8
SPO,52.91188874,-1.411093591,Spondon,8
SPP,52.43023398,0.413355863,Shippea Hill,7
SPR,55.88169718,-4.228114663,Springburn,7
SPS,55.889898,-4.14078439,Stepps,5
SPT,53.40555627,-2.163011702,Stockport,9
SPU,51.17146994,0.550445835,Staplehurst,5
SPY,53.58920057,-1.704017926,Shepley,5
SQE,51.492791,-0.048142,Surrey Quays,10
SQH,55.37016496,-3.924523151,Sanquhar,7
SQU,53.77677721,-3.04942893,Squires Gate,5
SRA,51.5413741484,-0.0036568449,Stratford (London),5
SRC,51.41868917,-0.136151833,Streatham Common,10
SRD,51.46750636,-2.566223864,Stapleton Road,5
SRG,51.60966864,-0.607428365,Seer Green & Jordans,10
SRH,51.4383461,-0.128157209,Streatham Hill,5
SRI,52.44342372,-1.837384708,Spring Road,5
SRL,52.40343629,-1.845175263,Shirley,8
SRN,53.37510107,-2.032573054,Strines,8
SRO,53.32484379,-1.168215662,Shireoaks,6
SRR,51.53872014,-3.589932796,Sarn,9
SRS,51.39169797,-0.087945474,Selhurst,10
SRT,51.40560506,0.002789316,Shortlands,8
SRU,51.5569265569,-0.3992477137,South Ruislip,5
SRY,51.5309758701,0.7953607931,Shoeburyness,8
SSC,54.39564109,-3.484886294,Seascale,8
SSD,51.8885966,0.26081836,Stansted Airport,7
SSE,50.83442192,-0.271709718,Shoreham-by-Sea,6
SSM,53.59437058,-1.723472627,Stocksmoor,5
SSS,51.44106166,0.758547575,Sheerness-on-Sea,9
SST,51.90131018,0.19974645,Stansted Mountfitchet,8
STA,52.80390859,-2.122036782,Stafford,10
STC,57.42276127,-5.428811191,Strathcarron,7
STD,51.74457443,-2.219392567,Stroud (Gloucs),9
STE,51.42581015,-0.131546583,Streatham (Greater London),10
STF,57.35235059,-5.549452918,Stromeferry,7
STG,56.11979974,-3.935616947,Stirling,7
STH,52.11417,0.031332,Shepreth,6
STJ,51.58467107,-2.777903615,Severn Tunnel Junction,7
STK,54.57024897,-1.318932714,Stockton,10
STL,51.50596158,-0.378613083,Southall,10
STM,53.37561787,-2.952804749,St Michaels,8
STN,56.96681762,-2.225305286,Stonehaven,10
STO,51.5804187998,-0.0718059032,South Tottenham,5
STP,51.53062434,-0.125527439,London St Pancras International,9
STR,54.90959858,-5.024729131,Stranraer,6
STS,50.40734763,-4.20915696,Saltash,5
STT,55.68214404,-4.518043445,Stewarton,5
STU,51.30107408,1.122265331,Sturry,9
STV,55.63426825,-4.750782413,Stevenston,7
STW,51.43973402,-0.339620394,Strawberry Hill,5
STY,52.207771,-1.732885,Stratford-upon-Avon Parkway,5
SUC,51.37557,-0.19682,Sutton Common,5
SUD,51.5545018,-0.315970143,Sudbury & Harrow Road,9
SUG,52.08228042,-3.686969492,Sugar Loaf,9
SUM,55.89905346,-4.291689497,Summerston,6
SUN,54.905507,-1.382377347,Sunderland,7
SUO,51.35953356,-0.191213151,Sutton (London),6
SUP,51.4133967,0.020387427,Sundridge Park,6
SUR,51.39246129,-0.303959858,Surbiton,5
SUT,52.56495316,-1.824852952,Sutton Coldfield,9
SUU,51.4183156,-0.41777264,Sunbury,8
SUY,52.03628673,0.735461571,Sudbury (Suffolk),10
SVB,51.55955383,-2.66427711,Severn Beach,5
SVG,51.90169,-0.20711,Stevenage,5
SVK,51.5640458726,0.0963182717,Seven Kings,10
SVL,54.37544124,-2.819395031,Staveley (Cumbria),7
SVR,54.16991444,-2.803839018,Silverdale,5
SVS,51.5825108428,-0.0748929164,Seven Sisters,6
SWA,51.62514381,-3.941576226,Swansea,5
SWD,53.16958189,-0.70268215,Swinderby,10
SWE,52.96983174,-0.187156156,Swineshead,10
SWG,50.94113949,-1.376413966,Swaythling,8
SWI,51.56547293,-1.785510103,Swindon (Wilts),7
SWK,50.83248265,-0.237073077,Southwick,7
SWL,51.38923548,0.747147474,Swale,10
SWM,51.44907248,0.309545118,Swanscombe,6
SWN,53.48625823,-1.305824829,Swinton (South Yorks),5
SWO,51.21530252,1.213717174,Snowdown,7
SWR,52.06909177,-0.520681291,Stewartby,10
SWS,52.58224354,-1.134080764,South Wigston,6
SWT,53.62384413,-1.881582946,Slaithwaite,6
SWY,50.78469022,-1.610008474,Sway,7
SXY,53.26722423,-0.664040791,Saxilby,8
SYA,53.34834611,-2.240457225,Styal,8
SYB,53.48439291,-2.061892539,Stalybridge,5
SYD,51.4272498924,-0.0542380452,Sydenham (London),6
SYH,51.43271634,-0.080334335,Sydenham Hill,7
SYL,51.48179326,-0.32513115,Syon Lane,7
SYS,52.6946713,-1.082139486,Syston,8
SYT,52.51025111,1.652277542,Somerleyton,10
TAB,52.55294368,-1.976209995,Tame Bridge Parkway,6
TAC,51.88132548,-1.297226956,Tackley,8
TAD,51.29163611,-0.23596467,Tadworth,8
TAF,51.54079864,-3.262949451,Taffs Well,10
TAI,57.81427038,-4.052128422,Tain,10
TAL,52.90432506,-4.068166336,Talsarnau,8
TAM,52.63712963,-1.687269406,Tamworth,5
TAP,51.5235594,-0.68136745,Taplow,5
TAT,51.30918237,-0.242609371,Tattenham Corner,7
TAU,51.02365625,-3.102132918,Taunton,9
TAY,56.43078559,-5.239592133,Taynuilt,8
TBD,51.11691722,-0.161183058,Three Bridges,9
TBW,51.13022674,0.262823237,Tunbridge Wells,5
TBY,54.55945018,-1.300710445,Thornaby,10
TCR,51.5163,-0.1306,Tottenham Court Road (Elizabeth line),10
TDU,51.54736625,-3.595570636,Tondu,6
TEA,54.51813568,-1.425312602,Teesside Airport,8
TED,51.42452799,-0.332691888,Teddington,7
TEN,51.67294584,-4.706733014,Tenby,8
TEO,51.6924570037,-0.0348236151,Theobalds Grove,9
TEY,51.33338995,0.807440692,Teynham,6
TFC,52.68112339,-2.440981963,Telford Central,7
TGM,50.54804676,-3.494686366,Teignmouth,7
TGS,51.5215412,-3.19654418,Ty Glas,7
THA,51.39383879,-1.243189177,Thatcham,10
THB,55.81086816,-4.311688912,Thornliebank,8
THC,53.54506234,-1.308786923,Thurnscoe,5
THD,51.38900668,-0.33901409,Thames Ditton,5
THE,51.43344686,-1.074967204,Theale,9
THH,53.43659332,-2.759374859,Thatto Heath,5
THI,54.22822386,-1.372589271,Thirsk,5
THL,52.39511859,-1.596851679,Tile Hill,5
THO,50.91195034,-2.57972607,Thornford,6
THS,58.58998665,-3.527556041,Thurso,5
THT,55.76867034,-4.251155831,Thorntonhall,6
THU,53.02922431,-0.962023239,Thurgarton,5
THW,52.50538276,-1.964007294,The Hawthorns,8
TIL,51.4623607916,0.3540417321,Tilbury Town,10
TIP,52.53045253,-2.065702345,Tipton,5
TIR,51.7209057,-3.246390272,Tir-Phil,10
TIS,51.06083999,-2.079012098,Tisbury,10
TLB,52.77264337,-4.09660964,Talybont,6
TLC,53.22837926,-3.818280351,Tal-y-Cafn,7
TLH,51.47150508,-1.029822977,Tilehurst,6
TLK,52.35947415,-1.845769488,The Lakes (Warks),7
TLS,51.84777684,1.161641452,Thorpe-le-Soken,9
TMC,51.00113031,-2.417513122,Templecombe,9
TNA,53.65397075,-0.323493815,Thornton Abbey,10
TNF,52.61355963,-4.123713236,Tonfanau,9
TNN,53.61607518,-0.972324106,Thorne North,7
TNP,51.61975969,-3.448885591,Tonypandy,6
TNS,53.60379593,-0.954637509,Thorne South,9
TOD,53.71383521,-2.099654001,Todmorden,10
TOK,50.90088723,0.61337309,Three Oaks,5
TOL,51.37681954,-0.279679278,Tolworth,9
TOM,51.58831639,-0.059922399,Tottenham Hale,5
TON,51.19143689,0.27077344,Tonbridge,10
TOO,51.41989,-0.16099,Tooting,9
TOP,50.68604362,-3.463675278,Topsham,7
TOT,50.43584686,-3.688721847,Totnes,6
TPB,51.5375737603,0.7617431863,Thorpe Bay,7
TPC,53.12279894,0.199481891,Thorpe Culvert,5
TPN,51.64779844,-3.486204606,Ton Pentre,8
TQY,50.46116534,-3.54366854,Torquay,10
TRA,53.45496887,-2.311688825,Trafford Park,8
TRB,51.67224166,-3.536321025,Treherbert,5
TRD,51.71242473,-3.346756999,Troed-y-rhiw,8
TRE,51.5682872,-3.290260312,Trefforest Estate,6
TRF,51.59145801,-3.325130833,Trefforest,6
TRH,51.61014718,-3.380989064,Trehafod,6
TRI,51.8007459,-0.622433028,Tring,7
TRM,51.9765436,1.319555915,Trimley,8
TRN,55.54279764,-4.655290297,Troon,5
TRO,51.31982565,-2.21434677,Trowbridge,8
TRR,50.4731714,-3.546441301,Torre,5
TRS,52.25026767,0.809509861,Thurston,10
TRU,50.26382962,-5.064866947,Truro,5
TRY,51.65753073,-3.505751584,Treorchy,9
TTF,52.41914509,0.745078426,Thetford,8
TTH,51.3992396,-0.101001212,Thornton Heath,5
TTN,50.91800544,-1.482139753,Totton,10
TUH,51.43977376,-0.105075902,Tulse Hill,8
TUL,56.88425855,-4.701316764,Tulloch,6
TUR,51.6726369884,-0.0472089578,Turkey Street,6
TUT,52.86437892,-1.682087757,Tutbury & Hatton,9
TVP,50.9175286,-3.359957026,Tiverton Parkway,9
TWB,55.604801,-2.7598488,Tweedbank,10
TWI,51.45037655,-0.329159686,Twickenham,5
TWN,53.54282147,-2.904490485,Town Green,8
TWY,51.47553018,-0.863294993,Twyford,8
TYC,53.22257541,-4.474753946,Ty Croes,10
TYG,52.89380186,-4.078666757,Tygwyn,6
TYL,56.43332737,-4.714805349,Tyndrum Lower,8
TYS,52.4541245,-1.839111203,Tyseley,9
TYW,52.58559297,-4.09357376,Tywyn,8
UCK,50.96867258,0.096456894,Uckfield,7
UDD,55.82352079,-4.08668628,Uddingston,8
UHA,55.91903662,-3.502106809,Uphall,8
UHL,51.563630354,-0.1290758459,Upper Holloway,5
ULC,53.61905841,-0.302046812,Ulceby,10
ULL,53.85362212,-1.213971008,Ulleskelf,8
ULV,54.19159088,-3.097920025,Ulverston,8
UMB,50.99674639,-3.98292199,Umberleigh,9
UNI,52.45125019,-1.936681677,University (Birmingham),7
UPH,51.41306951,-0.43089616,Upper Halliford,9
UPL,53.52839306,-2.741404202,Upholland,6
UPM,51.5593632504,0.2519216008,Upminster,6
UPT,53.38617781,-3.084755805,Upton (Merseyside),7
UPW,50.64825691,-2.466146876,Upwey,9
URM,53.44828978,-2.353800379,Urmston,6
UTT,52.89708125,-1.857261595,Uttoxeter,9
UTY,56.43464844,-4.703705412,Upper Tyndrum,5
UWL,51.30851045,-0.077947217,Upper Warlingham,5
VAL,53.28130417,-4.563392247,Valley,10
VIC,51.49526139,-0.144540593,London Victoria,7
VIR,51.40195798,-0.562220659,Virginia Water,7
VXH,51.48619345,-0.122870783,Vauxhall,5
WAC,53.39188323,-2.592413143,Warrington Central,5
WAD,51.07346089,0.313187922,Wadhurst,7
WAE,51.50408038,-0.108893287,London Waterloo East,7
WAF,55.9402781,-3.014939754,Wallyford,9
WAL,51.37293218,-0.414625196,Walton-on-Thames,6
WAM,51.20332393,1.382891124,Walmer,5
WAN,51.24452137,-0.667585828,Wanborough,5
WAO,53.45622746,-2.965753228,Walton (Merseyside),10
WAR,51.80796409,-0.028772714,Ware (Herts),9
WAS,51.85636,-0.11972,Watton-at-Stone,8
WAT,51.503507,-0.113897,London Waterloo,9
WAV,53.40595252,-2.923547158,Wavertree Technology Park,8
WAW,53.393611,-2.638611,Warrington West,10
WBC,52.26245,0.197386,Waterbeach,9
WBD,53.69914493,-1.158278466,Whitley Bridge,5
WBL,50.8534334,-0.967150888,Warblington,7
WBO,51.40956,-0.21403,Wimbledon Chase,6
WBP,51.4873327686,-0.1954357105,West Brompton,8
WBQ,53.38553871,-2.602849785,Warrington Bank Quay,9
WBR,53.33024999,-1.984639006,Whaley Bridge,9
WBY,51.33922612,-0.505478144,West Byfleet,10
WCB,51.48448685,0.017767227,Westcombe Park,7
WCF,51.5373370324,0.691479135,Westcliff,9
WCH,51.23741109,-1.338181206,Whitchurch (Hampshire),7
WCK,58.44168704,-3.097981057,Wick,8
WCL,55.85379587,-3.567006408,West Calder,8
WCM,52.15112006,1.39868855,Wickham Market,7
WCP,51.3812537,-0.245167023,Worcester Park,8
WCR,55.79031473,-4.310151868,Whitecraigs,8
WCX,51.55469663,-0.285958395,Wembley Stadium,6
WCY,51.3784284699,-0.102581278,West Croydon,8
WDB,52.09046452,1.317791422,Woodbridge,6
WDD,55.24139256,-1.616238916,Widdrington,9
WDE,52.34436859,-1.844500907,Wood End,9
WDH,53.36375861,-1.35755924,Woodhouse,7
WDL,55.9311949,-4.655388489,Woodhall,7
WDM,54.37960543,-2.903389364,Windermere,6
WDN,53.69621394,-2.104458959,Walsden,7
WDO,51.36739826,-0.117332121,Waddon,9
WDS,53.75680457,-1.442885379,Woodlesford,10
WDT,51.51006005,-0.472225232,West Drayton,9
WDU,51.44062348,-0.090938887,West Dulwich,9
WEA,51.51364043,-0.319783629,West Ealing,6
WED,52.95106237,-2.17082355,Wedgwood,8
WEE,51.85311063,1.115494594,Weeley,9
WEH,51.5285764835,0.0058754718,West Ham,5
WEL,52.30379284,-0.676643216,Wellingborough,8
WEM,52.85632741,-2.718760914,Wem,5
WES,55.90479398,-4.334874626,Westerton,7
WET,53.92319129,-1.581209427,Weeton,7
WEY,50.61601612,-2.454887722,Weymouth,10
WFF,55.85368534,-4.018641637,Whifflet,9
WFH,51.6526551364,-0.3917136888,Watford High Street,6
WFI,52.08087836,1.166130957,Westerfield,8
WFJ,51.66352959,-0.396519634,Watford Junction,10
WFL,53.10514887,0.234736319,Wainfleet,10
WFN,51.67570486,-0.389928129,Watford North,6
WGA,51.38145254,1.338378497,Westgate-on-Sea,6
WGC,51.80105,-0.20407,Welwyn Garden City,9
WGN,53.54345134,-2.633130699,Wigan North Western,10
WGR,51.5487621436,0.04513119,Woodgrange Park,10
WGT,54.82933971,-3.164351154,Wigton,5
WGV,51.49815593,-0.876519321,Wargrave,6
WGW,53.54483534,-2.633181536,Wigan Wallgate,9
WHA,51.09487937,1.037707764,Westenhanger,10
WHC,51.5829711924,-0.0198773082,Walthamstow Central,8
WHD,51.5474733358,-0.1911817701,West Hampstead,10
WHE,53.82425416,-2.412258277,Whalley (Lancs),8
WHG,53.55597056,-2.52391934,Westhoughton,9
WHI,51.35758066,1.033302028,Whitstable,5
WHL,51.6050441162,-0.0709070371,White Hart Lane,6
WHM,50.76801832,-3.354340682,Whimple,7
WHN,53.41387942,-2.796433416,Whiston,9
WHP,51.54862,-0.19243,West Hampstead Thameslink,9
WHR,51.567950568,0.3406471967,West Horndon,5
WHS,51.3035526,-0.076691014,Whyteleafe South,9
WHT,51.52064748,-3.22217731,Whitchurch (Cardiff),9
WHY,51.30995682,-0.081143929,Whyteleafe,5
WIC,51.61502928,0.519193939,Wickford,5
WID,53.37851496,-2.733536824,Widnes,10
WIH,51.63395,-0.10089,Winchmore Hill,9
WIJ,51.5320332397,-0.2432670615,Willesden Junction,8
WIL,52.85366357,-1.563360192,Willington,10
WIM,51.42158552,-0.206498827,Wimbledon,5
WIN,51.06720512,-1.319703002,Winchester,9
WIV,51.85654276,0.956146009,Wivenhoe,10
WKB,55.69614641,-4.851740821,West Kilbride,9
WKD,53.51978762,-2.396325573,Walkden,8
WKF,53.68174679,-1.505407662,Wakefield Westgate,8
WKG,54.6450979,-3.55849952,Workington,9
WKI,53.37319127,-3.183769494,West Kirby,5
WKK,53.67898718,-1.488256596,Wakefield Kirkgate,10
WKM,51.41122172,-0.842545198,Wokingham,7
WLC,51.68507019,-0.026550053,Waltham Cross,10
WLD,50.85314724,0.539940339,West St Leonards,9
WLE,52.54995569,-0.118225461,Whittlesea,9
WLF,52.10360009,0.165618606,Whittlesford Parkway,8
WLG,53.42801467,-3.069716325,Wallasey Grove Road,5
WLI,51.46484348,0.101846038,Welling,8
WLM,55.79410512,-4.290114846,Williamwood,9
WLN,52.70132167,-2.517163693,Wellington (Shropshire),6
WLO,53.47496593,-3.025543946,Waterloo (Merseyside),8
WLP,52.65751111,-3.139872828,Welshpool,9
WLS,50.89891313,-1.377063456,Woolston,6
WLT,51.3603868,-0.150830146,Wallington,5
WLV,53.422896,-3.069136355,Wallasey Village,9
WLW,51.8235,-0.19209,Welwyn North,7
WLY,53.42927163,-2.09326801,Woodley,10
WMA,51.29201798,0.418657268,West Malling,7
WMB,51.5523310827,-0.2964185637,Wembley Central,7
WMC,52.22248701,-1.755935181,Wilmcote,5
WMD,52.56486065,1.117662312,Wymondham,7
WME,51.3190192,-0.154259672,Woodmansterne,8
WMG,51.73635,-0.21069,Welham Green,10
WMI,51.52087413,-3.579653502,Wildmill,7
WML,53.32686324,-2.226327912,Wilmslow,7
WMN,51.2067679,-2.176745956,Warminster,7
WMR,52.3959503,-1.774378811,Widney Manor,9
WMS,55.87613182,-4.889074359,Wemyss Bay,6
WMW,51.5815091919,-0.023838128,Walthamstow Queens Road,5
WNC,51.48327262,-0.610374922,Windsor & Eton Central,7
WND,51.76176123,-0.747369763,Wendover,10
WNE,52.61085797,-1.67949642,Wilnecote (Staffs),8
WNF,51.28494989,-0.906981902,Winchfield,10
WNG,51.48819741,-3.229663483,Waun-Gron Park,7
WNH,51.09289508,-0.329453706,Warnham,7
WNL,55.93836064,-4.746684343,Whinhill,10
WNM,51.34877468,-2.943343959,Weston Milton,10
WNN,54.12354041,-2.586901999,Wennington,9
WNP,51.5516982552,0.0262219773,Wanstead Park,7
WNR,51.48565491,-0.606528915,Windsor & Eton Riverside,5
WNS,51.43027741,-0.87686164,Winnersh,10
WNT,51.46105105,-0.188123102,Wandsworth Town,6
WNW,51.43180353,-0.103808815,West Norwood,7
WNY,51.8389241,0.595875952,White Notley,9
WOB,52.01816252,-0.654077198,Woburn Sands,7
WOF,52.19492976,-2.221749159,Worcester Foregate Street,5
WOH,51.29015597,-0.051864564,Woldingham,6
WOK,51.31846927,-0.556954188,Woking,6
WOL,52.06589044,-0.804264138,Wolverton,7
WOM,53.51759057,-1.416316768,Wombwell,8
WON,51.84620069,1.267920697,Walton-on-the-Naze,6
WOO,50.68162341,-2.221475875,Wool,7
WOP,52.155817,-2.161471,Worcestershire Parkway,7
WOR,51.35803344,-2.909638886,Worle,10
WOS,52.19473652,-2.209415022,Worcester Shrub Hill,5
WPE,51.503718,-0.05632,Wapping,5
WPL,51.2890166,-0.582573597,Worplesdon,10
WRB,51.93945868,1.171915943,Wrabness,6
WRE,53.0197184,-2.59624734,Wrenbury,6
WRH,50.8184932,-0.376163686,Worthing,7
WRK,53.31166202,-1.122542594,Worksop,8
WRL,54.88383913,-2.831705373,Wetheral,6
WRM,50.69287417,-2.11525952,Wareham (Dorset),8
WRN,52.9355503,1.245465306,West Runton,5
WRP,52.28611497,-1.612062229,Warwick Parkway,10
WRS,53.77277727,-0.92420758,Wressle,5
WRT,52.77731601,1.404230785,Worstead,8
WRU,51.5697562213,-0.4377576334,West Ruislip,9
WRW,52.28655133,-1.581858014,Warwick,10
WRX,53.05025036,-3.002453051,Wrexham General,7
WRY,51.45771219,-0.541915109,Wraysbury,9
WSA,53.36914314,-2.906969437,West Allerton,7
WSB,51.26697915,-2.199193897,Westbury,6
WSE,50.93376133,0.702271814,Winchelsea,10
WSF,53.1905328,-2.494593885,Winsford,9
WSH,55.77203337,-3.926425243,Wishaw,9
WSL,52.58441036,-1.984753459,Walsall,6
WSM,51.34431671,-2.971681531,Weston-super-Mare,5
WSR,53.3860782,-2.141286478,Woodsmoor,7
WST,51.5867141926,-0.00195833,Wood Street,8
WSU,51.36616,-0.20466,West Sutton,7
WSW,51.4461876,-0.163383008,Wandsworth Common,8
WTA,55.91431124,-3.284336393,Wester Hailes,10
WTB,54.48461942,-0.615396354,Whitby,9
WTC,52.96807676,-2.67147586,Whitchurch (Shropshire),10
WTE,52.3918469,-1.851534743,Whitlocks End,8
WTG,52.67319,0.383327,Watlington,8
WTH,54.55303162,-3.586933718,Whitehaven,6
WTI,51.4367367,-0.89133506,Winnersh Triangle,6
WTL,51.81803502,-4.614424451,Whitland,5
WTM,51.80597989,0.639143614,Witham,6
WTN,51.44961063,-0.357683876,Whitton (London),10
WTO,52.51859467,-1.743097188,Water Orton,10
WTR,51.24973116,0.422470344,Wateringbury,7
WTS,53.08311502,-1.504309244,Whatstandwell,6
WTT,52.51225381,-1.883989025,Witton (West Midlands),5
WTY,51.13315687,-0.645781144,Witley,9
WVF,50.96378293,-0.120837577,Wivelsfield,8
WVH,52.58785715,-2.119516893,Wolverhampton,8
WWA,51.48987374,0.069864616,Woolwich Arsenal,6
WWC,51.491578,0.071819,Woolwich (Elizabeth line),7
WWD,51.49113057,0.05465135,Woolwich Dockyard,6
WWI,51.38130201,-0.014425183,West Wickham,9
WWL,53.28038058,-1.199376401,Whitwell (Derbyshire),8
WWO,50.81834832,-0.392977891,West Worthing,5
WWR,51.4698826105,-0.137665635,Wandsworth Road,6
WWW,52.26587738,-1.784564415,Wootton Wawen,10
WXC,53.04620654,-2.999062482,Wrexham Central,8
WYB,51.361772,-0.457715753,Weybridge,7
WYE,51.18501369,0.929321854,Wye,5
WYL,52.54644367,-1.831842869,Wylde Green,6
WYM,54.97497108,-1.814055621,Wylam,5
WYT,52.38017701,-1.866265184,Wythall,8
YAE,51.54060333,-2.432524509,Yate,5
YAL,51.22647911,0.412167502,Yalding,8
YAT,51.39101195,-2.82779361,Yatton,7
YEO,50.7768865,-3.726083161,Yeoford,6
YET,50.89615639,-2.572988939,Yetminster,10
YNW,51.66496961,-3.521614997,Ynyswen,10
YOK,55.89273102,-4.387412084,Yoker,8
YRD,52.42150955,-1.854376134,Yardley Wood,10
YRK,53.95797924,-1.093176915,York,8
YRM,54.49377475,-1.353090201,Yarm,8
YRT,52.80896814,-2.736464904,Yorton,5
YSM,51.64093139,-3.241305784,Ystrad Mynach,10
YSR,51.64363752,-3.466701338,Ystrad Rhondda,7
YVJ,50.92472896,-2.613179136,Yeovil Junction,8
YVP,50.94451153,-2.613439339,Yeovil Pen Mill,5
ZCW,51.498231,-0.050791,Canada Water,9
ZFD,51.52053,-0.10504,Farringdon,6
ZLW,51.519467,-0.059757122,Whitechapel,6
